Nom,Link,Pagina,Imatge,Dificultat,Temps,Dieta,Ingredients,Preparacio,Tags
Amanida de préssec,https://www.3cat.cat/tv3/cuines/recepta/amanida-de-pressec/44796/,1,https://img.3cat.cat/multimedia/jpg/7/0/1728472462507_326.jpg,Baixa,,,"['1 ració1 préssec de vinya4 cirerols1/2 ceba tendra1 bitxo frescVinagre de pomaCoriandre frescOli OVEPebre negreSal', '1 ració', '', '1 préssec de vinya', '4 cirerols', '1/2 ceba tendra', '1 bitxo fresc', 'Vinagre de poma', 'Coriandre fresc', 'Oli OVE', 'Pebre negre', 'Sal']","['Posem una paella a escalfar.\xa0\xa0', 'Pelem i tallem a daus un préssec de vinya.\xa0\xa0', 'Portem el préssec tallat a la paella.\xa0\xa0', 'I el marquem per totes les cares.\xa0\xa0', ""Hi posem una mica d'oli i sal.\xa0"", 'Apaguem el foc i deixem que el préssec perdi temperatura.\xa0', 'Tallem a macedònia una ceba tendra, el bulb i la cua.\xa0', 'Tallem per la meitat 4 cirerols.\xa0', 'Els reservem.\xa0\xa0', 'Tallem un bitxo fresc i li traiem membrana i llavors.\xa0', 'Posem al bol on ja hi ha la ceba, el tomàquet i el bitxo, els préssecs marcats. Hi posem unes fulles de coriandre picades.\xa0', 'Amanim amb pebre negre, sal i un raig vinagre de poma. Ho barregem bé.\xa0\xa0']","['Tomàquets', 'All', 'Préssec', 'Coriandre', 'Pebre negre', 'Ceba']"
Crema de moniato i carbassa,https://www.3cat.cat/tv3/cuines/recepta/crema-de-moniato-i-carbassa/44696/,1,https://img.3cat.cat/multimedia/jpg/7/5/1728461317057_326.jpg,Baixa,Més d'una hora,,"['Mitja carbassa cacauet (800 g)1 moniato90 g pernil ibèric750 ml brou de verduresSidraFarigola frescaRomaní frescCúrcumaGingebreMentaJulivertOli OVEPebre negreSal', 'Mitja carbassa cacauet (800 g)', '1 moniato', '90 g pernil ibèric', '750 ml brou de verdures', 'Sidra', 'Farigola fresca', 'Romaní fresc', 'Cúrcuma', 'Gingebre', 'Menta', 'Julivert', 'Oli OVE', 'Pebre negre', 'Sal']","['1. Rentem el moniato i la carbassa.\xa0\xa0', '2. Tallem la carbassa per la meitat.\xa0', '3. Salpebrem la carbassa.\xa0', ""4. Posem el moniato i la carbassa a la safata del forn. És important que poseu la part tallada de la carbassa a la base de la safata, perquè no s'assequi en excés ni hi hagi cap part cremada.\xa0"", ""5. Hi afegim romaní fresc, farigola, un raig generós de sidra i un altre d'oli d'oliva.\xa0"", '6. Ho fiquem al forn, uns 40-45 minuts, a 180º.\xa0', '7. Posem a escalfar el brou de verdures.\xa0', '8. Deshidratem el pernil ibèric. Estenem els trossos en una làmina de silicona i el fiquem al forn uns 20 minuts, a 150º.\xa0', '9. Pelem la carbassa i el moniato i hi afegim el gingebre ratllat.\xa0', ""10.\xa0 Afegim una cullerada de cúrcuma a l'olla.\xa0"", ""11. Afegim tots els ingredients a l'olla: moniato, carbassa, gingebre, i ho coem 5 minuts a foc mitjà.\xa0"", ""12. Triturem el contingut de l'olla i colem la crema.\xa0"", ""13. Rectifiquem de sal, si s'escau.\xa0"", '14.\xa0Piquem la menta i el julivert.\xa0', ""15. Finalment, servim la crema en un plat, hi posem el pernil cruixent, la menta, el julivert i un raig d'oli.\xa0""]","['Carbassa', 'Porc', 'Farigola', 'Pebre negre', 'Cúrcuma', 'Gingebre', 'Romaní']"
Pa amb vi i sucre especiat,https://www.3cat.cat/tv3/cuines/recepta/pa-amb-vi-i-sucre-especiat/43957/,1,https://img.3cat.cat/multimedia/jpg/7/1/1720015814617_326.jpg,Baixa,Menys de 10 minuts,Vegana,"['1 got de vi negre1 canonet de canyella1 anís estrellatSucre panelaPa', '1 got de vi negre', '1 canonet de canyella', '1 anís estrellat', 'Sucre panela', 'Pa']","[""Posem a bullir el vi amb la canyella i l'anís."", ""Quan ha perdut la fortor d'alcohol, mullem bé les llesques de pa. És una recepta d'aprofitament que se sol fer amb pa sec."", 'Escampem, per damunt del pa, sucre panela al gust.']","['Farina de blat', 'Canyella', 'Sucre panela']"
Nap amb vinagreta de magrana,https://www.3cat.cat/tv3/cuines/recepta/nap-amb-vinagreta-de-magrana/45177/,1,https://img.3cat.cat/multimedia/jpg/1/7/1729584393571_326.jpg,Baixa,Menys de 30 minuts,Vegana,"['INGREDIENTS PER A 1 PERSONA:1 nap blanc1 magranaVinagre pomaSucreMostassa antigaFarigola frescaOli OVESalPebre negreBarreja fruita secaCoriandre', 'INGREDIENTS PER A 1 PERSONA:', '1 nap blanc', '1 magrana', 'Vinagre poma', 'Sucre', 'Mostassa antiga', 'Farigola fresca', 'Oli OVE', 'Sal', 'Pebre negre', 'Barreja fruita seca', 'Coriandre']","[""Posem un nap pelat a dins d'un drap humit amb una mica de farigola fresca i l'emboliquem.\xa0"", ""El posem a dins d'un recipient de vidre, el tanquem i el posem a dins del microones. 5 minuts a 800W.\xa0"", ""Tallem pel mig una magrana. Una meitat la desgranem en un bol. De l'altra meitat en fem suc que reservem en un pot.\xa0"", ""Al pot amb el suc hi afegim 2 cullerades de vinagre de poma, 1 culleradeta de sucre, mitja de mostassa antiga i oli d'oliva.\xa0"", 'També hi afegim un grapat de fruites seques barrejades que primer maltallem. Tapem el pot amb una tapa i ho sacsegem bé per emulsionar.\xa0', 'Desemboliquem el nap i el tallem a rodelles.\xa0', ""L'emplatarem amb una mica de sal i pebre. També hi posarem per sobre la vinagreta de magrana, els grans de magrana que hem reservat i una mica de coriandre tallat.\xa0""]","['Naps', 'Fruita seca', 'Farigola', 'Coriandre']"
Lioneses de moniato amb castanya,https://www.3cat.cat/tv3/cuines/recepta/lioneses-de-moniato-amb-castanya/45336/,1,https://img.3cat.cat/multimedia/jpg/8/6/1730122216568_326.jpg,Mitjana,,,"['PER A LA PASTA CHOUX:', 'PER A LA PASTA CHOUX:', '250 ml llet', '15 g mantega', '200 g farina', '5 ous sencers', '5 g salPER A LA CREMA DE MONIATO:', 'PER A LA CREMA DE MONIATO:', '300 ml nata', '2 unitats moniato', '1 beina vainilla', 'salPER AL CRAKELIN:', 'PER AL CRAKELIN:', '180 g farina', '180 g sucre morè', '150 g mantega']","[""Posem a coure els moniatos al forn a 170 graus entre 30-50 minuts, depenent de la mida del moniato, en una safata amb una mica d'aigua tapada amb paper d'alumini."", 'Un cop cuits els moniatos, preparem la crema amb la nata, la beina de vainilla i la sal, i la triturem amb els moniatos cuits.', 'Després preparem la pasta choux, la massa de la lionesa, posant en un cassó la llet, la mantega i la sal a bullir. Sense sucre.', 'Quan bull, la retirem del foc i hi afegim de cop la farina, formant una massa en forma de bola. La passem a la màquina, deixem que perdi temperatura i afegim els ous un per un.', ""Per fer el crackelin, la massa cruixent de la lionesa, barregem tots els ingredients i un cop feta la massa l'estirem entre dos papers de forn, la tallem i cobrim les lioneses que tenim preparades per coure."", 'Les posem al forn a 175 graus durant uns 20-30 minuts, depenent de la mida.', 'Quan traiem les lioneses del forn, un cop fredes, les foradem i les omplim amb una màniga pastissera amb la crema de moniato, també freda.', 'Reservem a la nevera.', 'Abans de servir les lioneses, les muntem amb un cremós de xocolata blanca i acompanyem amb castanyes confitades i alguna decoració de Halloween.']","['Ous', 'Altres tubercles', 'Mantega', 'Llet', 'Sucre']"
Carpaccio de peus de porc amb rostes,https://www.3cat.cat/tv3/cuines/recepta/carpaccio-de-peus-de-porc-amb-rostes/44936/,1,https://img.3cat.cat/multimedia/jpg/5/4/1728904882545_326.jpg,Baixa,,Sense gluten,"[""4 peus de porc sencers70 cl de vi ranci2 bulbs de fonoll1 xirivia1 gra d'all escalivat2 tomàquets pera20 g de pinyons torratsMostassa Dijon1 bitxo de caienaSichimi togarashiPebre verdFarigola llimoneraLlorerRostesOli OVEPebre negreSal"", '4 peus de porc sencers', '70 cl de vi ranci', '2 bulbs de fonoll', '1 xirivia', ""1 gra d'all escalivat"", '2 tomàquets pera', '20 g de pinyons torrats', 'Mostassa Dijon', '1 bitxo de caiena', 'Sichimi togarashi', 'Pebre verd', 'Farigola llimonera', 'Llorer', 'Rostes', 'Oli OVE', 'Pebre negre', 'Sal']","[""Fem un bany de sal de dues hores a quatre peus de porc: els submergim en una solució d'aigua amb sal del 10%. \xa0"", 'Passat aquest temps, els traiem de la salmorra i els eixuguem. \xa0', ""Posem els peus blanquejats a l'olla de pressió i hi afegim dos bulbs de fonoll nets i tallats per la meitat, una xirivia, una fulla de llorer, una branca de farigola llimonera, uns quants grans de pebre verd en salmorra i 70 cl de vi ranci."", 'Ho cobrim tot amb aigua mineral.', ""Tapem l'olla i, quan xiuli, abaixem el foc al mínim i ho deixem coure 50 minuts. Després d'aquest temps, apartem l'olla del foc i deixem que reposi dues hores sense obrir-la. \xa0"", 'Desossem els peus de porc mentre encara estiguin calents, però ja no cremin.', 'Colem el líquid de la cocció i el posem en una altra olla perquè bulli. El deixem reduir a 1/3 del que tenim.', ""Posem els peus de porc desossats a sobre d'un full de film. Ho tapem i ho enrotllem fent un rul·lo ben pres. \xa0"", ""Posem els peus embolicats a dins d'un recipient amb tapa i el fiquem a la nevera, dues hores com a mínim."", 'Posem una olla a escalfar amb aigua.', ""Posem una paella a escalfar amb un raig d'oli OVE."", ""Posem un gra d'all escalivat a la paella, un bitxo de caiena, una mica de Sichimi togarashi --espècies japoneses-- i unes quantes boletes de pebre negre. Amb tot això, fem un refregit. Quan estigui ben integrat --al cap d'uns minuts--, apaguem el foc."", ""Bufem amb un bufador dos tomàquets pera per treure'n la pela."", 'Els pelem i triturem, i els posem en un bol.', 'Colem directament el refregit a sobre del bol dels tomàquets.', 'Recuperem el brou reduït a 1/3.', 'Afegim una culleradeta de mostassa de Dijon al brou.', 'Ho integrem. \xa0', 'Recuperem els peus de la nevera. \xa0', 'Els desemboliquem i els tallem ben fins.', ""Per fer-ho, passem un ganivet esmolat per l'aigua bullent que tenim escalfant-se a l'olla i després l'eixuguem. Amb la fulla calenta, els podrem tallar més bé. \xa0"", 'Posem el plat de la presentació al forn per escalfar-lo una mica. \xa0', 'Emplatem --amb el plat calent-- les rodelles de carpaccio i hi posem unes quantes rostes, la salsa picant, la salsa reduïda, uns quants pinyons torrats i una mica de farigola llimonera.']","['Tomàquets', 'All', 'Xirivia', 'Fonoll', 'Porc', 'Farigola', 'Llorer', 'Bitxo', 'Pebre blanc']"
Granola salada,https://www.3cat.cat/tv3/cuines/recepta/granola-salada/44776/,1,https://img.3cat.cat/multimedia/jpg/6/0/1728470668406_326.jpg,Baixa,Menys de 30 minuts,Per a esportistes,"[""1 ració160 g de barreja de llavors40 g d'olives verdes sense pinyol1 ou1 iogurt grec1 cogombreCúrcuma en polsMenta frescaOli OVE"", '1 ració', '', '160 g de barreja de llavors', ""40 g d'olives verdes sense pinyol"", '1 ou', '1 iogurt grec', '1 cogombre', 'Cúrcuma en pols', 'Menta fresca', 'Oli OVE']","[""Tallem a rodelles 40 g d'olives verdes sense pinyol i les guardem en un bol.\xa0"", ""Separem un rovell d'ou de la clara.\xa0\xa0"", 'Posem la clara al bol de les olives i guardem el rovell per a alguna altra preparació.\xa0\xa0', ""Al bol de la clara afegim 160 g de barreja de llavors, una culleradeta de cúrcuma en pols i una culleradeta d'oli OVE.\xa0"", ""Aboquem la barreja a la safata de la fregidora d'aire, protegida amb el paper apte per a fregidora d'aire.\xa0"", 'Ho coem a 180 graus; al cap de cinc minuts ho remenem i ho coem cinc minuts més.\xa0', 'Aboquem la granola a un bol i deixem que baixi de temperatura.\xa0', 'Tallem ben fi un cogombre net i sense pelar.\xa0', 'Posem un iogurt grec en un bol i hi anem posant la granola. Ho servim amb unes\xa0làmines de cogombre en un costat i una mica de menta fresca.\xa0']","['Ous', 'Herbes, espècies, llavors i condiments', 'Cogombre', 'Iogurt', 'Cúrcuma']"
Mongetes d'esgranar amb cloïsses,https://www.3cat.cat/tv3/cuines/recepta/mongetes-desgranar-amb-cloisses/44019/,1,https://img.3cat.cat/multimedia/jpg/4/5/1720684252354_326.jpg,Baixa,Menys de 30 minuts,,"[""150 g de mongetes d'esgranar cuites100 g de cloïsses1 ceba tendra1 gra d'all1 bitxo secPasta de nyoraJulivertCavaOliPebre NegreSal"", ""150 g de mongetes d'esgranar cuites"", '100 g de cloïsses', '1 ceba tendra', ""1 gra d'all"", '1 bitxo sec', 'Pasta de nyora', 'Julivert', 'Cava', 'Oli', 'Pebre Negre', 'Sal']","[""Comencem escalfant una paella amb un bon raig d'oli."", 'Mentre escalfem la paella, tallem la part verda de la ceba tendra i la reservem al plat.\xa0La part blanca la tallem a la brunesa.', 'Quan la paella estigui calenta, afegim la ceba tallada a la brunesa i també un bitxo sec al qual traurem les llavors. Ho tapem i deixem que sofregeixi a foc mitjà durant deu minuts.', ""Passats els deu minuts, destapem la paella i hi ratllem un gra d'all. Hi afegim 1 cullerada de pasta de nyora i ho integrem."", ""Ara aixequem els sucres i hi aboquem un raig de cava, fins a evaporar l'alcohol."", ""Aboquem a la paella 150 g de mongetes d'esgranar cuites."", 'Mentre va agafant temperatura, agafem julivert i el piquem. Un cop picat, el reservem.', ""Afegim a la paella 100 g de cloïsses i, mentre s'obren, tallem a rodelles la part de la ceba reservada i la guardem en un platet."", ""Un cop les cloïsses s'hagin obert, ho remenem suaument i afegim a la paella el julivert picat i les rodelles de ceba. Ho integrem i apaguem el foc."", 'Finalment, emplatem en un plat fondo les mongetes, les cloïsses i el suc.']","['All', 'Mongetes', 'Cloïsses', 'Julivert', 'Pebre negre', 'Bitxo', 'Ceba', 'Oli', 'Nyores']"
Verat amb ajoblanco de poma,https://www.3cat.cat/tv3/cuines/recepta/verat-amb-ajoblanco-de-poma/44516/,1,https://img.3cat.cat/multimedia/jpg/3/3/1728462331633_326.jpg,Baixa,Més d'una hora,,"[""4 verats250 g sal fina250 g sal grossa500 g sucre100 g ametlla natural1 llimona1 llesca pa4 grans d'all1 poma granny smith12 làmines pernil d'enceball ibèricVinagre xerèsOli OVESalPebreFarigola llimonera"", '4 verats', '250 g sal fina', '250 g sal grossa', '500 g sucre', '100 g ametlla natural', '1 llimona', '1 llesca pa', ""4 grans d'all"", '1 poma granny smith', ""12 làmines pernil d'enceball ibèric"", 'Vinagre xerès', 'Oli OVE', 'Sal', 'Pebre', 'Farigola llimonera']","[""1. Preparem la barreja del curat. En un bol posem el sucre, la sal grossa, la sal fina i la pela ratllada d'una llimona. Ho barregem tot."", '2. Traiem la fàscia del verat filetejat i el col·loquem en un recipient.', '3. Cobrim el peix amb la barreja del curat. És important que tot el verat quedi ben cobert.', '4. El deixem a la nevera 30 minuts.', ""5. Passat aquest temps, netejarem el peix amb aigua, l'eixugarem i el congelarem 72 hores protegit amb paper sulfurat. D'aquesta manera ens desfem dels possibles paràsits que pugui tenir el peix."", '6. El dia del cuinat, hauríem de preveure descongelar el peix a la nevera durant la nit abans.', ""7. Per preparar l'ajoblanco de poma, posem en remull les ametlles en 150 ml aigua, durant 12 hores."", '8. En un plat posem una llesca de pa i hi tirem un raig de vinagre de xerès. Ho deixem amarant.', ""9. Pelem quatre grans d'all i en traiem els germinats. D'aquesta manera evitarem que el gust de l'all ens torni."", ""10. Procedim a escaldar els alls. En un cassó hi posem els alls i els cobrim d'aigua. Quan l'aigua comenci a bullir, els deixem uns 10 segons i els retirem. Aquesta aigua la descartem i tornem a fer la mateixa operació un total de 3 vegades."", ""11. En un got batedor, hi posem els alls escaldats, la llesca amarada amb vinagre, l'ametlla remullada amb l'aigua, i sal."", ""12. Pelem i tallem la poma i l'afegim al got batedor."", '13. Hi posem oli i ho turbinem.', '14. En una plata, hi posem unes làmines de pernil ibèric perquè respiri.', '15. Agafem el verat descongelat de la nevera i el tallem a trossos.', ""16. Per emplatar, posem l'ajoblanco de poma, el filet de verat, 2 làmines de pernil ibèric, un raig d'oli i farigola llimonera.""]","['All', 'Pomes', 'Verat', ""Oli d'oliva verge extra"", 'Ametlles']"
Galta amb bolets,https://www.3cat.cat/tv3/cuines/recepta/galta-amb-bolets/45176/,1,https://img.3cat.cat/multimedia/jpg/3/4/1729583880943_326.jpg,Mitjana,Més d'una hora,,"[""INGREDIENTS PER A 4 PERSONES:300 g de rossinyols100 g de xampinyons100 g de pinyons torrats20 g de xocolata1 l de brou de porc4 galtes de porc2 pastanagues2 porros1 cabeça d'allsLlorerPebreVi ranciVi negre joveBrins de safràConyacSalOliJulivert"", 'INGREDIENTS PER A 4 PERSONES:', '300 g de rossinyols', '100 g de xampinyons', '100 g de pinyons torrats', '20 g de xocolata', '1 l de brou de porc', '4 galtes de porc', '2 pastanagues', '2 porros', ""1 cabeça d'alls"", 'Llorer', 'Pebre', 'Vi ranci', 'Vi negre jove', 'Brins de safrà', 'Conyac', 'Sal', 'Oli', 'Julivert']","[""Fem un bany de sal a 4 galtes de porc. Les tindrem amb 100 g de sal per litre d'aigua durant dues hores. Un cop passat el temps, les eixugarem amb un drap.\xa0"", ""Marquem les galtes eixutes a dins d'una olla a pressió amb oli. Les pebrem.\xa0"", ""Traiem les galtes de l'olla i allà mateix hi posem 2 porros tallats a bresa, 2 pastanagues tallades a bresa i 100 g de xampinyons també tallats amb una mica d'oli. També hi afegim 1 cabeça d'alls tallada pel mig. Els deixem suar 10 minuts. Un cop passat aquest temps, apugem el foc i enrossim els vegetals.\xa0"", ""Aboquem a l'olla un raig de vi ranci, un raig de vi negre jove i un raig de conyac. Deixem que s'evapori l'alcohol.\xa0"", ""Aboquem a l'olla a pressió 1 litre de brou de porc que ja haurem escalfat, les galtes reservades i unes fulles de llorer. Tapem i ho deixarem coure 30 minuts a foc baix. Després deixarem reposar les galtes unes sis hores.\xa0"", ""Colem el suc de l'olla i el reduïm al foc uns 20 minuts. Les galtes les tenim reservades.\xa0"", 'Fem la picada amb sal, 100 g de pinyons torrats, uns brins de safrà, julivert i pebre.\xa0', ""En una cassola al foc saltem 300 g de rossinyols amb un raig d'oli.\xa0"", 'Afegim a la cassola les galtes reservades i el suc reduït. Ho integrem.\xa0\xa0', 'Hi afegim la picada i 20 g de xocolata. Ho lliguem tot i ho courem 5 minuts més perquè espesseixi.\xa0', 'Ho emplatarem amb una mica de julivert per sobre.\xa0']","['All', 'Porro', 'Pastanagues', 'Xampinyons', 'Bolets', 'Porc', 'Xocolata']"
Patates amb mel,https://www.3cat.cat/tv3/cuines/recepta/patates-amb-mel/44956/,1,https://img.3cat.cat/multimedia/jpg/5/7/1729070578875_326.jpg,Baixa,Menys de 30 minuts,Vegetariana,"['INGREDIENTS PER A 1 PERSONA:300 g de patates1 llimaRaig de melSalPebre negreRomaní secLlorerPiri-piriOli', 'INGREDIENTS PER A 1 PERSONA:', '300 g de patates', '1 llima', 'Raig de mel', 'Sal', 'Pebre negre', 'Romaní sec', 'Llorer', 'Piri-piri', 'Oli', '']","['Preescalfem el forn a 200º.\xa0', 'Pelem 300 g de patates i les tallem en forma de mitja lluna.\xa0', ""Posem en un bol la patata tallada, juntament amb el suc d'una llima, sal, pebre, dues fulles de llorer, romaní sec, una mica de piri-piri i un raig d'oli. Ho integrem.\xa0"", 'Aboquem el contingut del bol en una safata amb paper sulfurat i la fiquem al forn 20 minuts a 200º.\xa0', 'Un cop fora del forn, hi afegim per sobre un rajolí de mel i ho integrem bé. Ho tornem a posar al forn cinc minuts més a 200º.\xa0', 'Emplatem les patates.\xa0']","['Patates', 'Llima', 'Llorer', 'Romaní', 'Mel']"
Formatge brie amb pesto rosso,https://www.3cat.cat/tv3/cuines/recepta/formatge-brie-amb-pesto-rosso/45436/,1,https://img.3cat.cat/multimedia/jpg/2/4/1730898595542_326.jpg,Baixa,,,"[""1 formatge tipus brie petit i sencer40 g de pinyons80 g d'alfàbrega2 tomàquets secs en conserva160 g de parmesàCastanyes bullidesFestucsCrostons de pa"", '1 formatge tipus brie petit i sencer', '40 g de pinyons', ""80 g d'alfàbrega"", '2 tomàquets secs en conserva', '160 g de parmesà', 'Castanyes bullides', 'Festucs', 'Crostons de pa']","['\xa0', 'Tallem amb cura la part superior i inferior del formatge.', 'En una paella ben calenta, marquem el formatge per totes dues cares.', ""En una batedora preparem el pesto rosso, ajuntant la resta d'ingredients i turbinant, ho anem\xa0lligant amb oli OVE."", 'Emplatem el formatge amb el pesto a sobre i uns crostons de pa.']","['Tomàquets', 'Formatge', 'Alfàbrega', ""Oli de d'oliva""]"
Panadons d'espinacs i panses,https://www.3cat.cat/tv3/cuines/recepta/panadons-despinacs-i-panses/45256/,1,https://img.3cat.cat/multimedia/jpg/8/2/1729769495428_326.jpg,Mitjana,Més d'una hora,Vegana,"['400 g espinacs250 g farina120 g ceba ja rossa40 g panses sultanes100 ml aigua50 ml oli OVEAllVi ranciFarina de blat durOli OVEPebreSal', '400 g espinacs', '250 g farina', '120 g ceba ja rossa', '40 g panses sultanes', '100 ml aigua', '50 ml oli OVE', 'All', 'Vi ranci', 'Farina de blat dur', 'Oli OVE', 'Pebre', 'Sal']","[""Posem en una pastadora 250 g de farina, 7 g de sal, 100 ml d'aigua i 50 ml d'oli. Pastem fins a tenir un pastó que no s'enganxi a les mans (uns 15 minuts). Després el taparem amb un drap humit i el deixarem en repòs 1 hora.\xa0"", 'Posarem en un bol 40 g de panses sultanes amb un raig de vi ranci i les deixem hidratant-se.\xa0', ""Posem 400 g d'espinacs en un bol amb sal. Els morfim fins que perdin estructura. Els escorrem i els reservem.\xa0"", ""Pelem i laminem un gra d'all i el fem ballar en una paella amb un raig d'oli.\xa0\xa0"", ""Aboquem a la paella les panses hidratades amb vi fins que s'evapori l'alcohol.\xa0"", 'Afegim a la paella 120 de ceba rossa i ho integrem.\xa0\xa0', 'Posem a la paella els espinacs amb pebre negre i ho saltem dos minuts.\xa0', 'Recuperem el pastó, untem la fusta on treballarem amb oli i dividim la massa en 4 porcions. Les estirarem amb el corró i els dits fent una forma rodona.\xa0\xa0', 'Repartim el farcit per a cada porció i tanquem cada panadó. Els anirem deixant en una safata pel forn amb paper sulfurat.\xa0', 'Espolsem els panadons amb farina de blat dur i portem la safata al forn 25 minuts a 180º.\xa0', 'Passem els panadons a una reixeta i els tornem a enfornar perquè es facin per sota, 5 minuts a 180º.\xa0', '\xa0Ja podem emplatar els panadons.\xa0']","['Espinacs', 'Farina', 'Ceba', 'Oli', 'Panses']"
Pollastre amb pinyons i tomàquet,https://www.3cat.cat/tv3/cuines/recepta/pollastre-amb-pinyons-i-tomaquet/43678/,1,https://img.3cat.cat/multimedia/jpg/7/1/1716980093917_326.jpg,Baixa,Menys de 10 minuts,,"[""INGREDIENTS PER A 1 PERSONA:1 pit de pollastre15 g de formatge tetilla10 g de pinyons torrats2 tomàquets secsFulles d'alfàbregaVermutPebre negreOli OVESal"", 'INGREDIENTS PER A 1 PERSONA:', '1 pit de pollastre', '15 g de formatge tetilla', '10 g de pinyons torrats', '2 tomàquets secs', ""Fulles d'alfàbrega"", 'Vermut', 'Pebre negre', 'Oli OVE', 'Sal']","['Posem en una paella un pit de pollastre desossat que hem salpebrat. El tapem i el marquem a foc mitjà dos minuts per cada cara.\xa0', 'Mal tallem 10 g de pinyons. Els posem en un bol.\xa0', ""Piquem fulles d'alfàbrega. Les posem a dins del mateix bol.\xa0"", 'Tallem a la brunesa dos tomàquets secs que també posem al bol.\xa0', ""Al pollastre, hi afegim un raig de vermut i n'evaporem l'alcohol. A continuació, hi posem un tall de formatge tetilla. Ho tapem de nou fins que el formatge es fongui (més o menys un minut).\xa0"", 'Tallem el pollastre en tres trossos cada un i el posem en un plat. Per sobre hi posem la picada.\xa0']","['Pollastre', 'Formatge', 'Pebre negre', 'Alfàbrega', 'Oli']"
Panellets de pinyons i de festucs amb vainilla,https://www.3cat.cat/tv3/cuines/recepta/panellets-de-pinyons-i-de-festucs-amb-vainilla/45216/,1,https://img.3cat.cat/multimedia/jpg/3/0/1729678861103_326.jpg,Baixa,Més d'una hora,Vegetariana,"['250 g ametlla marcona crua molta250 g festuc cru molt350 g sucre8 ous1 beina de vainilla1 llimonaFestuc torrat sense salPinyons', '250 g ametlla marcona crua molta', '250 g festuc cru molt', '350 g sucre', '8 ous', '1 beina de vainilla', '1 llimona', 'Festuc torrat sense sal', 'Pinyons']","['Separem clares i rovells de 5 ous. Només en farem servir els rovells, que posarem en un bol de treball. Hi afegim el sucre i ho batem amb unes varetes elèctriques, fins que no detectem el gra de sucre.\xa0', ""Repartim els rovells blanquejats\xa0en dos bols de treball. En un, hi anem afegint l'ametlla molta, tot integrant-la. En l'altre bol, fem el mateix amb el festuc cru molt.\xa0\xa0"", ""Per acabar el massapà d'ametlla, hi ratllem pela de llimona. I per acabar el de festuc, hi afegim l'interior de la beina de vainilla. Fem una bola de cada massapà, tapem cada bola amb un drap humit i ho deixem reposar 24 hores, aproximadament.\xa0"", ""Fem boletes de cada massapà reposat, les remullem amb 3 ous batuts i les deixem uns minuts perquè s'assequin una mica. Així s'hi enganxaran bé\xa0tant els festucs com els pinyons.\xa0\xa0"", 'Arrebossem cada panellet de festuc\xa0amb festuc torrat i sense sal, esbocinat.\xa0\xa0\xa0\xa0\xa0', ""Arrebossem cada panellet d'ametlla\xa0amb pinyons.\xa0"", ""Els enfornem 7' a 200ºC.\xa0""]","['Ous', 'Cítrics', 'Sucre', 'Ametlles', 'Festucs']"
Tallarines amb musclos,https://www.3cat.cat/tv3/cuines/recepta/tallarines-amb-musclos/44716/,3,https://img.3cat.cat/multimedia/jpg/5/0/1728465736605_326.jpg,Baixa,Menys d'una hora,,"[""350 g tallarines1 kg musclos roca400 g cirerols40 g pinyons1 cabeça d'alls10 ml vi blancCaienaLlorer10 ml vinagre de viOlives negresOli OVEPebre negreSal"", '350 g tallarines', '1 kg musclos roca', '400 g cirerols', '40 g pinyons', ""1 cabeça d'alls"", '10 ml vi blanc', 'Caiena', 'Llorer', '10 ml vinagre de vi', 'Olives negres', 'Oli OVE', 'Pebre negre', 'Sal']","['Netegem un quilo de musclos, els traiem les barbes.\xa0\xa0', 'Posem una cassola ampla a escalfar i hi tirem els musclos. Si no hi ha espai per a tots, ho farem en tandes.\xa0\xa0', ""Anem pescant els musclos a mesura que s'obrin.\xa0\xa0"", 'Un cop pescats tots, els traiem la closca i guardem el musclo en\xa0un bol.\xa0\xa0', ""Colem l'aigua que han deixat els musclos i en fem servir una part per cobrir els musclos pelats perquè no s'assequin. La resta de l'aigua dels musclos la farem servir per a la salsa. Tirem un raig d'oli OVE als musclos.\xa0\xa0"", ""Posem en una safata de forn 400 g de cirerols nets i una cabeça d'alls partida per la meitat.\xa0\xa0"", ""Hi posem un raig d'oli OVE i ho portem al forn 15' a 180º.\xa0\xa0"", 'Posem 10 ml de vi blanc i 10 ml de vinagre de vi i una fulla de llorer en\xa0un got batedor. Quan hagin passat els 15 minuts de forn, tirem aquesta barreja de vi i vinagre als cirerols i els deixem coent-se 5 minuts més.\xa0', 'Passat aquest temps, traiem els cirerols del forn i deixem que es refredin. Quan es puguin tocar sense que ens cremem, els pelarem.\xa0', ""Els posem, pelats, en un got batedor i posem l'aigua de la pasta a bullir.\xa0\xa0"", ""Tirem un grapat de sal a l'aigua.\xa0\xa0"", 'Posem una paella a escalfar per torrar 40 g de pinyons.\xa0\xa0', 'Si ja bull, hi tirem 350 g de tallarines.\xa0\xa0', 'Anem torrant els pinyons.\xa0\xa0', ""Posem els alls escalivats dels tomàquets al got batedor amb els tomàquets pelats. Triturem tomàquets i alls i hi afegim l'aigua dels musclos. Hi afegim una caiena.\xa0"", 'Tirem a la salsa els pinyons torrats. Ho barregem tot amb el braç batedor.\xa0', 'Coem la pasta uns minuts menys del que ens diu el paquet.\xa0\xa0', 'Posem una cassola ampla a escalfar.\xa0', 'Un cop feta la pasta, la pesquem i la posem a la cassola ampla i calenta.\xa0\xa0', ""Tirem la salsa de cirerols a les tallarines i ho integrem. Si cal, hi podem afegir l'aigua de cocció de les tallarines.\xa0\xa0"", 'Posem els musclos a la cassola.\xa0', ""Hi afegim unes fulles d'alfàbrega tallades a mà i unes olives negres.\xa0\xa0""]","['Pasta', 'Tomàquets', 'All', 'Musclos', 'Pebre negre']"
Snack de cigrons,https://www.3cat.cat/tv3/cuines/recepta/snack-de-cigrons/44637/,3,https://img.3cat.cat/multimedia/jpg/8/4/1728287594248_326.jpg,Baixa,Menys de 30 minuts,Vegana,"['INGREDIENTS PER A 1 PERSONA:150 g de cigrons cuitsFlocs de caienaComí en polsSèsam torratOli OVEPebreSal', 'INGREDIENTS PER A 1 PERSONA:', '150 g de cigrons cuits', 'Flocs de caiena', 'Comí en pols', 'Sèsam torrat', 'Oli OVE', 'Pebre', 'Sal']","['Colem 150 g de cigrons i -un cop escorreguts- els passem per paper absorbent. Després els passem a una safata.\xa0', ""Aboquem els cigrons a una paella, que tapem. Els saltem una estona amb un bon raig d'oli.\xa0"", 'Preparem un assaonat posant en un bol uns flocs de caiena, una culleradeta generosa de comí en pols, pebre negre i sal. Ho barregem bé.\xa0', 'Aboquem el contingut a sobre dels cigrons i ho barregem bé.\xa0', 'Emplatem amb una mica de sèsam torrat per sobre.\xa0']","['Cigró', 'Comí', 'Pebre negre', 'Bitxo', 'Oli']"
Carbassa rostida,https://www.3cat.cat/tv3/cuines/recepta/carbassa-rostida/44337/,3,https://img.3cat.cat/multimedia/jpg/4/8/1727080186384_326.jpg,Baixa,Menys de 30 minuts,Vegetariana,"['1 RACIÓ150 g carbassa90 g mató de cabraFarigola frescaMenta frescaOrenga frescaOli OVEPebre negreSal', '1 RACIÓ', '', '150 g carbassa', '90 g mató de cabra', 'Farigola fresca', 'Menta fresca', 'Orenga fresca', 'Oli OVE', 'Pebre negre', 'Sal']","['Pelem 150 g de carbassa i la tallem a bastons.\xa0', ""Salpebrem els bastons i els portem al recipient apte per a la fregidora d'aire.\xa0\xa0"", ""Hi afegim unes fulles de farigola fresca i un raig d'oli OVE.\xa0\xa0"", ""Coem la carbassa 10 minuts a 190 °C a la fregidora d'aire.\xa0"", 'Mentrestant, posem 90 g de mató de cabra en un bol amb un pessic de sal.\xa0', 'Ho integrem amb una forquilla i hi posem unes fulles de menta fresca picades.\xa0', ""Presentem la carbassa cuita amb el bol amb mató i menta al costat. Afegim unes fulles d'orenga fresca al mató.\xa0""]","['Carbassa', 'Formatge', 'Farigola', 'Orenga']"
Moniato farcit,https://www.3cat.cat/tv3/cuines/recepta/moniato-farcit/44336/,3,https://img.3cat.cat/multimedia/jpg/6/5/1727079725056_326.jpg,Baixa,Menys de 30 minuts,,"[""1 ració:1 moniato1 iogurt grec1 cogombre4 lloms d'anxovesOli OVEPebre negreSal"", '1 ració:', '1 moniato', '1 iogurt grec', '1 cogombre', ""4 lloms d'anxoves"", 'Oli OVE', 'Pebre negre', 'Sal']","['Emboliquem un moniato no gaire gros amb un drap de cotó moll i el posem sobre un plat que pugui anar al microones. En un micro de 800 W, deixarem que es cogui uns 9 minuts.\xa0\xa0', 'Punxem el moniato amb un escuradents o un ganivet i, si ja és cuit, el deixem refredar, desembolicat, al mateix plat. Si li cal més temps, el tornem al microones.\xa0\xa0', 'Un cop tebi, obrim el moniato per la meitat longitudinal i el salpebrem.\xa0', 'Tallem per la meitat un cogombre net sense pelar i el ratllem sobre un drap de cotó. Hi posem una mica de sal i lliguem el drap.\xa0', ""Piquem 4 filets d'anxova.\xa0\xa0"", 'Afegim al bol amb anxoves un iogurt grec i ho barregem bé amb forquilla.\xa0\xa0', 'Espremem el cogombre perquè tregui el líquid.\xa0', ""Reservem una mica de cogombre per a l'emplatat, i la resta el posem en un bol amb el iogurt i les anxoves. Ho barregem tot.\xa0"", ""Farcim el moniato amb el tzatziki de cogombre i anxoves i hi afegim una mica de pebre negre. Hi afegim una mica d'oli OVE per sobre.\xa0""]","['Cogombre', 'Anxoves', 'Iogurt', 'Formatge']"
Entrepà de sobrassada i sípia,https://www.3cat.cat/tv3/cuines/recepta/entrepa-de-sobrassada-i-sipia/44497/,3,https://img.3cat.cat/multimedia/jpg/1/1/1727863971511_326.jpg,Baixa,Menys de 30 minuts,,"['INGREDIENTS PER A 1 PERSONA100 g sobrassada de Mallorca100 g\u202f sípia1 llimonaPaMel de mil florsVi blancSal', 'INGREDIENTS PER A 1 PERSONA', '100 g sobrassada de Mallorca', '100 g\u202f sípia', '1 llimona', 'Pa', 'Mel de mil flors', 'Vi blanc', 'Sal']","['En una torradora o paella al foc hi posem un pa tallat per la meitat.\xa0', 'Traiem la pell de 100 g de sobrassada de Mallorca i la tallem en 4 rodelles. Les posem a la paella on hem torrat el pa i les torrem lleugerament per les dues bandes. Les reservem.\xa0', ""Tallem 100 g de sípia a trossets i l'afegim a la paella. La saltem fort 1 minut.\xa0"", ""Aboquem a la sípia un raig de vi blanc i la salem. La coem fins que l'alcohol s'evapori.\xa0"", ""En una torrada hi posem la sobrassada. Al damunt, la sípia saltada, una ratlladura de llimona i, per últim, un rajolí de mel de mil flors. Tapem amb l'altra torrada.\xa0""]","['Llimona', 'Porc', 'Sípia', 'Mel']"
Macarrons amb xoriço,https://www.3cat.cat/tv3/cuines/recepta/macarrons-amb-xorico/44996/,3,https://img.3cat.cat/multimedia/jpg/5/4/1729167548045_326.jpg,,,,"['Conserva de tomàquet', 'Xoriço', 'Porro o ceba', 'Una cullerada de farina', 'Un rajolí de llet', 'Sal', 'Pebre', 'Macarrons', 'Oli']","['En una paella amb poc oli posem la ceba o el porro tallats petitets, salem i deixem que vagi suant.', ""Posem l'aigua a bullir, salem i tapem fins que entri en ebullició, moment en què posarem els macarrons."", 'A la cassola amb la ceba afegim el xoriço, millor si té un punt picant.', 'Hi posem també tomàquet en conserva, no fregit, o concentrat de tomàquet.', 'Per amorosir la salsa, afegim una cullerada de farina i un rajoli de llet, com si fos una beixamel.', 'Escorrem la pasta quan estigui al dente i la barregem amb la salsa.', 'Rectifiquem de sal i hi afegim un polsim de pebre.']","['Tomàquets', 'Porro', 'Porc', 'Macarrons', 'Farina', 'Llet', ""Oli d'oliva verge extra""]"
Pasta Alfredo,https://www.3cat.cat/tv3/cuines/recepta/pasta-alfredo/44358/,3,https://img.3cat.cat/multimedia/jpg/8/9/1727089384798_326.jpg,Baixa,Menys d'una hora,,"['PER A UNA PERSONA', 'PER A UNA PERSONA', '', '120 g de pasta fresca50 g de parmesà1 filet de pollastreMantegaFarigola frescaLlimonaPebreSal', '50 g de parmesà', '1 filet de pollastre', 'Mantega', 'Farigola fresca', 'Llimona', 'Pebre', 'Sal']","['Posem una olla al foc amb aigua i la fem bullir.\xa0', 'Mentrestant, desfem una nou grossa de mantega en una paella.\xa0\xa0', 'Hi afegim un branquilló de farigola fresca.\xa0\xa0', ""Salpebrem un filet de pollastre i l'enrossim per les dues bandes amb la mantega.\xa0\xa0"", 'Mentrestant, ratllem 50 g de parmesà.\xa0', ""Si l'aigua ja bull, hi tirem la pasta. Nosaltres hem triat cintes, però pot ser qualsevol altra pasta. Millor si és allargada:\xa0tallarines, espaguetis..."", ""Afegim sal a l'olla i bullim la pasta el temps que calgui.\xa0"", 'Si el pollastre ja està fet, hi tirem unes quantes gotes de suc de llimona.', 'Retirem el pollastre de la paella. Afegim pebre a la paella amb la mantega.', ""Afegim una mica de l'aigua de cocció de la pasta a la paella amb la mantega i el formatge ratllat. Ho lliguem tot."", 'Tirem la pasta cuita a la paella.', 'Ho servim amb una mica de pela de llimona ratllada i una mica més de pebre.']","['Pasta', 'Llimona', 'Pollastre', 'Mantega', 'Formatge', 'Farigola', 'Pebre negre']"
Arròs sec de costella,https://www.3cat.cat/tv3/cuines/recepta/arros-sec-de-costella/44316/,3,https://img.3cat.cat/multimedia/jpg/2/2/1726814143522_326.jpg,Baixa,Més d'una hora,,"[""380 g d'arròs bomba600 g de costella de porc100 g de ceba rossa1/2 bulb de fonoll80 g de mongeta perona1 l de brou de porc1 llimaLlavors de mostassaColatura (o essència) d'anxovaClavell\xa0d'olorMarduixRomaníVi ranciCavaOli OVEPebreSal"", ""380 g d'arròs bomba"", '600 g de costella de porc', '100 g de ceba rossa', '1/2 bulb de fonoll', '80 g de mongeta perona', '1 l de brou de porc', '1 llima', 'Llavors de mostassa', ""Colatura (o essència) d'anxova"", ""Clavell\xa0d'olor"", 'Marduix', 'Romaní', 'Vi ranci', 'Cava', 'Oli OVE', 'Pebre', 'Sal']","[""Fem una marinada amb cava, clavell\xa0d'olor, boletes de mostassa i un tap de colatura d'anxova. Hi afegim la costella de porc trossejada\xa0i la deixem 12 hores en remull."", ""Eixuguem la costella, hi posem pebre\xa0i l'enrossim amb oli en una paella. Un cop feta, la reservem."", ""Afegim a la paella mig fonoll tallat a la juliana fina i la mongeta tallada a un gruix de dos dits. L'enrossim i hi afegim la ceba que ja tenim rossa, així com el vi ranci."", ""Quan l'alcohol s'ha evaporat, hi afegim l'arròs i el perlem."", 'Hi aboquem el brou ben calent i hi posen sal, pebre, la costella i un farcell fet amb marduix i romaní. Ho coem 10 min\xa0a foc fort i 2 min\xa0a foc mitjà. Passat aquest temps, ho tapem i ho deixem reposar 2 min.', 'Ho podem acabar amb un raig de llima per damunt.']","['Ceba', 'Mongetes', 'Porc', 'Arròs bomba']"
Ostres amb cítrics,https://www.3cat.cat/tv3/cuines/recepta/ostres-amb-citrics/44357/,3,https://img.3cat.cat/multimedia/jpg/1/6/1728976430161_326.jpg,Baixa,Menys d'una hora,Sense gluten,"[""12 ostres2 escalunyes1 taronja petita1 aranja1 iuzu60 ml vinagre d'arròs30 g sucreGingebreFulles d'apiMenta frescaCoriandreColatura d'anxovaOli OVEShiso"", '12 ostres', '2 escalunyes', '1 taronja petita', '1 aranja', '1 iuzu', ""60 ml vinagre d'arròs"", '30 g sucre', 'Gingebre', ""Fulles d'api"", 'Menta fresca', 'Coriandre', ""Colatura d'anxova"", 'Oli OVE', 'Shiso']","['Tallem a la microbrunesa dues escalunyes i les reservem en un bol.\xa0\xa0', ""Piquem també a la microbrunesa unes fulles tendres d'api i les reservem al mateix bol.\xa0"", ""Dissolem 30 g de sucre dins de 60 ml vinagre d'arròs. Si ens costa, podem escalfar una mica el vinagre.\xa0"", 'Traiem el suc a 1/2 aranja, una taronja petita i un iuzu.\xa0\xa0', 'Aboquem el vinagre al recipient amb les escalunyes. Hi tirem els sucs de cítrics.\xa0', 'Ratllem una punta de gingebre fresc dins la salsa.\xa0\xa0', ""Hi tirem un raig curt de colatura d'anxoves.\xa0"", 'Ho barregem.\xa0', 'Ho tapem i ho portem a la nevera un mínim de dues hores, però pot ser molt més.\xa0\xa0', ""Posem aigua a bullir. Quan bulli, l'apartem del foc i hi tirem un grapat de menta i coriandre. Després d'uns segons, traiem\xa0les fulles aromàtiques de l'aigua bullent i les tirem a un bol d'aigua amb gel.\xa0\xa0"", ""Traiem les herbes de l'aigua freda i les escorrem.\xa0"", ""Aboquem un raig molt generós d'oli al got batedor i hi afegim les herbes escaldades. Ho triturem. Passem al biberó.\xa0"", 'Obrim les ostres.\xa0', ""Servim les ostres amb una cullerada de salsa cítrica, unes gotes d'oli aromàtic i un tallet de fulla de shiso.\xa0""]","['Marisc', 'Taronja', 'Coriandre', 'Ceba', 'Gingebre', 'Api']"
Préssec de Lleida amb infusió de marialluïsa i agar-agar de menta,https://www.3cat.cat/tv3/cuines/recepta/pressec-de-lleida-amb-infusio-de-marialluisa-i-agar-agar-de-menta/44896/,3,https://img.3cat.cat/multimedia/jpg/3/7/1728649248173_326.jpg,,,,"[""INFUSIÓ\xa0DE MARIALLUÏSAInfusió de marialluïsa:300 g d'aigua75 g de sucre morèMentaMarialluïsa4 préssecs"", 'INFUSIÓ\xa0DE MARIALLUÏSA', 'Infusió de marialluïsa:', ""300 g d'aigua"", '75 g de sucre morè', 'Menta', 'Marialluïsa', '4 préssecs', '', ""AGAR-AGAR DE MENTA250 g d'aigua12 g de menta fresca50 g de xarop d'atzavara1 g d'espirulina1,5 g d'agar-agar"", ""250 g d'aigua"", '12 g de menta fresca', ""50 g de xarop d'atzavara"", ""1 g d'espirulina"", ""1,5 g d'agar-agar""]","['Fem una infusió de menta, que deixarem al foc uns deu minuts, i colem les fulles.', ""Hi afegim el xarop d'atzavara, l'espirulina i l'agar-agar\xa0i la deixem bullir un parell de minuts."", 'Després la deixem refredar a la nevera perquè es faci la gelatina.', ""En una altra cassola, posem a bullir la marialluïsa i unes fulles de menta, afegim el sucre de canya per fer una mena d'almívar i, finalment, els préssecs tallats."", 'Ho deixem bullir uns minuts sense que el préssec quedi massa tou.\xa0', ""Un cop feta la gelatina amb xarop d'atzavara, l'espirulina i l'agar-agar, emplatem els préssecs i l'afegim per sobre."", 'Ho podeu acompanyar amb gelat de vainilla i nous.\xa0', '\xa0', '\xa0', '\xa0', '\xa0', '\xa0']",['Préssec']
Espaguetis amb gambes,https://www.3cat.cat/tv3/cuines/recepta/espaguetis-amb-gambes/44876/,3,https://img.3cat.cat/multimedia/jpg/9/4/1728561712649_326.jpg,Baixa,,,"[""Espaguetis de bona qualitatTomàquets cirerolsGambesAllJulivertOli d'olivaSalPebre"", 'Espaguetis de bona qualitat', 'Tomàquets cirerols', 'Gambes', 'All', 'Julivert', ""Oli d'oliva"", 'Sal', 'Pebre']","['Posem a bullir la pasta amb sal fins que estigui al dente. El temps varia en funció si ho preparem amb pasta seca o pasta fresca. És important que la pasta sigui de bona qualitat.\xa0', ""Mentre bull la pasta, confitem els alls laminats en una paella amb oli d'oliva i a mitja cocció hi afegim els tomàquets cirerols."", 'Netegem les gambes (poden ser congelades) deixant els caps i les afegim a la paella.', 'Salpebrem i deixem coure uns minuts.', ""Quan la pasta estigui cuita, aprofitem una miqueta\xa0de l'aigua de la cocció per incorporar-la\xa0a la paella amb les gambes i els cirerols.\xa0"", ""Retirem la resta de l'aigua i afegim la pasta escorreguda a la paella uns minuts perquè\xa0agafi el gust del sofregit.\xa0"", 'Afegim el\xa0julivert per sobre\xa0i emplatem.\xa0']","['Tomàquets', 'All', 'Espaguetis', 'Gamba vermella', 'Julivert']"
Fideus a la cassola amb pollastre,https://www.3cat.cat/tv3/cuines/recepta/fideus-a-la-cassola-amb-pollastre/44636/,3,https://img.3cat.cat/multimedia/jpg/0/8/1728287220580_326.jpg,Mitjana,Més d'una hora,,"[""INGREDIENTS PER A 4 PERSONES:300 g de fideus gruixuts200 g de cigrons cuits150 g de cansalada amb pebre100 g de ceba rossa1 l de brou de carn8 cuixetes de pollastre2 tomaconsVi ranciSalPebre negreCibuletLlorerCabeça d'allsOli d'arbequina"", 'INGREDIENTS PER A 4 PERSONES:', '300 g de fideus gruixuts', '200 g de cigrons cuits', '150 g de cansalada amb pebre', '100 g de ceba rossa', '1 l de brou de carn', '8 cuixetes de pollastre', '2 tomacons', 'Vi ranci', 'Sal', 'Pebre negre', 'Cibulet', 'Llorer', ""Cabeça d'alls"", ""Oli d'arbequina""]","[""Fem un bany de sal a 6 cuixetes de pollastre. Posarem 100 g de sal per litre d'aigua durant 30 minuts. Després les eixuguem bé.\xa0\xa0"", ""Les posarem en una paella amb oli arbequina i ho mig tapem. Les rostirem durant 30 minuts i les haurem d'anar girant.\xa0"", 'Quan estiguin rostides, les traiem de la paella i les reservem.\xa0\xa0', ""A la paella hi afegim 150 g de cansalada amb pebre tallada a quadradets i una cabeça d'alls tallada pel mig. Ho rostim.\xa0"", ""Hi afegim un raig de vi ranci i una fulla de llorer. Quan l'alcohol ja s'ha evaporat, hi posem 100 g de ceba rossa i 2 tomacons ratllats. Ho courem 5 minuts a foc baix.\xa0"", 'Afegim a la paella 300 g de fideus gruixuts i els enrossim.\xa0', 'També hi afegim el pollastre que havíem reservat.\xa0', 'Aboquem a la paella 200 g de cigró menut cuit i 1 litre de brou de carn que ja teníem calent en una olla. Ho coem a foc baix 10 minuts.\xa0', 'Emplatem les racions amb sal, pebre i una mica de cibulet per sobre.\xa0']","['Tomàquets', 'All', 'Cigró', 'Pollastre', 'Porc', 'Fideus', 'Llorer', 'Pebre negre', 'Ceba', 'Brou de carn']"
Crema de mores amb gelat de fulla de figuera i licor de mores,https://www.3cat.cat/tv3/cuines/recepta/crema-de-mores-amb-gelat-de-fulla-de-figuera-i-licor-de-mores/44978/,3,https://img.3cat.cat/multimedia/jpg/0/6/1729079391860_326.jpg,,,,"['PER A LA CREMA DE MORES', 'PER A LA CREMA DE MORES', '300 g sucre', '6 ous', '200 ml mores', '27 g midó de blat de moroPER AL LICOR DE MORES', '', 'PER AL LICOR DE MORES', '900 g sucre', '700 g mores', '1 litre aiguardent base', '375 ml aigua', '', '', '', '']","['Per a la crema de mores, barregem tots els ingredients en un cassó i el posem a foc lent sense parar de remenar.', ""Per al licor de mora, fem un almívar amb el sucre i l'aigua i el\xa0deixem refredar."", ""Macerem les mores amb l'aiguardent i hi afegim l'almívar fred."", ""El temps recomanat de maceració de les mores amb\xa0el licor seria d'unes dues setmanes.\xa0"", ""Per al gelat, posem llet a bullir i, quan trenqui l'ebullició, l'apartem del foc i hi afegim les fulles de figuera, sense el peduncle."", 'Deixem que infusionin unes dues hores i les traiem de la llet.', ""Amb la llet freda amb l'emulsió de figuera ho posem en fred per fer\xa0el gelat.\xa0"", ""Emplatem la crema de mora fent servir una màniga pastissera i l'acompanyem del gelat de fulla de figuera."", '\xa0', '\xa0', '\xa0', '\xa0', '\xa0']",['Mores']
Xocogamba de Roses,https://www.3cat.cat/tv3/cuines/recepta/xocogamba-de-roses/44916/,3,https://img.3cat.cat/multimedia/jpg/5/6/1728992326965_326.jpg,,,,"['PER FER EL BANY', 'PER FER EL BANY', '200 g\xa0cobertura de xocolata amb llet 53%PER AL\xa0PRIMER FARCIT', 'PER AL\xa0PRIMER FARCIT', '25 g\xa0mantega de cacau', '5 g sal Maldon', '100 g\xa0cobertura de xocolata blanca', '150 g\xa0praliné avellana', '60 g\xa0neulaPER AL\xa0SEGON FARCIT', 'PER AL\xa0SEGON FARCIT', '200 g cobertura xocolata blanca', '200 g\xa0praliné avellana', ""30 ml oli d'oliva\xa0verge extra de l'Empordà""]","['\xa0', 'Preparem el bany, temperant la xocolata amb llet a 29 graus i encamisem els motlles en forma de gamba.\xa0', 'Deixem que cristal·litzi.\xa0', 'Per altra banda, preparem el primer farcit: fonem la xocolata amb la mantega de cacau, hi afegim el praliné i ho temperem portant a 45 graus.', 'Tot seguit ho refredem, ho portem\xa0a 29 graus, hi afegim la sal i la neula i omplim els motlles amb 25 grams del farcit.', 'Tornem a deixar que cristal·litzi.', 'Per al segon farcit, fonem la xocolata blanca, hi afegim el praliné i ho portem a 45 graus.', ""Després baixem a 29 graus i ho emulsionem amb l'oli d'oliva.\xa0"", 'Omplim amb 30 grams del farcit\xa0els motlles i deixem que cristal·litzi.', 'Disposem\xa0totes les elaboracions.', 'Desemmotllem\xa0les gambes amb molt de compte, polint les imperfeccions.']","['Mantega', 'Xocolata', ""Oli d'oliva verge extra"", 'Xocolata blanca']"
Cremós de gorgonzola amb nous i pera,https://www.3cat.cat/tv3/cuines/recepta/cremos-de-gorgonzola-amb-nous-i-pera/44158/,3,https://img.3cat.cat/multimedia/jpg/8/9/1722322853098_326.jpg,Baixa,,,"['1 làmina de pasta brisa1 pera200 ml de nata1 ceba tendra100 g gorgonzola40 ml vinagre de poma30 ml aigua30 g nous1 canonet de canyellaCurri en polsSucreMacísOli', '1 làmina de pasta brisa', '1 pera', '200 ml de nata', '1 ceba tendra', '100 g gorgonzola', '40 ml vinagre de poma', '30 ml aigua', '30 g nous', '1 canonet de canyella', 'Curri en pols', 'Sucre', 'Macís', 'Oli']","['Comencem fent el cremós de formatge. Agafem un pot i el posem al foc i a sobre hi tallem a daus 100 g de gorgonzola.', 'Al mateix pot hi afegim 200 ml de nata i un pessic de macís. Ho coem a foc suau fins que el formatge es fongui.', 'Colem el contingut del pot en un bol. Ho tapem amb un plat i ho deixem refredant-se a la nevera durant una hora.', 'Mentrestant, agafem una làmina de pasta brisa i la tallem en quatre parts rectangulars.', 'Agafem una safata de forn amb una làmina de silicona perforada i a sobre hi posem les quatre peces de brisa a la safata. Ho enfornem durant 14 minuts a 180ºC.', ""Un cop tinguem les peces cuites, passats els 14 minuts, fem una chutney de pera. Comencem tallant 120 g de ceba tendra ja neta i la posem dins d'un pot amb una mica d'oli. Ho coem a foc mitjà durant 10 minuts, fins que veiem que la ceba ha quedat transparent."", ""Tallem una pera a daus i l'afegim al pot juntament amb 40 ml de vinagre de poma, 30 ml d'aigua, un canonet de canyella, una culleradeta de curri en pols i mitja culleradeta de sucre. Ho coem tot a foc mitjà durant 40 minuts."", 'Un cop passats els 40 minuts, comencem a muntar el cremós\xa0 de gorgonzola, que un cop fred el muntem amb les varetes elèctriques. El posarem en una màniga pastissera.', 'Agafem 30 g nous pelades i les mal tallem. Ho reservem en un bol petit.', 'Finalment a cada un dels rectangles de pasta brisa hi posem una cullerada de chutney de pera, per sobre uns punts de cremós de gorgonzola i per acabar, una mica de nous mal tallades.', 'Ho emplatem i tastem.']","['Ceba', 'Peres', 'Nata', 'Formatge', 'Curri', 'Canyella', 'Sucre', 'Nous']"
Sopa de ceba amb formatge i rovell,https://www.3cat.cat/tv3/cuines/recepta/sopa-de-ceba-amb-formatge-i-rovell/44139/,5,https://img.3cat.cat/multimedia/jpg/0/3/1722248560830_326.jpg,Baixa,Menys de 30 minuts,,"[""1 ceba1 gra d'all1 llesca de pa1 ou30 g formatge emmental300 ml aiguaFarigolaSalPebreOli OVE"", '1 ceba', ""1 gra d'all"", '1 llesca de pa', '1 ou', '30 g formatge emmental', '300 ml aigua', 'Farigola', 'Sal', 'Pebre', 'Oli OVE']","['Posem una cassola al foc a escalfar.\xa0\xa0', ""Descartem la crosta d'una llesca de pa i la tallem en dauets. Posem un raig d'oli a la cassola i hi fregim el pa tallat per tots els costats.\xa0\xa0"", ""Mentrestant, laminem un gra d'all petit pelat.\xa0"", 'Tallem a juliana una ceba pelada.\xa0', 'Si el pa ja està fregit, el traiem de la paella i el posem en un plat amb un full de paper absorbent.\xa0', 'A la mateixa cassola, hi afegim un all laminat i un branquilló de farigola.\xa0', 'Fem que balli.\xa0\xa0', ""Quan l'all comença a ballar i abans que es torri massa, hi tirem la ceba tallada, sal i pebre i ho sofregim a foc viu uns 7 minuts.\xa0"", ""Passat aquest temps, hi tirem el pa reservat i 300 ml d'aigua.\xa0"", 'Deixem que bulli 5 minuts.\xa0', 'Mentrestant, ratllem 30 g de formatge emmental dins un bol.\xa0', 'Trenquem un ou i separem la clara del rovell.\xa0\xa0', 'Reservem la clara per a una altra recepta.\xa0\xa0', ""Un cop passats els 7 minuts d'ebullició de la sopa, hi afegim el formatge ratllat.\xa0\xa0"", 'Deixem que el formatge es fongui.\xa0', 'Posem el rovell i ho tapem amb un plat.\xa0\xa0', ""Ho deixem 3 minuts perquè l'ou s'escalfi.\xa0"", ""Acabem el plat amb un rajolí d'oli i unes fulles de farigola.\xa0""]","['Ous', 'Formatge', 'Farigola', 'Ceba']"
Musclos amb vinagreta,https://www.3cat.cat/tv3/cuines/recepta/musclos-amb-vinagreta/44296/,5,https://img.3cat.cat/multimedia/jpg/9/5/1726655429859_326.jpg,Baixa,Menys de 30 minuts,,"[""INGREDIENTS PER A 1 PERSONA:5 musclos grans25 ml oli OVE1/2 ceba morada1/4 pebrot verd italià1 llima1 culleradeta de mostassa a l'antigaSalsa piri-piriJulivert fresc"", 'INGREDIENTS PER A 1 PERSONA:', '5 musclos grans', '25 ml oli OVE', '1/2 ceba morada', '1/4 pebrot verd italià', '1 llima', ""1 culleradeta de mostassa a l'antiga"", 'Salsa piri-piri', 'Julivert fresc']","['Tallem mitja ceba morada molt petita i la reservem en un bol.\xa0', 'Fem el mateix amb un quart de pebrot verd italià.\xa0', 'Piquem julivert fresc i també el posem al bol.\xa0', ""Ara al bol hi afegim una cullerada de mostassa a l'antiga, unes gotes de llima, uns gotes de salsa piri-piri i una cullerada d'oli d'oliva. Ho remenem i ho reservem.\xa0"", ""Posem una olla al foc i quan bulli hi posem 5 musclos grans, els tapem i els coem uns 20 segons fins que els musclos s'obrin. Després els passem a un platet,\xa0traiem les conquilles i tallem amb el ganivet els muscles dels musclos.\xa0\xa0"", 'Repartim per sobre els musclos la vinagreta que hem fet al bol.\xa0\xa0', 'Servim en un plat els musclos farcits.\xa0', '\xa0']","['Pebrots', 'Llima', 'Musclos', 'Julivert', 'Ceba']"
Estofat de cigrons amb gambes,https://www.3cat.cat/tv3/cuines/recepta/estofat-de-cigrons-amb-gambes/44377/,5,https://img.3cat.cat/multimedia/jpg/9/0/1727259435009_326.jpg,Baixa,Menys de 30 minuts,,"[""180 g de cigrons cuits8 gambes2 grans d'all50 ml d'aigua50 g de ceba sofregidaJulivertOli OVESal"", '180 g de cigrons cuits', '8 gambes', ""2 grans d'all"", ""50 ml d'aigua"", '50 g de ceba sofregida', 'Julivert', 'Oli OVE', 'Sal']","['Escalfem un pot i, mentre agafa temperatura, separem els caps i les cloves de 8 gambes.\xa0', ""Afegim un raig d'oli al pot, un gra d'all que aixafem i els caps i cloves de les gambes. Ho marquem uns minuts.\xa0"", ""Aboquem al pot 50 ml d'aigua i ho deixem coure uns minuts evitant que bulli massa fort.\xa0"", ""Escalfem una paella i mentre s'escalfa, pelem tallem a microbrunesa un gra d'all.\xa0"", ""Afegim a la paella l'all tallat i, quan comença a agafar color, hi aboquem 180 g de cigrons cuits. Ho saltem uns minuts a foc no gaire alt.\xa0"", 'Amb una cullera o mà de morter, aixafem el caps de les gambes que tenim al pot.\xa0', 'En un got batedor aboquem 1 cullerada de ceba rossa. A continuació hi colem el fumet i ho turbinem uns segons.\xa0', 'Afegim el fumet a la paella amb els cigrons i ho coem a foc fort un minut.\xa0', 'Piquem unes fulles de julivert.\xa0', 'Afegim a la paella les gambes i ho coem durant un minut.\xa0', ""Emplatem l'estofat de cigrons amb gambes i acabem el plat amb una mica de julivert picat. I ja ho tenim a punt per menjar.\xa0""]","['Ceba', 'Cigró', 'Gamba vermella']"
Arròs negre amb calamars,https://www.3cat.cat/tv3/cuines/recepta/arros-negre-amb-calamars/44277/,5,https://img.3cat.cat/multimedia/jpg/7/7/1726564470077_326.jpg,Mitjana,Menys d'una hora,,"[""INGREDIENTS PER A 4 PERSONES:350 g arròs rodó1.200 ml aigua12 calamars petits6 grans d'all negre4 gambots2 porros10 musclos2 bosses de tinta2 bitxos secs2 tomacons1 llimona1 pebrot verd italià1 ouPasta nyoraOli OVEOli d'oliva suauVinagre vi blancPebre negreSal"", 'INGREDIENTS PER A 4 PERSONES:', '350 g arròs rodó', '1.200 ml aigua', '12 calamars petits', ""6 grans d'all negre"", '4 gambots', '2 porros', '10 musclos', '2 bosses de tinta', '2 bitxos secs', '2 tomacons', '1 llimona', '1 pebrot verd italià', '1 ou', 'Pasta nyora', 'Oli OVE', ""Oli d'oliva suau"", 'Vinagre vi blanc', 'Pebre negre', 'Sal']","['Separem els caps i els cossos de 4 gambots i els traiem els intestins.\xa0\xa0', 'Posem oli en un pot i saltem els caps i les cloves uns minuts.\xa0', 'Separem la part verda i blanca de dos porros. La part verda la tallem a bresa i la blanca a brunesa. Al pot on tenim els caps i les cloves hi afegim la part verda i ho coem 5 minuts.\xa0', ""Al mateix pot hi afegim 10 musclos i 1.200 ml d'aigua. Ho coem tot 20 minuts i ho deixem reposar 10 minuts. Després ho colem i ens hauran de quedar 1.100 ml de fumet.\xa0"", 'En una cassola amb oli hi aboquem 12 calamars tallats petits. Un cop marcats els reservem.\xa0', ""Traiem les llavors d'un pebrot verd italià i el tallem a brunesa. El posarem a la mateixa cassola amb una mica més d'oli, juntament amb la part blanca del porro que hem reservat i dos bitxos secs. Ho courem a foc baix 20 minuts.\xa0\xa0"", 'Ratllem a la cassola dos tomacons i també hi afegim 2 cullerades de pasta de nyora, pebre negre i sal. Ho coem 5 minuts més.\xa0', ""Afegim 350 g d'arròs rodó a la cassola i el rossegem.\xa0\xa0"", 'Dissolem en un got amb aigua 2 bosses de tinta.\xa0', ""\xa0Aboquem a la cassola la tinta i també els 1.100 ml de fumet calent. Courem l'arròs 16 minuts.\xa0\xa0"", ""Per fer la maionesa d'all negre, aboquem a un got batedor un ou, 6 grans d'all negre, un raig de vinagre de vi blanc, sal, oli d'oliva suau i ho emulsionem. Després ho passem a un biberó.\xa0"", ""Quan quedi 1 minut de cocció de l'arròs, hi posem els calamars que hem marcat i els cossos dels gambots. Després ho tapem amb un drap i ho deixem reposar 2 minuts més.\xa0"", ""\xa0Acabem l'arròs posant punts de maionesa d'all negre per sobre i ratlladura de pell de llimona per sobre.\xa0""]","['Arròs i cereals', 'Tomàquets', 'All', 'Porro', 'Llimona', 'Calamar', 'Gamba vermella', 'Musclos', 'Bitxo']"
Rajada en escabetx,https://www.3cat.cat/tv3/cuines/recepta/rajada-en-escabetx/44137/,5,https://img.3cat.cat/multimedia/jpg/8/0/1722242134908_326.jpg,,Menys d'una hora,,"[""2 rajades2 pastanagues1 colrave1 porro2 grans d'all150 ml Oli OVE1 culleradeta de pebre vermell dolç1 culleradeta pebre vermell picant2 fulles de llima kafirJulivert60 ml vinagre de vi300 ml brou vermell\xa0\xa0FarinaOli de confitarSal"", '2 rajades', '2 pastanagues', '1 colrave', '1 porro', ""2 grans d'all"", '150 ml Oli OVE', '1 culleradeta de pebre vermell dolç', '1 culleradeta pebre vermell picant', '2 fulles de llima kafir', 'Julivert', '60 ml vinagre de vi', '300 ml brou vermell\xa0\xa0Farina', 'Oli de confitar', 'Sal']","['Netegem, pelem i tallem a juliana les verdures: un colrave,\xa0 un porro i dues pastanagues\xa0', ""Laminem 2 grans d'all i els enrossim en una cassola amb un raig d'oli.\xa0"", ""Un cop l'all és ros, hi tirem la resta de les verdures i deixem que suïn.\xa0"", ""Tirem 150 ml d'oli OVE.\xa0\xa0"", 'Deixem que els vegetals suïn 10 minuts.\xa0', 'Afegim a la cassola una culleradeta de pebre vermell dolç, una culleradeta de pebre vermell picant, 2 fulles de llima kafir i unes fulles de julivert tallat menut. Ho integrem tot.\xa0', 'Tirem a la mateixa cassola 60 ml de vinagre de vi i 300 ml de brou vermell.\xa0', ""Ho deixem coure a foc fluix 10'.\xa0"", 'Tallem en 4 porcions 2 rajades pelades. Les salem.\xa0', ""Les enfarinem i les fregim en una cassola amb oli d'oliva ben calent. Si cal,\xa0 ho fem en dues tongades. Girem el peix perquè es faci pels dos costats.\xa0"", ""Un cop fregit, portem el peix a una plata amb paper absorbent perquè deixi anar part de l'oli i després el portem a la cassola amb les verdures.\xa0\xa0"", ""Deixem el peix 5 minuts coent-se amb l'escabetx.\xa0"", 'Servim.']","['Peix', 'Porro', 'Pastanagues', 'Farina', 'Julivert', 'Pebre vermell picant', 'Pebre vermell dolç', 'Pebre blanc']"
Fideus de verema,https://www.3cat.cat/tv3/cuines/recepta/fideus-de-verema/44378/,5,https://img.3cat.cat/multimedia/jpg/9/0/1727267137709_326.jpg,Mitjana,Més d'una hora,,"[""INGREDIENTS PER A 4 PERSONES:200 g fideus gruixuts100 g sobrassada de Mallorca800 ml brou de carn200 ml vi negre6 tomates de penjar1 ceba de Figueres1 cuixa de xai cuita1 gra d'allSaïm de porcFarigolaPebre vermell dolç fumatSalPebre"", 'INGREDIENTS PER A 4 PERSONES:', '200 g fideus gruixuts', '100 g sobrassada de Mallorca', '800 ml brou de carn', '200 ml vi negre', '6 tomates de penjar', '1 ceba de Figueres', '1 cuixa de xai cuita', ""1 gra d'all"", 'Saïm de porc', 'Farigola', 'Pebre vermell dolç fumat', 'Sal', 'Pebre']","['Tallem a brunesa 1 ceba de Figueres i 1 all i ho sofregim en una cassola amb una cullerada de saïm durant uns 30 minuts.\xa0', ""Apugem el foc i hi afegim 200 ml de vi negre i deixem que s'evapori l'alcohol.\xa0"", ""Afegim a la cassola 6 tomacons ratllats i els coem fins que perdin l'aigua.\xa0"", ""Esmicolem 400 g de cuixa de xai ja cuita al forn. L'hem cuit dues hores i mitja amb ceba, pastanaga, llorer, sal, pebre, vi ranci i romaní. Ho reservem.\xa0"", 'Afegim a la cassola 100 g de sobrassada mallorquina i la coem fins que es fongui.\xa0\xa0', 'Afegim a la cassola el xai esmicolat, 1 culleradeta de pebre vermell fumat dolç, sal i pebre. Ho integrem bé.\xa0', 'Aboquem 800 ml de brou de carn a la cassola i ho bullim 15 minuts.\xa0', 'Afegim a la cassola 200 g de fideus gruixuts. Ho coem 8 minuts.\xa0', 'Ho emplatem.\xa0']","['Pasta', 'Tomàquets', 'All', 'Xai', 'Farigola', 'Ceba', 'Brou de carn', 'Pebre vermell fumat']"
Flam de bolets,https://www.3cat.cat/tv3/cuines/recepta/flam-de-bolets/44138/,5,https://img.3cat.cat/multimedia/jpg/9/4/1722242514049_326.jpg,Baixa,Menys d'una hora,,"[""200 g de rovellons en conserva500 l brou de gallina40 g formatge semicurat mescla2 ous1 gra d'allFormatge grana padanoEncenalls de pernil ibèricOliFarigola secaSalPebre"", '200 g de rovellons en conserva', '500 l brou de gallina', '40 g formatge semicurat mescla', '2 ous', ""1 gra d'all"", 'Formatge grana padano', 'Encenalls de pernil ibèric', 'Oli', 'Farigola seca', 'Sal', 'Pebre']","[""Posem una paella al foc. Mentre s'escalfa, tallem a brunesa un gra d'all i hi posem un raig d'oli. \xa0"", 'Escorrem 200 g de rovellons en conserva.', 'Els tallem si són grossos. Si no, no cal. Els saltem a la paella amb una mica de farigola i sal. \xa0', ""Passats 2 minuts, si els bolets s'han reduït una mica, tirem a la mateixa cassola mig litre de de brou de pollastre. El portem al bull i deixem que bulli 8 minuts."", 'Tirem bolets i brou al got batedor i ho turbinem.', 'Tirem pebre negre dins el got batedor i uns 40 g de formatge semicurat ratllat. \xa0', 'Hi tirem 2 ous i ho integrem bé, turbinant amb cura, sense treure el braç elèctric de la barreja. No volem que hi entri aire.', ""Posem aigua a escalfar, serà l'aigua del bany maria. \xa0"", 'Repartim la barreja dins 4 flameres individuals.', ""Posem les flameres en una safata. Si l'aigua del bany maria ja està a punt de bullir, la tirem a la safata on tenim les flameres."", ""Portem les flameres al bany maria dins del forn. 60' a 160º"", 'Deixem que els flams baixin de temperatura i els desemmotllem amb moviments horitzontals. \xa0', 'Acabem el plat amb parmesà ratllat i encenalls de pernil.']","['Ous', 'Bolets', 'Formatge', 'Farigola', 'Brou de carn']"
"Pa amb xocolata, oli i caviar",https://www.3cat.cat/tv3/cuines/recepta/pa-amb-xocolata-oli-i-caviar/44416/,5,https://img.3cat.cat/multimedia/jpg/1/9/1727699877991_326.jpg,,,,"['', 'Pa rodó de pagès', '', 'Sal Maldon', '', ""Oli d'oliva"", '', '300 g cobertura de xocolata 62%', '', '30 g de mantega de cacau', '', 'Succedani de caviar', '', 'PER A LA TRUFA', '', 'Xocolata', '', 'Nata', '', ""Gàrum d'anxova"", '', '']","['\xa0', ""Fem llesques de pa de pagès generoses, i d'una en traiem el crostó per tallar-la a daus."", ""Hi posem un raig d'oli i l'enfornem\xa0el temps just perquè quedi cruixent."", 'Posarem la xocolata, amb mantega de cacau (opcional), al bany maria perquè es fongui.', ""Paral·lelament, preparem una trufa amb nata i xocolata desfeta i hi afegirem gàrum d'anxova. S'ha de deixar refredar a la nevera, i per això és preferible preparar-la el dia abans. Un cop freda, en farem boles, com de gelat.\xa0"", 'Cobrim el pa amb la xocolata desfeta i ho deixem refredar.\xa0', '\xa0Hi afegim el caviar per sobre.']",
Mousse de nous,https://www.3cat.cat/tv3/cuines/recepta/mousse-de-nous/44236/,5,https://img.3cat.cat/multimedia/jpg/8/9/1723026102498_326.jpg,Baixa,Més d'una hora,,"['200 ml de beguda de nous200 ml de nata125 g de nous en gra80 g de sucre1 full de gelatina1 taronjaXocolata 70% cacau4 ousSal', '200 ml de beguda de nous', '200 ml de nata', '125 g de nous en gra', '80 g de sucre', '1 full de gelatina', '1 taronja', 'Xocolata 70% cacau', '4 ous', 'Sal']","['Comencem triturant les nous. Agafem un got triturador i hi posem 125 g de nous en gra. Ho triturem fins a tenir gairebé pols de nous.', ""Fem crema de nous. Un cop tinguem la pols de nous, agafem el pot i l'hi aboquem a dins, juntament amb 200 ml de nata, 200 ml de beguda de nous i 50 g sucre. Posem el pot a foc mitjà-baix. Ho coem una hora remenant-ho sovint."", ""Quan faltin quinze minuts per a l'hora, hidratarem un full de gelatina amb aigua freda."", ""\xa0Un cop tinguem la crema de nous, escorrem el full de gelatina i l'afegim a la crema i ho barregem fent servir una vareta manual."", ""Temperem la crema i l'aboquem a un recipient amb tapa. Ho tapem, ho temperem, però no ho refredem, perquè, si no, la gelatina no hi actuaria."", 'Mentrestant, comencem a fer la mousse separant les clares dels rovells de 4 ous.\xa0Aboquem les clares al bol i els rovells els guardem en una carmanyola.', 'Afegim un pessic de sal a les clares i, amb unes varetes manuals, comencem a muntar-les. Quan pràcticament ho tinguem hi afegim 30 g de sucre i ho seguim muntant fins que tinguem les clares a punt de neu.', ""Recuperem la crema de nous i l'anem integrant amb les clares muntades fent moviments embolcalladors."", 'Distribuïm i refredem la mousse. Repartim la mousse en quatre copes i posem les copes en un recipient amb tapa. Ho tapem i ho deixem refredar durant dues hores a la nevera.', '\xa0Passades les dues hores, ja tenim les copes fredes i les decorem amb pela de taronja que hi ratllem i també amb xocolata del 70% que també hi ratllem.']","['Ous', 'Taronja', 'Nata', 'Xocolata', 'Sucre', 'Nous']"
Amanida de carbassó i taronja,https://www.3cat.cat/tv3/cuines/recepta/amanida-de-carbasso-i-taronja/44056/,5,https://img.3cat.cat/multimedia/jpg/9/0/1721199952209_326.jpg,Baixa,Menys de 30 minuts,,"['1 bulb de fonoll100 g carbassó1 taronja1 llima30 g formatge fetaPebre blancSalAlfàbrega frescaOli', '1 bulb de fonoll', '100 g carbassó', '1 taronja', '1 llima', '30 g formatge feta', 'Pebre blanc', 'Sal', 'Alfàbrega fresca', 'Oli']","['Ratllem gruixut 100 g de carbassó ja net i hi afegim una mica de sal per deixar que el vegetal perdi aigua.', 'Mentre va perdent aigua el carbassó, agafem un bulb de fonoll ja net i el tallem de manera ben fina.', ""Amanim el fonoll amb oli, pebre blanc, la pela de mitja taronja ja neta i ratllada. També ratllem la meitat d'una llima i finalment n'espremem una meitat i afegim el suc al bol."", 'Agafem una taronja i la pelem. Un cop fet, anem traient el tel de cinc grills i els afegim al bol.', ""Agafem un formatge feta i n'esmicolem uns 30 g i els afegim al bol."", ""Premsem el carbassó perquè tregui tota l'aigua\xa0i l'afegim al bol. Ho integrem."", ""Acabem el plat emplatant l'amanida amb fulles d'alfàbrega i fulles de fonoll.""]","['Carbassó', 'Fonoll', 'Taronja', 'Llima', 'Alfàbrega', 'Oli', 'Pebre blanc']"
Ensaladilla rosa,https://www.3cat.cat/tv3/cuines/recepta/ensaladilla-rosa/44136/,5,https://img.3cat.cat/multimedia/jpg/8/8/1722241765088_326.jpg,Baixa,Més d'una hora,,"[""500 g moniato200 g remolatxa cuita1 ou1 pop1 cebaCebetes en vinagreLlorer4 tomàquets secs en oliSalsa picant3 lloms d'anxova180 ml oli suau1 llimaPebreSalOli OVE"", '500 g moniato', '200 g remolatxa cuita', '1 ou', '1 pop', '1 ceba', 'Cebetes en vinagre', 'Llorer', '4 tomàquets secs en oli', 'Salsa picant', ""3 lloms d'anxova"", '180 ml oli suau', '1 llima', 'Pebre', 'Sal', 'Oli OVE']","[""Tenim un pop a punt per ser cuinat. Això vol dir que l'hem congelat i descongelat, i que l'hem netejat. Li hem tret la boca, li hem buidat la bossa i hem mirat que no hi hagués porqueria o algues a les ventoses i tentacles. \xa0"", 'Posem una olla grossa al foc amb molta aigua, suficient com per cobrir el pop.', ""Espantem el pop agafant-lo pel cap i submergint les seves potes dins l'aigua bullent."", ""Un cop el tenim espantat, posem una ceba sencera i una fulla de llorer a l'olla i deixem el pop submergit en aigua bullent a foc lent una bona estona. Calculem uns 20 minuts per cada quilo de pop, però val la pena anar-lo punxant amb un escuradents per veure quan està tou. Potser més temps. Un cop està cuit, el deixem dins l'aigua reposant el mateix temps que ha estat coent-se (si és més temps, no passa res)."", ""Podem guardar l'aigua de la cocció del pop, per a una altra recepta."", 'Portem 500 g de moniatos nets al forn. Una hora a 180 graus. \xa0', 'Passat aquest temps, enretirem el moniato del forn i deixem que es refredi. Quan estigui fred, el pelem i el tallem a daus. El posem en un bol.', ""Posem al mateix bol una o dues potes de pop, depèn de la mida. I les anem tallant a mida d'un mos. La resta del pop, el guardem per a un altre dia."", 'Tallem a daus petits 200 g de remolatxa cuita.', 'La posem amb el pop. \xa0', 'Tallem per la meitat unes cebetes en vinagre.', 'I 4 tomàquets secs en oli.', ""Fem una maionesa amb 3 lloms d'anxova, un ou, unes gotes de salsa picant, 180 ml d'oli d'oliva suau, sal i pebre."", 'Ho emulsionem tot fins a tenir la salsa lligada.', ""Aboquem la salsa al bol amb l'ensaladilla. \xa0"", ""Emplatem amb un cercle metàl·lic i acabem amb la ratlladura d'una llima.""]","['Tomàquets', 'Anxoves', 'Llorer', 'Ceba', 'Pop', 'Remolatxa']"
Ous farcits amb llagostins,https://www.3cat.cat/tv3/cuines/recepta/ous-farcits-amb-llagostins/44096/,5,https://img.3cat.cat/multimedia/jpg/2/8/1721925838882_326.jpg,Baixa,Menys de 30 minuts,,"['4 llagostins cuits2 ousPinya en almívarCeba tendraMaionesaQuètxupVinagreTaronjaBrandiPebreSal', '4 llagostins cuits', '2 ous', 'Pinya en almívar', 'Ceba tendra', 'Maionesa', 'Quètxup', 'Vinagre', 'Taronja', 'Brandi', 'Pebre', 'Sal']","['Bullim els ous amb aigua i un raig de vinagre, durant 10 minuts. Passat aquest temps, els refredarem amb aigua i gel, per poder-los pelar més bé.', ""Per fer el farcit, tallem mitja ceba tendra, mitja rodella de pinya en almívar i els llagostins cuits, a una mida menuda, i ho salpebrem. Hi afegim els rovells dels ous que hem bullit i ho acabem d'integrar."", 'Per fer la salsa, barregem dues cullerades de maionesa amb una cullerada i mitja de quètxup i una culleradeta de mostassa. Hi aboquem també el suc de mitja taronja i unes gotes de brandi.', ""Omplim cada meitat d'ou amb el nostre farcit i els tapem amb la salsa de còctel."", '\xa0']","['Ceba', 'Pinya', 'Ous de gallina', 'Llagostí', 'Salses']"
Torrades d'anguila del Delta,https://www.3cat.cat/tv3/cuines/recepta/torrades-danguila-del-delta/43456/,5,https://img.3cat.cat/multimedia/jpg/6/8/1715673797886_326.jpg,Baixa,Menys d'una hora,,"[""200 g d'anguila fumada del Delta2 llesques de pa de massa mare2 tomàquets2 escalunyes1 pebrot vermell1 pebrot verd1 albergínia1 cabeça d'alls4 llimones50 g de sucre50 ml d'aiguaFlors de mostassa"", ""200 g d'anguila fumada del Delta"", '2 llesques de pa de massa mare', '2 tomàquets', '2 escalunyes', '1 pebrot vermell', '1 pebrot verd', '1 albergínia', ""1 cabeça d'alls"", '4 llimones', '50 g de sucre', ""50 ml d'aigua"", 'Flors de mostassa']","[""Comencem escalivant verdures. Distribuïm en una safata de forn un pebrot vermell, un pebrot verd, una albergínia, dos tomàquets i una cabeça d'alls."", ""Fiquem la safata al forn a 210º durant 30 minuts. Quan hagin passat 20 minuts, en traiem tant els tomàquets com la cabeça d'alls, i la resta ho deixem deu minuts més, fins a 30 minuts."", ""Quan hagin passat 30 minuts, posem les verdures en un colador. Agafem la cabeça d'alls escalivada i la comencem a funyir."", 'Agafem el bol amb totes les verdures escalivades i el reservem a la nevera durant dues hores.', 'Mentre tenim els vegetals a la nevera, agafem quatre llimones i les pelem de manera molt fina. Un cop tinguem les peles, les tallem a juliana de manera fina i ampla.', 'Un cop tinguem les peles de les quatre llimones, les blanquegem en un pot al foc, on posem les peles i les cobrim amb aigua freda.', ""Un cop l'aigua bulli, aboquem a un colador les peles blanquejades i les tornem a passar al pot amb aigua renovada. I repetim aquesta acció dues vegades més."", 'Un cop tinguem les peles de la llimona blanquejades, les deixem en un colador.', ""Comencem a preparar l'almívar per confitar les peles. Posem 50 g de sucre i 50 ml d'aigua en un pot al foc. Posteriorment, hi afegim les llimones blanquejades, que courem a foc suau durant 20 minuts."", 'Un cop passats aquests 20 minuts, deixem temperar-ho tot, passant-ho a un pot amb tapa.', ""Ara comencem a preparar el tàrtar d'escalivats. Agafem les verdures i les anem tallant a la brunesa."", 'Un cop tinguem tallades a la brunesa totes les verdures escalivades, agafem dues escalunyes netes i les tallem a la microbrunesa.', ""Integrem bé les verdures escalivades tallades amb les escalunyes també tallades, juntament amb la pasta d'all escalivat."", '\xa0Agafem dues llesques de pa tallat doble i en tallem quatre tires. Les posem en una safata de forn i les torrem a 180º.', ""Mentre es van torrant, agafem 200 g d'anguila fumada del Delta i la tallem en tires llargues i fines. La reservem en un plat."", ""Un cop tinguem el pa torrat és el moment d'emplatar-ho. A sobre de cada tira de pa, hi posem les verdures escalivades, les tires d'anguila fumada, la pela de la llimona confitada i unes quantes flors de mostassa.""]","['Tomàquets', 'All', 'Albergínies', 'Llimona', 'Anguila', 'Sucre', 'Pebrot verd', 'Pebrot vermell']"
Sopa de cogombre,https://www.3cat.cat/tv3/cuines/recepta/sopa-de-cogombre/44276/,5,https://img.3cat.cat/multimedia/jpg/9/4/1726564040449_326.jpg,Baixa,Menys de 30 minuts,Vegetariana,"['INGREDIENTS PER A 1 PERSONA:60 ml oli OVE40 ml de nata2 cogombres petits1 llima1 llimonaUn quart de pebrot verdUn quart de ceba tendraMig allRaig vinagreSalPebre', 'INGREDIENTS PER A 1 PERSONA:', '60 ml oli OVE', '40 ml de nata', '2 cogombres petits', '1 llima', '1 llimona', 'Un quart de pebrot verd', 'Un quart de ceba tendra', 'Mig all', 'Raig vinagre', 'Sal', 'Pebre']","['Pelem 2 cogombres petits, els buidem de llavors,\xa0 els tallem a daus i els posem al got batedor.\xa0', 'Tallem també un quart de ceba tendra que també posem al got batedor.\xa0', 'Pelem 1 all, el tallem per la meitat, en traiem el germinat i en posem mig al got batedor.\xa0\xa0', 'Tallem un quart de pebrot verd (uns 30 g), en traiem les llavors, el tallem i també el posem al got.\xa0', ""Hi afegim 60 ml d'oli d'oliva, un raig de vinagre i sal i ho turbinem.\xa0"", 'Colem la sopa i la reservem.\xa0', ""En un bol, muntem 40 ml de nata 35%. Un cop muntada hi afegim el raig d'una llimona, una pela de llimona ratllada i també d'una llima. Ho integrem fins que canvia la textura.\xa0"", 'Fem una quenelle amb la crema agra i la posem a sobre el plat on haurem abocat la sopa.\xa0\xa0']","['All', 'Cogombre', 'Llimona', 'Llima', 'Nata', 'Ceba', 'Pebrot verd']"
Milfulls de ricotta,https://www.3cat.cat/tv3/cuines/recepta/milfulls-de-ricotta/43980/,5,https://img.3cat.cat/multimedia/jpg/6/0/1720428712706_326.jpg,Baixa,,Vegetariana,"['Per a una persona100 g de ricotta50 g decodonyat1 tortilla de blat petita1 llima4 festucsSal en escatesPebreOli OVE', 'Per a una persona', '100 g de ricotta', '50 g decodonyat', '1 tortilla de blat petita', '1 llima', '4 festucs', 'Sal en escates', 'Pebre', 'Oli OVE']","[""Posem una cassola a escalfar amb tres dits d'oli.\xa0\xa0"", 'Tallem una tortilla petita en quatre\xa0parts.\xa0', ""Quan l'oli sigui calent, fregim la tortilla tallada.\xa0"", 'La reservem en una plata amb paper absorbent.\xa0\xa0', ""Posem 100 g de ricotta dins d'un bol. Hi afegim la ratlladura de pela d'una llima neta. Reservem la llima. Afegim una mica de pebre a la ricotta.\xa0"", 'Ho integrem amb cullera.\xa0\xa0', ""Posem dins d'un got batedor el suc de mitja llima i 50 g de codonyat. Ho triturem amb el braç elèctric.\xa0"", ""Si quedés massa espès, s'hi\xa0pot afegir un raig d'aigua i turbinar-ho de nou.\xa0"", 'Pelem 4 festucs i els tallem amb ganivet.\xa0\xa0', ""Muntem el milfulls amb una punta de ricotta a la base del plat. A sobre hi posem una base de tortilla fregida, una cullerada de ricotta i una cullerada de codonyat triturat.\xa0Repetim l'operació fins a acabar milfulls, o sigui, fins a fer-ne tres pisos.\xa0"", ""Acabem el plat amb uns festucs maltallats, un raig d'oli OVE\xa0i sal de Maldon.""]","['Llima', 'Farina de blat', 'Formatge', 'Pebre negre', 'Melmelades i confitures', 'Festucs']"
Copa cítrica,https://www.3cat.cat/tv3/cuines/recepta/copa-citrica/44036/,7,https://img.3cat.cat/multimedia/jpg/3/3/1721025565133_326.jpg,Baixa,Menys de 30 minuts,Vegetariana,"['INGREDIENTS PER A 1 PERSONA:1 taronja150 g gelat de llimonaSucre de vainillaGingebre en polsSuc de fruites vermellesSifóSucre blanc', 'INGREDIENTS PER A 1 PERSONA:', '1 taronja', '150 g gelat de llimona', 'Sucre de vainilla', 'Gingebre en pols', 'Suc de fruites vermelles', 'Sifó', 'Sucre blanc']","['Espremem una taronja i en colem el suc en un got americà.\xa0\xa0', 'Al mateix got hi posem 150 g de gelat de llimona, 1 culleradeta de sucre de vainilla i mitja de gingebre en pols. Ho tapem i ho triturem fins a obtenir una textura cremosa.\xa0', ""Per preparar la copa, posem en un bol sucre blanc i en un altre suc de fruites vermelles. Mullem la vora superior de la copa on anirà el gelat amb el suc de fruites vermelles i després l'arrebossem amb sucre.\xa0\xa0"", 'Aboquem amb compte el gelat de cítrics dins la copa.\xa0\xa0', 'Afegim sifó a la copa fins a omplir-la. Ho servim amb una palleta.\xa0']","['Taronja', 'Llimona', 'Maduixa', 'Gingebre', 'Sucre']"
Fideuà de lloritos,https://www.3cat.cat/tv3/cuines/recepta/fideua-de-lloritos/44196/,7,https://img.3cat.cat/multimedia/jpg/6/6/1722424821866_326.jpg,Mitjana,Menys d'una hora,,"[""INGREDIENTS PER A 4 PERSONES:500 ml fumet vermell300 g fideus120 g ceba rossa75 g farina de cigró75 g farina de blat4 lloritos4 tomacons1 gra d'allOus de llengua de bacallàVi ranciSafràOli OVEPebre negreSal"", 'INGREDIENTS PER A 4 PERSONES:', '500 ml fumet vermell', '300 g fideus', '120 g ceba rossa', '75 g farina de cigró', '75 g farina de blat', '4 lloritos', '4 tomacons', ""1 gra d'all"", 'Ous de llengua de bacallà', 'Vi ranci', 'Safrà', 'Oli OVE', 'Pebre negre', 'Sal']","[""Estenem sobre una safata al forn 300 g de fideus prims i un raig d'oli d'oliva. Ho barregem i torrem al forn durant 6 minuts a 180º. Ho remenarem cada dos minuts perquè no es cremin.\xa0"", ""Tallem a brunesa 1 all i el fem ballar en una cassola amb oli d'oliva. Hi afegim 120 g de ceba que ja tenim enrossida i l'enfosquim durant 10 minuts.\xa0"", ""Hi ratllem 4 tomacons i també hi posem pebre negre i sal. Quan l'aigua dels tomàquets s'ha evaporat hi posem un raig de vi ranci.\xa0"", 'Afegim a la cassola els fideus torrats i també uns brins de safrà. Ho integrem.\xa0\xa0', 'Aboquem a la cassola 500 ml de fumet vermell que tenim calent. Ho courem 3 minuts a foc baix. Un cop passat aquest temps, portarem la cassola al forn i ho courem 9 minuts a 180º.\xa0', 'Passem 4 lloritos per una barreja de 75 g de farina de blat i 75 g de farina de cigró. Els fregim en oli ben calent uns 3-4 minuts per cada banda. Després els posem en paper absorbent.\xa0\xa0', 'Traiem la cassola del forn i hi posem els lloritos al damunt.\xa0\xa0']","['Peix', 'Tomàquets', 'All', 'Fideus', 'Farina de blat', 'Safrà', 'Ceba', 'Oli']"
Llagosta amb patates i ou,https://www.3cat.cat/tv3/cuines/recepta/llagosta-amb-patates-i-ou/44078/,7,https://img.3cat.cat/multimedia/jpg/3/5/1721811858353_326.jpg,Baixa,Menys d'una hora,,"[""1 llagosta2 patates agres2 ous1 tomàquet1/2 ceba vermella1 gra d'allOliSalBrandiBitxo frescMantega"", '1 llagosta', '2 patates agres', '2 ous', '1 tomàquet', '1/2 ceba vermella', ""1 gra d'all"", 'Oli', 'Sal', 'Brandi', 'Bitxo fresc', 'Mantega']","[""Posem un pot al foc i hi afegirem un raig d'oli generós. Tallem mitja ceba vermella a brunesa i la posem a enrossir al pot amb oli.\xa0\xa0"", 'Mentrestant, tallem una llagosta i en traiem el cap.\xa0', 'En guardem la cua a la nevera.\xa0', ""El cap, el partim per la meitat llarga i després el tallem en trossos més petits perquè ens càpiga a\xa0l'olla.\xa0"", 'Tallem a bresa un tomàquet madur net.\xa0', ""Si la ceba ja està enrossida, afegim els talls de cap de la llagosta al pot. També hi afegim un gra d'all i ho enrossim tot.\xa0\xa0"", 'Hi afegim el tomàquet tallat i ho coem fins que perdi aigua.\xa0', 'Hi afegim un raig de brandi i ho flamegem.\xa0', ""Tallem 3 rodelles d'un bitxo fresc i l'afegim al pot.\xa0"", 'Hi afegim aigua (un dit, aproximadament) i deixem que faci xup-xup uns 5 minuts.\xa0\xa0', ""Passem el cap de llagosta i tot el que hi ha dins l'olla al got americà.\xa0"", 'Ho triturem tot i després ho colem.\xa0', 'Aboquem la salsa colada a un altre pot i ho escalfem. Volem concentrar-ne els sabors i per això ho reduïm.\xa0', 'Posem una paella profunda amb oli a escalfar. Serà per fregir-hi les patates. Mentrestant, pelem i tallem a bastonets 2 patates agres ja netes.\xa0', 'Fregim les patates fins que quedin enrossides.\xa0\xa0', 'Reservem les patates en un plat amb paper absorbent. Les salem i després les posem en un plat sense paper. \xa0', 'Amb el mateix oli fregim 2 ous.\xa0', ""Posem una paella nova al foc amb un raig d'oli.\xa0"", 'Recuperem la cua de la llagosta i la tallem seguint les marques de les anelles.\xa0', 'Marquem la llagosta a la nova paella.\xa0', 'Comprovem la salsa. Si ja té la textura desitjada, apaguem el foc i hi afegim una nou de mantega. La distribuïm bé perquè es fongui.\xa0', 'Emplatem en una safata les patates fregides, els ous --per sobre-- i al costat, les rodelles de la llagosta. La salsa la posem per sobre de la llagosta.\xa0']",
Cebiche de llobarro amb magrana,https://www.3cat.cat/tv3/cuines/recepta/cebiche-de-llobarro-amb-magrana/44037/,7,https://img.3cat.cat/multimedia/jpg/7/2/1721025895827_326.jpg,Baixa,Menys de 30 minuts,,"['INGREDIENTS PER A 1 PERSONA:120 g llobarro sense pell ni espines1 llima1 magrana1 panotxa de blat de moro cuitaCoriandreCeba moradaBlat de moro fregit gegantSalPebre', 'INGREDIENTS PER A 1 PERSONA:', '120 g llobarro sense pell ni espines', '1 llima', '1 magrana', '1 panotxa de blat de moro cuita', 'Coriandre', 'Ceba morada', 'Blat de moro fregit gegant', 'Sal', 'Pebre']","[""Tallem pel mig una magrana. En buidem una meitat i en guardem els grans en un bol. Espremem l'altra meitat i n'aboquem el suc en un altre bol.\xa0"", 'Al bol dels grans de magrana hi afegim un quart de ceba morada tallada a juliana.\xa0', 'En aquest mateix bol hi afegim els grans de mitja panotxa cuita de blat de moro.\xa0', ""En el bol del líquid, hi afegim el suc d'una llima.\xa0\xa0"", 'Tallem a daus 120 g de llobarro descongelat --sense pell ni espines-- que salpebrem. El posem al bol dels sucs durant dos minuts.\xa0', 'Passem al bol dels grans de magrana i blat de moro el contingut del bol on hi tenim el peix. També hi afegim tiges de coriandre que desfullem. Ho salpebrem tot i ho integrem.\xa0', ""Mal tallem blat de moro gegant cruixent i l'acabem d'afegir per sobre el cebiche.\xa0"", '\xa0']","['Peix', 'Llima', 'Blat de moro', 'Coriandre', 'Ceba']"
Arròs amb seitons,https://www.3cat.cat/tv3/cuines/recepta/arros-amb-seitons/44157/,7,https://img.3cat.cat/multimedia/jpg/9/1/1722322495119_326.jpg,Baixa,Menys d'una hora,,"[""4 tomacons350 g d'arròs rodó8 seitons1 pebrot vermell1 pastanaga1 porro5 xiitakes1 llimona1 l d'aigua2 grans d'allVinagre de vi blancVi blancManat de julivertOliSal"", '4 tomacons', ""350 g d'arròs rodó"", '8 seitons', '1 pebrot vermell', '1 pastanaga', '1 porro', '5 xiitakes', '1 llimona', ""1 l d'aigua"", ""2 grans d'all"", 'Vinagre de vi blanc', 'Vi blanc', 'Manat de julivert', 'Oli', 'Sal']","['Comencem preparant el brou. Tenim una olla al foc i tallem a la brunesa menuda una pastanaga ja pelada i un porro ja pelat.', ""Posteriorment, enrossim els vegetals. Afegim un raig d'oli a l'olla i hi afegim els vegetals ja tallats. Ho deixem durant tres minuts."", 'Mentrestant, tallem una rodella de llimona i la reservem.', ""Quan tinguem els vegetals enrossits, aboquem a l'olla un raig de vi blanc i deixem que l'alcohol s'evapori."", ""Hi afegim la rodella de llimona, cinc xiitakes, tres tiges de julivert i un litre d'aigua. Ho deixem coure durant 30 minuts a foc mitjà."", ""Mentrestant comencem a preparar els seitons. N'obrim vuit i els netegem."", ""Ara preparem el marinat del peix. Pelem i ratllem en un bol dos grans d'all, tallem menut el julivert i l'afegim al bol. Hi afegim un raig de vinagre de vi blanc i un raig d'oli. Ho integrem."", 'Pintem els cigrons amb aquesta preparació i deixem que es marinin durant 15 minuts.', ""Comencem a preparar l'arròs i, per tant, escalfem una paella. El brou l'hem de colar i deixar que s'escalfi, també. Mentre els dos estris són al foc, tallem a tires un quart de pebrot vermell ja net."", ""Un cop tallat, l'afegim a la paella amb una mica d'oli i l'enrossim durant dos minuts. El reservem en un plat un cop el tinguem fet."", ""Afegim a la paella 350 g d'arròs rodó i el perlem durant tres minuts."", 'Sobre la paella ratllem quatre tomacons ja nets i ho integrem tot. Ho deixem coure un minut.', 'A la paella hi afegim una mica de sal i el brou colat i calent. Ho coem durant 12 minuts. Els primers dos minuts seran a foc fort i els últims 10 a foc mitjà.', ""Quan hagin passat els 12 minuts, apaguem el foc i afegim a la paella les tires de pebrot reservades i els seitons marinats. Salem el peix, ho tapem i ho coem durant dos minuts més amb l'escalfor residual. \xa0"", ""Passats els dos minuts ho destapem i ja tenim l'arròs a punt per tastar-lo.""]","['Peix', 'Tomàquets', 'All', 'Porro', 'Pastanagues', 'Llimona', 'Arròs rodó', 'Julivert', 'Pebrot vermell', 'Xiitake']"
Amanida de taronja i bacallà,https://www.3cat.cat/tv3/cuines/recepta/amanida-de-taronja-i-bacalla/44018/,7,https://img.3cat.cat/multimedia/jpg/3/1/1720683873013_326.jpg,Baixa,,,"['1 taronja40 g de bacallà en oli6 olives negres amb pinyol1 ou1 ceba moradaRucaOliVinagre', '1 taronja', '40 g de bacallà en oli', '6 olives negres amb pinyol', '1 ou', '1 ceba morada', 'Ruca', 'Oli', 'Vinagre']","['Comencem bullint aigua i quan arribi a bullir hi afegim un\xa0ou amb cura i el coem durant 7 minuts.', ""Passats els 7 minuts, traiem l'ou amb cura i l'afegim a un bol amb aigua i gel. Un cop dins, hi afegim un raig de vinagre i deixem que es vagi refredant."", ""Tallem una ceba morada a juliana i l'afegim en un bol."", ""Agafem 40 g de bacallà en oli, el tallem a tires gruixudes i l'afegim al bol."", 'Pelem i tallem a grills una\xa0taronja. Fem els grills encara més petits.\xa0Els tallem per la meitat i els posem al\xa0bol.', ""Acabem l'amanida afegint-hi ruca, 6 olives negres amb pinyol, pebre negre, sal i oli. I ho integrem bé amb dues\xa0culleres."", ""Traiem l'ou amb aigua i gel i el pelem i tallem per la meitat."", ""Un cop el\xa0tinguem pelat ho emplatem tot. Posem una ració d'amanida i ho acabem amb les dues meitats de l'ou a sobre el plat.""]","['Ous', 'Taronja', 'Bacallà', 'Ceba', 'Olives', 'Oli']"
Aguachile de sorell i síndria,https://www.3cat.cat/tv3/cuines/recepta/aguachile-de-sorell-i-sindria/44256/,7,https://img.3cat.cat/multimedia/jpg/1/3/1725616932031_326.jpg,Baixa,Menys de 30 minuts,,"['800 g de sorells600 g de síndria2 cogombres mini2 llimes1 ceba morada1 alvocat1 xili frescCoriandre frescOli OVEPebre negreSal', '800 g de sorells', '600 g de síndria', '2 cogombres mini', '2 llimes', '1 ceba morada', '1 alvocat', '1 xili fresc', 'Coriandre fresc', 'Oli OVE', 'Pebre negre', 'Sal']","[""Comencem per fer un bany de sal als sorells que, un cop nets, pesaran uns 400 g. Aboquem a un got batedor 500 ml d'aigua i 5 g de sal. Ho turbinem.\xa0"", ""Un cop descongelats i netejats els sorells, els tallem a daus i els posarem en un bol junt amb la barreja d'aigua i sal durant 10 minuts.\xa0"", 'Tallem a juliana fina una ceba morada i la reservem. Tallem 2 cogombres petits conservant-ne la pell a rodelles i els reservem. \xa0', 'Tallem a trossos grans 600 g de síndria sense pell ni llavors i els posem en un vas americà. De síndria en reservem 100 g per al final. \xa0\xa0', ""Al vas americà hi espremem 2 llimes, hi posem la meitat d'un xili fresc sense llavors i un pessic de sal. Ho triturem.\xa0"", 'Colarem el contingut del vas americà en un bol fred de nevera i ho reservem.\xa0', 'Pelem i tallem a daus un alvocat que afegim al bol. També hi afegim la ceba i els cogombrets. \xa0', ""Escorrem el sorell i també l'afegim al bol. \xa0"", ""Per últim, tallem a rodelles el mig xili que no hem fet servir i l'afegim per sobre l'aguachile, junt amb unes fulles de coriandre i els trossets de síndria reservats.\xa0""]","['Peix', 'Cogombre', 'Síndria', 'Llima', 'Coriandre', 'Ceba', 'Alvocat']"
Pastisset de poma amb melmelada,https://www.3cat.cat/tv3/cuines/recepta/pastisset-de-poma-amb-melmelada/43978/,7,https://img.3cat.cat/multimedia/jpg/4/0/1720427272904_326.jpg,Baixa,Menys de 30 minuts,,"['Per a 2 persones:1/2 pasta de full1 poma golden2 cullerades de melmelada de préssecSucre1 ouCanyella en pols', 'Per a 2 persones:', '1/2 pasta de full', '1 poma golden', '2 cullerades de melmelada de préssec', 'Sucre', '1 ou', 'Canyella en pols']","['Tallem pel mig una poma golden i la pelem.\xa0\xa0', 'Laminem la poma amb la mandolina o la tallem amb el ganivet, ben fina.\xa0\xa0', ""Tallem pel mig 1/2 full d'una pasta de full.\xa0\xa0"", 'Cobrim la meitat de la pasta de full amb la poma laminada, encavalcant cada tall amb el tall anterior. Ho empolsimem amb canyella en pols.\xa0\xa0', ""Pintem l'altre full amb unes quantes cullerades de melmelada de préssec.\xa0\xa0"", 'Tapem el full de la poma amb el full de la melmelada.\xa0\xa0', 'Tanquem el perímetre amb una forquilla.\xa0', ""Batem un ou en una tassa i pintem el pastís amb l'ou batut.\xa0\xa0"", ""Deixem el pastís a sobre d'una safata de forn. Empolsimem el pastís amb sucre. Fiquem el pastís al forn, 20 minuts, a 200 ºC.\xa0"", ""Deixem que el pastís es refredi i l'emplatem.\xa0""]","['Ous', 'Pomes', 'Canyella', 'Sucre']"
Broquetes de pollastre,https://www.3cat.cat/tv3/cuines/recepta/broquetes-de-pollastre/43977/,7,https://img.3cat.cat/multimedia/jpg/1/3/1720426789531_326.jpg,,Menys de 30 minuts,,"[""Per a 1 persona180 g contracuixa de pollastre desossada2 taronges1 escalunya1 gra d'allMelMostassa de DijonJulivertOli OVEPebre negreSal"", 'Per a 1 persona', '180 g contracuixa de pollastre desossada', '2 taronges', '1 escalunya', ""1 gra d'all"", 'Mel', 'Mostassa de Dijon', 'Julivert', 'Oli OVE', 'Pebre negre', 'Sal']","['Tallem a daus petits una contracuixa de pollastre.\xa0', 'Clavem els daus de pollastre en tres\xa0broquetes.\xa0', 'Salpebrem les broquetes.\xa0', ""En un bol, ratllem un gra d'all i mitja ceba.\xa0"", 'Espremem al bol el suc de mitja taronja.\xa0', 'Piquem unes fulles de julivert i les afegim al bol.\xa0', ""Hi afegim un raig d'oli OVE.\xa0"", 'Ho integrem bé.\xa0\xa0', 'Amb un pinzell, pintem el pollastre amb el marinat que hi ha al bol.\xa0', 'Posem una planxa a escalfar i, quan estigui ben calenta, hi marquem les broquetes de pollastre per totes les cares.\xa0\xa0', ""En 2 minuts, aproximadament, haurien d'estar cuites.\xa0"", ""Mentrestant, podem acabar de fer la salsa amb el suc de l'altra 1/2 taronja, que espremem i deixem en un bol.\xa0"", 'Afegim una cullerada de mel de mil flors i una culleradeta de mostassa de Dijon. Remenem la salsa amb una vareta manual petita.\xa0', 'Emplatem les broquetes i les presentem amb la salsa.\xa0', 'Ho acabem amb una mica de ratlladura de pell de taronja.\xa0']","['All', 'Taronja', 'Pollastre', 'Julivert', 'Pebre negre', 'Ceba', ""Oli de d'oliva""]"
Pasta amb conill,https://www.3cat.cat/tv3/cuines/recepta/pasta-amb-conill/44160/,7,https://img.3cat.cat/multimedia/jpg/8/1/1722327353918_326.jpg,Baixa,Menys d'una hora,,"[""1 conill petit ja net80 g de cigrons1 ceba de Figueres1 pebrot verd italià2 tomacons200 g gurullos5 avellanes torrades2 grans d'all1 nyoraFarigolaLlorerBrins de safràJulivertPebreSalOli"", '1 conill petit ja net', '80 g de cigrons', '1 ceba de Figueres', '1 pebrot verd italià', '2 tomacons', '200 g gurullos', '5 avellanes torrades', ""2 grans d'all"", '1 nyora', 'Farigola', 'Llorer', 'Brins de safrà', 'Julivert', 'Pebre', 'Sal', 'Oli']","[""Comencem preparant els cigrons. Hem d'hidratar 80 g de cigrons (pes en cru) i un cop els tinguem hidrats els pelem."", 'Posem un\xa0pot al foc amb aigua i també posem una cassola a escalfar.', ""Comencem a preparar el conill, un conill petit tallat a bocins. El salpebrem i l'afegim a la cassola, juntament amb un raig d'oli, dos grans d'all, que haurem aixafat abans, farigola i una nyora, que maltallem."", ""Deixem que s'enrosseixi amb la cassola mig tapada."", 'Mentrestant tallem a daus una ceba de Figueres ja pelada i un pebrot verd italià net.', 'Retirem de la cassola el conill, la nyora i els alls enrossits i descartem la farigola, que ja ha fet la seva funció. Ho reservem.', ""Afegim a la cassola la ceba i el pebrot tallats i hi afegim una mica d'oli si cal. Ho enrossim tot durant vuit minuts."", 'Mentrestant fem una picada. Posem al morter la nyora enrossida, uns brins de safrà i uns alls enrossits que pelem. Quan ho tinguem tot dins el morter, ho piquem.', 'Quan hagin passat els vuit minuts, afegim a la cassola el conill que hem reservat, la picada, dos tomacons ja nets que ratllem directament a la cassola, sal i pebre. Ho integrem i ho coem durant dos minuts.', 'Ho coem tot amb els cigrons pelats, aigua calenta fins a cobrir-ho tot i llorer, i deixem que es cogui mig tapat durant deu minuts.', 'Ho destapem, afegim a la cassola 200 g de gurullos i els coem durant set minuts.', 'Mentrestant, posem al morter cinc avellanes torrades i les esmicolem fins a fer-ne farina. Ho afegim a la cassola i ho integrem.', 'Tallem julivert menut.', 'Quan hagin passat set minuts ho emplatem i a cada ració hi afegim el julivert tallat.']","['Pasta', 'Tomàquets', 'All', 'Cigró', 'Conill', 'Julivert', 'Farigola', 'Llorer', 'Safrà', 'Pebre negre', 'Ceba', 'Avellanes', 'Pebrot verd', 'Nyores']"
Tomàquet farcit d'amanida,https://www.3cat.cat/tv3/cuines/recepta/tomaquet-farcit-damanida/43937/,7,https://img.3cat.cat/multimedia/jpg/9/1/1720005282619_326.jpg,Baixa,Menys de 30 minuts,,"['INGREDIENTS PER A 1 PERSONA1 tomàquet cor de bou50 g formatge fresc de cabra15 ml oli OVE10 g panses10 g olives sense pinyol7 ml vinagre de Mòdena5 g tàperes5 g pinyons torrats2 anxovesAlfàbrega frescaOrenga frescaPebre negreSal', 'INGREDIENTS PER A 1 PERSONA', '1 tomàquet cor de bou', '50 g formatge fresc de cabra', '15 ml oli OVE', '10 g panses', '10 g olives sense pinyol', '7 ml vinagre de Mòdena', '5 g tàperes', '5 g pinyons torrats', '2 anxoves', 'Alfàbrega fresca', 'Orenga fresca', 'Pebre negre', 'Sal']","[""Agafem un tomàquet cor de bou, el tallem per la part superior i, amb l'ajuda d'una cullera, el buidem. Guardem la part superior per a l'emplatat.\xa0"", 'Comencem el farcit tallant a trossos la carn que hem tret del tomàquet. La reservem en un bol.\xa0', ""Tallem a trossos 50 g de formatge de cabra i l'afegim al bol.\xa0"", ""A continuació, piquem menut 2 lloms d'anxoves i els passem al bol.\xa0"", ""Agafem i maltallem un grapat d'olives sense pinyol. Les afegim al bol, amb unes panses i uns pinyons torrats.\xa0"", 'Acabem el farcit amb una cullerada de tàperes que, si voleu, podeu maltallar.\xa0', 'Salem i pebrem el farcit i ho barregem bé amb una cullera.\xa0', 'Farcim el tomàquet i el reservem un moment.\xa0', ""Fem una vinagreta posant en un pot de vidre 2 parts d'oli d'oliva i 1 de vinagre de Mòdena. Hi afegim un polsim de sal. Acabem la vinagreta maltallant unes fulles d'alfàbrega fresca i unes fulles d'orenga fresca. Tapem el pot, sacsegem i ja tenim la vinagreta a punt.\xa0"", 'En el moment de servir, posem una mica de vinagreta per damunt del farcit i presentem el tomàquet tapant-lo amb la part superior tallada.\xa0\xa0']","['Tomàquets', 'Anxoves', 'Formatge']"
''Ensaladilla'' de Salamanca,https://www.3cat.cat/tv3/cuines/recepta/ensaladilla-de-salamanca/44017/,7,https://img.3cat.cat/multimedia/jpg/2/9/1720682824292_326.jpg,Baixa,,,"['2 cotnes de blat50 g maionesa50 g pastanaga30 g pèsols40 g ventresca bonítol3 bitxos2 tomàquets secs en oliTabasc', '2 cotnes de blat', '50 g maionesa', '50 g pastanaga', '30 g pèsols', '40 g ventresca bonítol', '3 bitxos', '2 tomàquets secs en oli', 'Tabasc', '']","['Comencem pelant i tallant a dauets 50 g de pastanaga.', ""Posem dins un drap la pastanaga a dauets i 30 g de pèsols congelats. Els tanquem fent un farcell que mullem bé amb aigua \xa0i el posem dins d'un bol."", 'Posem al microones el bol amb el farcell i ho coem durant dos minuts i mig a 800 W.', 'Tallem 2 tomàquets secs en oli i 3 bitxos i ho reservem en un nou bol.', ""Agafem 40 g de ventresca de bonítol i l'afegim al bol."", ""Passats els 2 minuts i mig traiem el bol del microones i descartem l'aigua de la cocció, si n'ha quedat. Els pèsols i la pastanaga cuits els afegim al bol amb la resta d'ingredients i els integrem."", 'Ho amanim amb 50 g de maionesa i unes gotes de tabasc.', ""Acabem emplatant-ho, fent servir com a base 2 cotnes de blat. Cada una la farcim amb l'ensaladilla i un tall de ventresca.""]","['Tomàquets', 'Pastanagues', 'Pèsols', 'Tabasco', 'Bonítol']"
Marinats per a carn vermella,https://www.3cat.cat/tv3/cuines/recepta/marinats-per-a-carn-vermella/44057/,7,https://img.3cat.cat/multimedia/jpg/3/6/1721201163163_326.jpg,Baixa,Menys de 30 minuts,,"[""Marinat per a carn vermella duraPasta de nyoraSucreGra d'allSalOliAiguaMarinat per a carn tova tipus filet1 taronjaMostassa de DijonMostassa antigaMelOliMarinat per a daus de vedella1 gingebre1 llimona1 cúrcuma"", 'Marinat per a carn vermella dura', 'Pasta de nyora', 'Sucre', ""Gra d'all"", 'Sal', 'Oli', 'Aigua', '', 'Marinat per a carn tova tipus filet', '1 taronja', 'Mostassa de Dijon', 'Mostassa antiga', 'Mel', 'Oli', '', 'Marinat per a daus de vedella', '1 gingebre', '1 llimona', '1 cúrcuma']","['Comencem el primer marinat. Posem en un pot una cullerada de pasta de nyora, dues\xa0cullerades de sucre i dues\xa0de sal.', ""Pelem un gra d'all i el ratllem directament al pot amb un ratllador fi."", ""Finalment, hi afegim els líquids, en aquest cas una\xa0cullerada d'oli i dues cullerades d'aigua. Ho barregem amb una vareta manual petita. Aquest marinat és per a trossos de carn per fer-ne bistec i la carn hi haurà d'estar durant 8 hores."", 'Comencem el segon marinat posant en un pot una cullerada de mostassa de Dijon, una de mostassa antiga i una cullerada de mel.', ""Tallem per la meitat una taronja, n'espremem una meitat i afegim el suc al pot."", ""Ho acabem amb una mica més de líquids, en concret una cullerada d'oli, i ho barregem bé amb una vareta. Aquest marinat el farem servir per a carn filetejada i l'hi hem de deixar durant 2 hores."", ""I preparem el tercer marinat. Pelem la meitat d'un dit de gingebre i el ratllem al pot i posteriorment hi ratllem també cúrcuma."", 'Agafem unes fulles de coriandre, ho piquem i ho afegim al pot.', ""Tallem per la meitat una llimona, n'espremem una meitat, i aboquem el suc al pot. Quan tinguem tots els ingredients al pot, ho barregem amb vareta manual."", 'Un cop tinguem el marinat, el farem servir per a daus de vedella per fer broquetes, i els hi deixarem marinar durant 4 hores.']","['Taronja', 'Llimona', 'Cúrcuma', 'Gingebre', 'Sucre', 'Nyores']"
Truita de botifarra amb suc,https://www.3cat.cat/tv3/cuines/recepta/truita-de-botifarra-amb-suc/44058/,7,https://img.3cat.cat/multimedia/jpg/4/2/1721204869424_326.jpg,Baixa,Menys d'una hora,,"[""350 g de patata Monalisa6 ous1 botifarra de perol130 g ceba enrossida4 tomacons2 grans d'allSafrà200 ml glaça de porc40 g nousJulivertOli"", '350 g de patata Monalisa', '6 ous', '1 botifarra de perol', '130 g ceba enrossida', '4 tomacons', ""2 grans d'all"", 'Safrà', '200 ml glaça de porc', '40 g nous', 'Julivert', 'Oli']","[""Comencem preparant el suc. Deixem una cassola al foc i, mentre es va escalfant, pelem i tallem un gra d'all. Quan ho tinguem, afegim l'all a la cassola amb una mica d'oli i el fem ballar."", ""Quan l'all comença a ballar, afegim 130 g de ceba enrossida i deixem que cogui durant uns minuts."", 'Mentrestant, afegim a un altre pot 200 ml de glaça de porc que escalfem a foc molt baix.', 'Seguim fent el suc. Ratllem 4 tomacons ja nets i els afegim a la cassola. Deixem que cogui durant 5 minuts.', ""Un cop tinguem escalfada la glaça, l'afegim a la cassola i ho coem tot durant 10 minuts."", ""Mentre s'acaba de fer el suc, fem una picada. Afegim a un morter un gra d'all pelat, 40 g de nous, un pessic de safrà i unes fulles de julivert."", 'Afegim la picada a la cassola, la integrem i ho reservem.', 'Escalfem una altra paella i hi afegim oli.', 'Mentre es va escalfant la paella, pelem i escapcem a trossos petits 350 g de patates Monalisa. Quan en tinguem els trossos, els afegim a la paella amb oli i ho fregim a foc baix.', ""Traiem la pell de la botifarra de perol i esmicolem la carn i l'afegim a una altra paella amb una mica d'oli i la saltem."", 'Mentre es va fent la botifarra, trenquem sis ous i el batem en un bol.', 'Afegim al bol dels ous, la botifarra saltada, la patata fregida i sal, i ho integrem.', 'Posem la paella al foc i fem la truita, la coem per les dues bandes.', ""Un cop feta, l'emplatem i, per sobre, hi posem el suc.""]","['Ous', 'Tomàquets', 'All', 'Patates', 'Julivert', 'Safrà', 'Ceba', 'Nous']"
Copa de figues i formatge,https://www.3cat.cat/tv3/cuines/recepta/copa-de-figues-i-formatge/43996/,7,https://img.3cat.cat/multimedia/jpg/6/6/1720515704366_326.jpg,Baixa,Menys de 30 minuts,Vegetariana,"[""INGREDIENTS PER A 1 PERSONA:100 g figues100 g formatge d'untar30 g formatge rul·lo de cabra20 g sucre15 ml aiguaCanyella en pols"", 'INGREDIENTS PER A 1 PERSONA:', '100 g figues', ""100 g formatge d'untar"", '30 g formatge rul·lo de cabra', '20 g sucre', '15 ml aigua', 'Canyella en pols']","[""Tallem a daus 3 figues. Les posem en un pot juntament amb 20 g de sucre i 15 ml d'aigua. Les courem 5 minuts a foc mitjà alt removent perquè no s'enganxin.\xa0 Si cal, sempre s'hi pot afegir una mica més d'aigua. Un cop cuites, les aixafarem amb una forquilla.\xa0"", ""Tallem 30 g de formatge rul·lo de cabra, en descartem la pela i l'esmicolem. El posarem en un bol juntament amb 100 g de formatge d'untar i els barregem bé.\xa0"", 'Posem en una copa una cullerada de la melmelada de figues, una de la barreja de formatges i ho repetim. Finalment, hi posem canyella en pols per sobre. Ja es pot servir.\xa0']","['Figues', 'Formatge', 'Canyella', 'Sucre']"
Lluç a la romana,https://www.3cat.cat/tv3/cuines/recepta/lluc-a-la-romana/43756/,9,https://img.3cat.cat/multimedia/jpg/9/7/1718085839879_326.jpg,Baixa,Menys de 30 minuts,,"['Per a una persona170 g lluç1 llima2 ousFarinaSalOli OVEPebre blancGingebre en polsOrengaFonollJulivert', 'Per a una persona', '170 g lluç', '1 llima', '2 ous', 'Farina', 'Sal', 'Oli OVE', 'Pebre blanc', 'Gingebre en pols', 'Orenga', 'Fonoll', 'Julivert']","['Comencem fent la maionesa cítrica. Trenquem un ou al got batedor i hi afegim la ratlladura de mitja llima, el suc de la mitja\xa0llima, sal, pebre blanc, mitja culleradeta de gingebre en pols i oli OVE fins a cobrir-ho.\xa0\xa0', 'Ho emulsionem amb el braç elèctric. \xa0', 'Tallem amb el ganivet una barreja de fulles aromàtiques fresques: julivert, fonoll\xa0i orenga. Afegim les fulles al bol de la maionesa i ho integrem.\xa0\xa0', 'Posem una paella amb oli abundant a escalfar. És on fregirem el lluç.\xa0', 'Trenquem un ou en un bol i el muntem una estona llarga amb les varetes elèctriques.\xa0\xa0', 'Tallem 170 g de lluç en forma de dits i ho salpebrem.\xa0', ""Enfarinem el lluç en un plat i d'allà el passem per l'ou.\xa0\xa0"", 'Posem el lluç a fregir en tongades.\xa0\xa0', 'Un cop fregit, posem el lluç sobre un paper absorbent i, després de pocs minuts, el portem a un plat sense paper.\xa0', ""Espolsem la ratlladura de l'altra mitja llima sobre el lluç fregit\xa0"", 'Emplatem el lluç amb un bol amb la maionesa de cítrics.\xa0']","['Ous', 'Fonoll', 'Llima', 'Lluç', 'Farina', 'Julivert', 'Gingebre', 'Orenga', 'Pebre blanc']"
Crep bretona,https://www.3cat.cat/tv3/cuines/recepta/crep-bretona/43518/,9,https://img.3cat.cat/multimedia/jpg/2/5/1716808164052_326.jpg,Baixa,Menys d'una hora,,"['Pels creps500 ml aigua200 g farina de fajol50 g farina de blat1 ou1 cullerada mantega1 pessic de salPel farcit100 g formatge gruyère50 g botifarra de llengua50 g botifarra de donja40 g barreja de fruites seques4 ousLletsó', 'Pels creps', '500 ml aigua', '200 g farina de fajol', '50 g farina de blat', '1 ou', '1 cullerada mantega', '1 pessic de sal', 'Pel farcit', '100 g formatge gruyère', '50 g botifarra de llengua', '50 g botifarra de donja', '40 g barreja de fruites seques', '4 ous', 'Lletsó']","[""Comencem fent la massa de les creps. Afegim a un got batedor prou gran i ample 200 g farina de blat cairat o farina de fajol, 50 g de farina de blat, 1 ou, 1 cullerada de mantega textura pomada, 1 pessic de sal i mig\xa0litre d'aigua. Ho turbinem bé fins que obtinguem una massa ben fina.\xa0"", ""Tapem el got amb un plat i ho deixem reposar un mínim d'una hora a la nevera.\xa0"", ""Passat aquest temps, traiem la massa de la nevera i la barregem una mica amb les varetes manuals. Hem de comprovar la textura de la massa. Ha de tenir una textura de salsa; si estigués massa espessa, podem afegir-hi un rajolí d'aigua i barrejar-ho de nou.\xa0"", ""Desfem en una paella plana una nou de mantega. Un cop fosa i amb la paella força calenta, hi tirem un cullerot de massa de crep. L'escampem bé perquè es distribueixi de manera equitativa, però que quedi ben fina.\xa0\xa0"", ""Deixem que es cogui per una cara i la\xa0girem\xa0perquè es cogui per l'altra.\xa0"", 'Un cop feta, reservem la crep en un plat embolicat amb un drap de cotó. Si cal, podem fer les altres creps.\xa0', 'Tallem amb ganivet un grapat generós de barreja de fruits secs i ho reservem en un bol.\xa0', ""Agafem una de les creps fetes i la posem a la crepera calenta. Hi posem unes llesques de formatge gruyère o semblant tallat ben fi. Hi posem unes llesques de bull de llengua i botifarra de donja i un ou. Hi posem un pessic de sal. Deixem que la clara de l'ou es vagi fent i tanquem la crep en quadrat. Afegim a la crep unes fulles netes de lletsó o alguna altra fulla de marge.\xa0"", 'Ho acabem amb la picada de fruites seques.\xa0']","['Ous', 'Porc', 'Farina']"
Rotllets de festucs,https://www.3cat.cat/tv3/cuines/recepta/rotllets-de-festucs/43778/,9,https://img.3cat.cat/multimedia/jpg/2/4/1718177449742_326.jpg,Baixa,Menys d'una hora,,"['1 làmina de pasta de full75 g sucre llustre70 g festucs naturals i pelats1 llima', '1 làmina de pasta de full', '75 g sucre llustre', '70 g festucs naturals i pelats', '1 llima']","['Comencem triturant 70 g de festucs. Els triturem fi, però que quedin trossets.', 'Un cop ho tinguem, en reservem dues cullerades per emplatar. La resta la posarem dins de la pasta de full.', ""Estenem a la fusta 1 làmina de pasta de full. La tallem per la meitat i en reservem una. L'altra la fem servir per a la recepta. Farcim la pasta de full amb festucs triturats. I emboliquem la pasta de full al llarg."", 'Tallem el cilindre farcit en 6 trossos, agafem una safata per al forn i hi posem un paper de forn arrugat prèviament i hi distribuïm els rotllets.', 'Ho enfornem durant 30 minuts a 200º.', ""Abans que surtin els rotllets del forn, fem glacejat de llima. Posem en un bol 75 g de sucre de llustre, una mica de pell de llima i un bon raig de suc de llima. Ho barregem bé fins a aconseguir una textura semblant a la d'un iogurt bevible."", 'Traiem del forn els rotllets un cop hagin passat els 30 minuts,\xa0els cobrim amb el glacejat de llima i ho enfornem durant un minut més.', 'Passat el minut, traiem la safata del forn i traslladem els rotllets a una altra safata, on posarem a sobre festucs triturats.']","['Llima', 'Sucre', 'Festucs']"
Peixet fregit,https://www.3cat.cat/tv3/cuines/recepta/peixet-fregit/43897/,9,https://img.3cat.cat/multimedia/jpg/0/4/1719392009040_326.jpg,Baixa,Menys de 30 minuts,,"['INGREDIENTS PER A 1 PERSONA150 g rajada1 tomàquet pebrot1 ceba tendraMig pebrot verdFarinaVinagre de viOli OVEPebre negreSal', 'INGREDIENTS PER A 1 PERSONA', '150 g rajada', '1 tomàquet pebrot', '1 ceba tendra', 'Mig pebrot verd', 'Farina', 'Vinagre de vi', 'Oli OVE', 'Pebre negre', 'Sal']","['Tallem a trossos una ceba tendra, la posem en un bol i la salem. Deixem que suï uns minuts.\xa0', ""Escalfem un dit d'oli oli en una paella.\xa0"", 'Traiem les llavors i tallem a daus mig\xa0pebrot verd. Fem el mateix amb un tomàquet tipus pebrot. Els reservem un moment a la fusta.\xa0', ""Agafem el bol amb la ceba, hi afegim aigua i l'escorrem a la pica.\xa0"", ""En un bol més gran hi posem la ceba escorreguda, el tomàquet i el pebrot. Ho amanim amb un raig d'oli, unes gotes de vinagre i una mica de pebre negre molt.\xa0"", 'Salem i enfarinem 150 g de rajada sense pell.\xa0\xa0', ""Quan l'oli està calent, fregim la rajada. Un cop fregida, la reservem un moment en un plat amb paper absorbent per retirar l'excés d'oli.\xa0"", ""Emplatem posant en una banda l'amanida, la rajada fregida i acabem el plat amb unes gotes de suc de llimona. I ja ho tenim a punt per menjar.\xa0"", '\xa0']",
Sopa de bolets i fruits secs,https://www.3cat.cat/tv3/cuines/recepta/sopa-de-bolets-i-fruits-secs/43857/,9,https://img.3cat.cat/multimedia/jpg/6/0/1718785892106_326.jpg,Baixa,Menys de 10 minuts,,"['80 g de xiitakes frescos', '300 ml de brou pollastre', '20 g de molla de pa blanc', 'Barreja de fruita seca', 'Vi ranci', 'Pebre', 'Farigola', 'Sal', 'Oli', '']",[],"['Fruita seca', 'Farigola', 'Pebre negre', 'Xiitake']"
Ensaladilla de llagostins,https://www.3cat.cat/tv3/cuines/recepta/ensaladilla-de-llagostins/43898/,9,https://img.3cat.cat/multimedia/jpg/1/4/1719392205141_326.jpg,Baixa,Menys de 30 minuts,,"['INGREDIENTS PER A 1 PERSONA:6 llagostins1/2 cabdell1/2 pastanagaMostassa antigaMaionesaGingebre frescLlimonaCibuletOli OVE', 'INGREDIENTS PER A 1 PERSONA:', '6 llagostins', '1/2 cabdell', '1/2 pastanaga', 'Mostassa antiga', 'Maionesa', 'Gingebre fresc', 'Llimona', 'Cibulet', 'Oli OVE']","['Escalfem oli en una paella i a foc fort hi saltem 6 cues de llagostins pelades durant 10 segons. Ho reservem.\xa0', 'Aboquem a la mateixa paella els caps dels llagostins, els saltem 20 segons i hi espremem unes gotes de suc de llimona. Després aixafem els caps amb una ma de morter a la mateixa paella. Per últim, ho colem al bol on hi tenim les cues i el suc dels caps.\xa0', ""Ratllem al mateix bol gingebre fresc pelat. També hi afegim una cullerada d'oli d'oliva i ho integrem tot.\xa0"", 'Tallem a juliana mig cabdell i també mitja pastanaga. Després hi afegim 1 cullerada de mostassa antiga i una cullerada de maionesa. Ho barregem tot.\xa0', 'Piquem cibulet.\xa0', ""Per acabar, posem una base d'ensaladilla en un plat, els llagostins per sobre, el suc de la marinada i per últim el cibulet picat.\xa0""]","['Enciams', 'Pastanagues', 'Llimona', 'Llagostí', 'Gingebre']"
Tiramisú de nous,https://www.3cat.cat/tv3/cuines/recepta/tiramisu-de-nous/43981/,9,https://img.3cat.cat/multimedia/jpg/0/5/1720435379450_326.jpg,Mitjana,Menys d'una hora,Vegetariana,"['INGREDIENTS PER A 4 PERSONES:270 g de mascarpone200 g de sucre120 g de farina130 ml de cafè100 ml de beguda de nous4 ousLicor de cafèCacau en polsNous pelades', 'INGREDIENTS PER A 4 PERSONES:', '270 g de mascarpone', '200 g de sucre', '120 g de farina', '130 ml de cafè', '100 ml de beguda de nous', '4 ous', 'Licor de cafè', 'Cacau en pols', 'Nous pelades']","['Separem clares i rovells de 4 ous. En el bol de les clares hi anirem afegint 100 g de sucre mentre les muntem a punt de neu. En el bol dels rovells hi afegim 20 g de sucre mentre les blanquegem amb varetes elèctriques.\xa0', 'Afegim de mica en mica els rovells blanquejats al bol de les clares a punt de neu amb moviments embolcallants.\xa0', 'Afegim a la barreja 120 g de farina amb un tamisador.\xa0', 'També hi afegim 30 ml de cafè fet.\xa0\xa0', ""Posem la barreja a una mànega i l'anirem posant en forma de rectangle en un paper de forn que tenim en una safata. Ho enfornarem 15 minuts a 170º.\xa0"", 'En un bol hi posem 100 ml de beguda de nous, 270 g de mascarpone i 80 g de sucre. Ho muntem amb les varetes elèctriques durant 3 minuts.\xa0', 'Maltallem un grapat de nous pelades.\xa0', 'Tallem el pessic temperat en rectangles segons el motlle on posareu el tiramisú. Posem al motlle la base del pessic.\xa0', 'En una gerreta hi barregem 100 ml de cafè fet amb unes gotes de licor de cafè. Xopem el pessic que ja és a la base del motlle amb el líquid.\xa0', ""\xa0Al damunt hi afegim la crema de mascarpone, després les nous, una mica de cacau en pols i l'altre tros de pessic. Xoparem aquesta última capa amb més líquid de cafè i licor i repetim una nova capa de mascarpone, nous i cacau.\xa0"", 'Ja podem emplatar una ració.']","['Farina de blat', 'Formatge', 'Sucre', 'Nous']"
Smash burger de lluç,https://www.3cat.cat/tv3/cuines/recepta/smash-burger-de-lluc/43779/,9,https://img.3cat.cat/multimedia/jpg/9/5/1718177849659_326.jpg,Baixa,Menys de 30 minuts,,"[""100 g de lluç8 fulles de julivert20 g molla de pa20 ml lletPebre vermell dolç fumatPa d'hamburguesa brioixSalsa d'aperitiuMaionesaCabdellOli"", '100 g de lluç', '8 fulles de julivert', '20 g molla de pa', '20 ml llet', 'Pebre vermell dolç fumat', ""Pa d'hamburguesa brioix"", ""Salsa d'aperitiu"", 'Maionesa', 'Cabdell', 'Oli']","[""Comencem tallant pel mig un pa d'hamburguesa tipus brioix i en torrem les dues parts."", 'Mentre es va torrant, posem en un bol 20 g de molla de pa i 20 ml de llet i deixem que la molla quedi ben amarada.', 'Afegim en un bol 100 g de lluç tallat, 8 fulles de julivert --que piquem-- i mitja culleradeta de pebre vermell dolç fumat i ho integrem.', 'Traiem el pa torrat de la paella i el reservem.', 'Amb la barreja, acabem fent-ne una bola. Afegim oli a la paella amb què hem torrat el pa i hi afegim la bola que hem fet.', 'Amb un utensili de premsa per a hamburgueses esclafem la barreja per formar una smash burger de lluç i la coem.', 'Mentrestant, anem preparant la salsa. Posem en un bol maionesa, hi afegim salsa de vermut i ho integrem bé. Un cop ho tenim tot ben integrat ho reservem.', ""Un cop tinguem l'hamburguesa cuita d'una banda, la girem i la coem durant 2 minuts."", ""En el moment en què tinguem l'hamburguesa cuita comencem a emplatar. Posem una de les llesques torrades a la base, després hi afegim oli i, a sobre l'hamburguesa, la maionesa amb salsa d'aperitiu. Ho acabem amb un cabdell ja net i tanquem l'hamburguesa amb l'altra llesca de pa que també hem torrat.""]","['Lluç', 'Llet', 'Julivert', 'Pebre vermell fumat']"
Crestes de xai,https://www.3cat.cat/tv3/cuines/recepta/crestes-de-xai/43516/,9,https://img.3cat.cat/multimedia/jpg/5/6/1716808081765_326.jpg,Baixa,Més d'una hora,,"[""Massa crestes250 g farina150 ml aigua mineral25 g llevat fresc1 culleradeta de salPer al farcit400 g espatlla de xai cuita desossada3 escalunyes2 tomàquets pebrot1 gra d'all1 bitxo fresc picant1 raig crema balsàmica MòdenaFulles d'alfàbregaFulles de julivertPebre negreSalMantega clarificada"", 'Massa crestes', '250 g farina', '150 ml aigua mineral', '25 g llevat fresc', '1 culleradeta de sal', 'Per al farcit', '400 g espatlla de xai cuita desossada', '3 escalunyes', '2 tomàquets pebrot', ""1 gra d'all"", '1 bitxo fresc picant', '1 raig crema balsàmica Mòdena', ""Fulles d'alfàbrega"", 'Fulles de julivert', 'Pebre negre', 'Sal', 'Mantega clarificada']","[""Escalfem, fins que estigui tèbia, 150 ml d'aigua"", ""Dissolem dins de l'aigua 25 g de llevat fresc"", ""En un bol gran, posem 250 g de farina i un pessic de sal. Tirem l'aigua amb llevat al mig de la muntanyeta de farina i pastem fins que no quedi farina solta"", 'Tapem el pastó amb un drap humit. Deixem que aquesta massa reposi un mínim de 30 minuts', ""Mentrestant, afegim en una cassola 400 g d'espatlla de xai cuita desossada i esfilagarsada. Hi posem un raig d'aigua i regenerem la carn."", 'Posem la carn en un bol gran', 'Tallem a concassé 2 tomàquets pebrot i els barregem amb la carn \xa0', 'Tallem a brunesa 3 escalunyes i les afegim al bol', ""Ratllem un gra d'all pelat i el posem al bol. Hi afegim un raig de crema de vinagre balsàmic i unes voltes pebre negre"", ""Piquem ben fines unes fulles d'alfàbrega, unes fulles de julivert i les afegim al bol. Tallem a rodelles un bitxo picant fresc i el posem al bol. Ho barregem tot. Hi afegim una mica de sal \xa0"", ""Recuperem el pastó i el dividim en 8 parts. De cada part en fem una bola i aixafem les boles per fer-ne cercles d'uns 16 cm de diàmetre"", 'Dins de cada cercle hi posem una cullerada generosa de farcit de xai \xa0', 'Tanquem el cercle\xa0plegant-lo\xa0i formem les crestes', 'Posem les crestes en una safata de forn amb un paper sulfurat a la base', ""Amb un pinzell pintem les crestes amb mantega clarificada. Si no en tenim, l'oli també serveix"", ""Portem la safata amb les crestes al forn i les coem durant 10' a 230 ºC""]","['Tomàquets', 'Xai', 'Farina', 'Ceba', 'Pebrot vermell']"
Arròs amb verdures,https://www.3cat.cat/tv3/cuines/recepta/arros-amb-verdures/43876/,9,https://img.3cat.cat/multimedia/jpg/1/0/1719391461201_326.jpg,Baixa,Menys de 30 minuts,,"[""INGREDIENTS PER A 1 PERSONA180 g arròs rodó50 g pèsols congelats3 cors de carxofa en conserva1 gra d'all1 bitxo fresc1 culleradeta cúrcumaMenta frescaVinagre de MòdenaPebre negreOli OVESal"", 'INGREDIENTS PER A 1 PERSONA', '180 g arròs rodó', '50 g pèsols congelats', '3 cors de carxofa en conserva', ""1 gra d'all"", '1 bitxo fresc', '1 culleradeta cúrcuma', 'Menta fresca', 'Vinagre de Mòdena', 'Pebre negre', 'Oli OVE', 'Sal']","['Escalfem una paella. Mentre agafa temperatura, tallem per la meitat 3 cors de carxofa en conserva.\xa0', ""Afegim un raig d'oli a la paella i marquem les carxofes. Mentrestant aprofitem per laminar un gra d'all que hem pelat.\xa0"", 'Reservem les carxofes marcades en un bol.\xa0\xa0', ""Saltem l'all laminat a la paella. Quan ha agafat color, pugem el foc de la paella i afegim 50 g de pèsols congelats. Els saltem un parell de minuts.\xa0"", ""Agafem un bol petit o una tassa. Hi afegim un bon raig d'aigua i una cullerada de cúrcuma. Ho barregem amb una cullera.\xa0"", ""Afegim a la paella 180 g d'arròs blanc cuit i a continuació la barreja d'aigua i cúrcuma. Ho coem uns minuts fins que l'arròs quedi hidratat.\xa0"", 'Afegim a la paella unes gotes de vinagre de Mòdena, un polsim de sal i unes voltes de pebre. Remenem per integrar-ho.\xa0', ""Tallem a microbrunesa un bitxo fresc i l'afegim a la paella. Integrem i apaguem el foc.\xa0"", ""Emplatem l'arròs, afegim les carxofes marcades i unes fulles de menta. I ja tenim un plat on hem aprofitat un arròs ja cuit i ben acompanyat d'una conserva i un congelat.\xa0""]","['Carxofes', 'Pèsols', 'Arròs rodó']"
Amanida de fesols,https://www.3cat.cat/tv3/cuines/recepta/amanida-de-fesols/43697/,9,https://img.3cat.cat/multimedia/jpg/0/2/1718015106620_326.jpg,Baixa,,Vegetariana,"[""200 g de fesols cuits30 g de pinyons ibèrics30 ml d'oli OVE1 all1 raig d'aigua10 g de formatge de Maó5 g d'alga wakame secaPebre"", '200 g de fesols cuits', '30 g de pinyons ibèrics', ""30 ml d'oli OVE"", '1 all', ""1 raig d'aigua"", '10 g de formatge de Maó', ""5 g d'alga wakame seca"", 'Pebre']","[""Posem al got triturador 5 g d'alga wakame seca i la triturem fins a fer-ne pols.\xa0\xa0"", 'Posem 30 g de pinyons en una paella al foc i els torrem a poc a poc.\xa0\xa0', ""Posem 2/3 d'aquests pinyons al vas triturador. Reservem la resta.\xa0\xa0"", 'Posem 10 g de formatge de Maó al vas.\xa0\xa0', ""Hi afegim un gra d'all.\xa0"", ""Hi afegim un raig curt d'aigua i 30 ml d'oli OVE. Ho turbinem fins que tinguem una pasta.\xa0\xa0"", ""Posem en un bol 200 g de fesols cuits, el pesto d'algues acabat de fer i una mica de pebre negre. Ho barregem amb cura perquè s'integri tot plegat.\xa0""]","['Algues', 'Fesols', 'Formatge', 'Oli']"
Farcellets de carbassó,https://www.3cat.cat/tv3/cuines/recepta/farcellets-de-carbasso/43858/,9,https://img.3cat.cat/multimedia/jpg/5/6/1718789031765_326.jpg,Baixa,Menys de 30 minuts,,"[""INGREDIENTS PER A 1 PERSONA:1/2 carbassó45 g de formatge emmental30 g d'encenalls de pernil salat10 g de mantega10 g de farina130 de ml brou de verdures2 ousAiguaJulivert frescPebreSalOli"", 'INGREDIENTS PER A 1 PERSONA:', '1/2 carbassó', '45 g de formatge emmental', ""30 g d'encenalls de pernil salat"", '10 g de mantega', '10 g de farina', '130 de ml brou de verdures', '2 ous', 'Aigua', 'Julivert fresc', 'Pebre', 'Sal', 'Oli']","['Laminem mig carbassó i posem les làmines en forma de creu sobre el taulell de la cuina.\xa0\xa0', ""En un bol hi posem 45 g de formatge emmental ratllat, 30 g d'encenalls de pernil salat, 2 rovells d'ou, un raig d'aigua, pebre i sal. Ho barregem fins que ens quedi ben integrat.\xa0"", 'Muntem els farcellets posant el farcit al centre de la creu de carbassó i embolicant-los.\xa0', 'En una paella al foc amb oli marquem els farcellets per la banda del plec. Hi afegim una mica de sal. Després els girem, dos minuts per banda.\xa0', 'En una paella hi posem 10 g de mantega que fonem i després 10 g de farina. La torrem durant 5 minuts.\xa0', 'Un cop torrada hi afegim 130 ml de brou vegetal i barregem fins que espesseixi.\xa0', 'Emplatem els farcellets posant-los la crema beixamel per sobre i una mica de julivert picat.\xa0']","['Ous', 'Carbassó', 'Farina', 'Mantega', 'Formatge', 'Julivert']"
Gazpachuelo d'escopinyes,https://www.3cat.cat/tv3/cuines/recepta/gazpachuelo-descopinyes/43736/,9,https://img.3cat.cat/multimedia/jpg/2/3/1718020987332_326.jpg,Baixa,Menys de 30 minuts,,"[""1 llauna d'escopinyes100 ml fumet blanc1/2 ceba tendra2 ous1 gra d'all2 grans de raïmJulivertOli OVEPebre blancSal"", ""1 llauna d'escopinyes"", '100 ml fumet blanc', '1/2 ceba tendra', '2 ous', ""1 gra d'all"", '2 grans de raïm', 'Julivert', 'Oli OVE', 'Pebre blanc', 'Sal']","[""Obrim una llauna d'escopinyes. Reservem 5 escopinyes en un platet.\xa0"", 'Tirem la resta de les escopinyes i el suc que les acompanya al got batedor.\xa0\xa0', 'Tallem a juliana\xa01/2 ceba tendra petita.\xa0\xa0', ""Reservem una mica de ceba per a l'emplatat.\xa0La resta\xa0la posem al batedor.\xa0\xa0"", ""Tallem per la meitat un gra d'all pelat. Una meitat la posarem al batedor i l'altra\xa0la reservarem.\xa0\xa0"", ""Afegim 100 ml de fumet blanc al batedor i un raig d'oli OVE.\xa0"", 'Ho passem pel batedor fins a tenir una textura de crema.\xa0', 'Colem la crema amb un colador de malla fina.\xa0', 'En un altre got batedor prepararem una maionesa.\xa0\xa0', ""Trenquem 2 ous al batedor, hi afegim el 1/2 gra d'all reservat, una mica de sal, una mica de pebre blanc i un raig molt generós d'oli.\xa0"", 'Ho batem amb el batedor fins a tenir textura de maionesa.\xa0\xa0', 'Afegim la maionesa al bol de la crema colada i ho barregem amb cullera sense que es perdi la consistència aèria.\xa0', 'Tallem a quarts 2 grans de raïm i els afegim a la crema\xa0', 'Ho emplatem amb unes fulles de julivert.\xa0', 'Afegim les 5 escopinyes reservades i la ceba tallada a juliana.\xa0']","['Ous', 'All', 'Raïm', 'Escopinyes', 'Ceba', 'Oli', 'Pebre blanc']"
Raviolis d'espinacs amb calamars,https://www.3cat.cat/tv3/cuines/recepta/raviolis-despinacs-amb-calamars/43777/,9,https://img.3cat.cat/multimedia/jpg/6/9/1718176732296_326.jpg,Baixa,Menys de 10 minuts,,"[""125 g raviolis d'espinacs de pasta fresca45 g tomàquet concentrat10 g tinta de sípia120 g calamar10 g tàperesSidraOli"", ""125 g raviolis d'espinacs de pasta fresca"", '45 g tomàquet concentrat', '10 g tinta de sípia', '120 g calamar', '10 g tàperes', 'Sidra', 'Oli']","['Posem aigua a bullir.', ""Mentre l'aigua es va escalfant, tallem a daus 120 g de calamar."", 'Un cop els tinguem tallats, els afegim a una paella amb oli i els saltem durant un minut i mig.', 'Posteriorment hi afegim 45 g de tomàquet concentrat i ho barregem bé.', ""Quan l'aigua bull hi afegim 125 g de raviolis frescos d'espinacs i els deixem al foc durant 3 minuts."", 'A la paella on\xa0tenim el calamar hi afegim un raig de sidra.', 'I mentre es va evaporant hi afegim 10 g de tinta de sípia, que la courem fins que arrenqui el bull.', ""Un cop hagin passat 3 minuts des que hi hem\xa0posat la pasta, passem a la paella la pasta cuita i una mica de l'aigua de la cocció. I ho integrem bé."", ""En el moment d'emplatar hi afegim unes quantes tàperes, que hem maltallat, a la ració de raviolis d'espinacs amb calamar que vulguem menjar.""]","['Tomàquets', 'Sípia', 'Calamar', 'Ravioli']"
Fardelejos,https://www.3cat.cat/tv3/cuines/recepta/fardelejos/43596/,9,https://img.3cat.cat/multimedia/jpg/9/9/1716880085899_326.jpg,Mitjana,Menys d'una hora,,"['225 g farina125 g ametlla100 g sucre65 g llard de porc65 ml aigua1 ou1 llimonaOliSucre de llustreSal', '225 g farina', '125 g ametlla', '100 g sucre', '65 g llard de porc', '65 ml aigua', '1 ou', '1 llimona', 'Oli', 'Sucre de llustre', 'Sal']","[""Posem en un pot 65 g de llard de porc, 65 ml d'aigua i un pessic de sal. Ho posem a foc baix i ho fonem."", ""Mentre es va fent la pasta, anem preparant el massapà. Posem en un bol 125 g d'ametlla molta, 100 g sucre, 1 ou i pell de llimona,\xa0que ratllem. Ho barregem bé amb una forquilla fins que quedi homogeni. I ho reservem."", ""Un cop s'hagi desfet el llard, retirem el pot del foc. Hi afegim 225 g de farina, ho barregem amb vareta manual fins que tinguem una massa. Ho reservem durant 5 minuts."", 'Espolsem una mica de farina a la fusta, aboquem la massa a la fusta i amb un corró ho estirem perquè quedin 2 rectangles de 10 x 7 cm.', 'Posteriorment, tallem la massa en rectangles amb un tallapastes formant 8 rectangles.', 'Comencem a farcir els fardelejos. Agafem els rectangles i hi posem al centre de cadascun 1 cullerada de massapà. Les vores les pintem amb aigua i tapem cada rectangle amb un altre. I amb la forquilla segellem tres dels quatre costats.', 'Un cop tinguem els 8 fardelejos farcits els fregim i a mesura que es vagin fent els reservarem en un plat amb paper absorbent.', 'Un cop estiguin tots fregits, traiem el paper absorbent i els empolsem amb sucre llustre per deixar-los llestos per menjar.']","['Ous', 'Llimona', 'Farina', 'Sucre', 'Ametlles']"
Amanida de cigrons i maduixes,https://www.3cat.cat/tv3/cuines/recepta/amanida-de-cigrons-i-maduixes/43377/,11,https://img.3cat.cat/multimedia/jpg/5/5/1717062966755_326.jpg,Mitjana,Més d'una hora,,"['400 g de cigrons menuts', '100 g fonoll', '60 g nous amb closca', '250 g formatge blau', '200 g maduixes', '1 aranja', 'Mostassa dijon de nous', 'Pebre', 'Sal', 'Oli', '']",[],"['Fonoll', 'Cigró', 'Maduixa', 'Formatge', 'Pebre negre', 'Nous']"
Arròs thai,https://www.3cat.cat/tv3/cuines/recepta/arros-thai/43341/,11,https://img.3cat.cat/multimedia/jpg/9/0/1715009876209_326.jpg,Baixa,Més d'una hora,,"[""300 g arròs basmati1 litre aigua250 g contracuixa pollastre100 g pinya30 g cacauets torrats15 g panses12 gambes1 ceba tendra2 grans d'allCoriandre fresc1 cullerada curri en pols1 cullerada sucre panela1 raig salsa de sojaPebre negreOli OVESal"", '300 g arròs basmati', '1 litre aigua', '250 g contracuixa pollastre', '100 g pinya', '30 g cacauets torrats', '15 g panses', '12 gambes', '1 ceba tendra', ""2 grans d'all"", 'Coriandre fresc', '1 cullerada curri en pols', '1 cullerada sucre panela', '1 raig salsa de soja', 'Pebre negre', 'Oli OVE', 'Sal']","[""Posem un litre d'aigua a escalfar."", 'Mentrestant, preparem el marinat del pollastre. \xa0', 'Tallem 250 g de contracuixa a tires i les posem en un recipient. \xa0', 'Afegim al pollastre 1 cullerada de sucre panela i\xa01 raig de salsa de soja. \xa0', 'Ho barregem bé i ho tapem.', ""Tirem un polsim de sal a l'aigua i, si ja bull, hi incorporem 300 g d'arròs basmati."", 'El deixem bullir 12 minuts.', ""Un cop ha passat aquest temps, traiem l'arròs del foc i l'escorrem perquè perdi l'aigua."", ""Escalfem una paella gran amb un bon raig d'oli OVE. Piquem a la\xa0brunesa"", ""dos grans d'alls pelats. Els tirem a la paella perquè\xa0ballin. \xa0"", 'Un cop torrats, incorporem les tires de pollastre marinades a la paella i les saltem dos minuts.', 'Mentrestant, tallem a la\xa0brunesa una ceba tendra. Reservem la part verda i tirem la part blanca a la paella.', 'Ho saltem dos minuts. \xa0', 'Mentrestant, tallem a daus 100 g de pinya natural.', 'I pelem 12 gambes. En traiem el budell.', 'Afegim una mica de pebre negre a la paella amb la ceba i el pollastre i una cullerada de curri en pols. Ho integrem.', ""Tirem a la paella la pinya a daus i 15 g de panses sultanes. Si veiem que la paella està seca, hi afegim un raig d'aigua. Ho integrem bé. \xa0"", ""Hi incorporem les gambes pelades i deixem que es coguin 20 segons. Acabem tirant-hi l'arròs basmati cuit. Ho integrem. \xa0"", 'Si hi falta sal, podem afegir-hi una mica més de salsa de soja.', 'Apaguem el foc.', ""Tallem amb un\xa0ganivet 30 g de cacauets torrats i la part verda de la ceba tendra i ho escampem sobre l'arròs."", 'Ho servim.']","['Ceba', 'Pinya', 'Pollastre', 'Arròs basmati', 'Gamba vermella', 'Curri', 'Coriandre', 'Panses', 'Cacauets', 'Sucre panela']"
Espàrrecs blancs al forn,https://www.3cat.cat/tv3/cuines/recepta/esparrecs-blancs-al-forn/43398/,11,https://img.3cat.cat/multimedia/jpg/0/5/1715331021050_326.jpg,Baixa,Menys de 30 minuts,,"['4 espàrrecs blancs en conserva200 ml llet50 g pernil dolç25 g midó de blat de moroFormatge emmentalPebre vermell fumat dolçNou moscadaFarigola frescaPebre negreSal', '4 espàrrecs blancs en conserva', '200 ml llet', '50 g pernil dolç', '25 g midó de blat de moro', 'Formatge emmental', 'Pebre vermell fumat dolç', 'Nou moscada', 'Farigola fresca', 'Pebre negre', 'Sal']","['Comencem fent una salsa tipus beixamel. Escalfem 200 ml de llet i en reservem una mica per dissoldre-hi 25 g de midó de blat de moro.\xa0', 'Quan la llet està calenta, hi aboquem la dissolució. Ho remenem i quan comença a espessir hi afegim sal, pebre i nou moscada, que ratllem. \xa0', ""Quan la barreja s'espesseixi, aturem el foc i ho reservem un moment.\xa0"", 'Agafem una safata que pugui anar al forn i posem una mica de la beixamel a la base.\xa0', 'Per sobre hi distribuïm unes làmines de pernil dolç.\xa0', 'A continuació hi posem 4 espàrrecs blancs en conserva i una mica de pebre vermell dolç. Tapem els espàrrecs amb la beixamel sobrant.\xa0', 'Hi ratllem formatge emmental per sobre i ho coem al forn 10 minuts a 200 graus.\xa0', 'Ho servim a la mateixa safata, decorant-ho amb una mica de farigola fresca i una mica de pebre negre molt.\xa0', '\xa0']","['Espàrrecs', 'Porc', 'Formatge', 'Llet']"
Risotto meravella,https://www.3cat.cat/tv3/cuines/recepta/risotto-meravella/43476/,11,https://img.3cat.cat/multimedia/jpg/2/6/1715841218862_326.jpg,Baixa,Menys de 30 minuts,,"['INGREDIENTS PER A 1 PERSONA:75 g pasta meravella70 g formatge curat50 g mantega40 g pernil salat350 ml brou pollastreCebaJulivertSafràSal', 'INGREDIENTS PER A 1 PERSONA:', '75 g pasta meravella', '70 g formatge curat', '50 g mantega', '40 g pernil salat', '350 ml brou pollastre', 'Ceba', 'Julivert', 'Safrà', 'Sal']","[""Escalfem en una cassola 30 g de mantega i, mentrestant, tallem a brunesa mitja ceba de Figueres. Un cop la tenim tallada, l'afegim a la cassola amb una mica de sal i la courem 4 minuts sense que agafi color.\xa0"", 'Afegim a la cassola uns quants brins de safrà que enrossim.\xa0', 'Un cop rossos, hi afegim 75 g de pasta meravella que enrossirem.\xa0', 'Hi afegirem 350 ml de brou de pollastre calent i courem la pasta 4 minuts a foc mitjà.\xa0', ""Tallem 40 g de pernil salat i l'afegim a l'arròs. Ho integrem i apaguem el foc.\xa0"", 'Per fer el ""mantecatto"", afegim a la cassola 20 g de mantega i 70 g de formatge curat que ratllarem. Ho remenem enèrgicament.\xa0\xa0', 'Per acabar, piquem unes fulles de julivert i les posem a sobre el risotto.\xa0']","['Pasta', 'Mantega', 'Formatge', 'Julivert', 'Safrà', 'Ceba', 'Brou de carn']"
Reig amb cremós de porros,https://www.3cat.cat/tv3/cuines/recepta/reig-amb-cremos-de-porros/43396/,11,https://img.3cat.cat/multimedia/jpg/0/8/1715330364080_326.jpg,Baixa,Més d'una hora,,"[""600 g reig200 ml fumet blanc80 g sèsam40 g formatge vell fumat ovella2 porros4 grans d'all4 fulles llorer5 g sal1 nou de mantegaVi blancCoriandre frescCibuletPebre negreOli OVESal"", '600 g reig', '200 ml fumet blanc', '80 g sèsam', '40 g formatge vell fumat ovella', '2 porros', ""4 grans d'all"", '4 fulles llorer', '5 g sal', '1 nou de mantega', 'Vi blanc', 'Coriandre fresc', 'Cibulet', 'Pebre negre', 'Oli OVE', 'Sal']","['Netegem 2 porros deixant-ne només la part blanca. Els tallem per la meitat al llarg i després a mitges rodelles.\xa0', ""Escalfem una paella al foc amb una nou grossa de mantega. Un cop la mantega s'ha fos, afegim els porros tallats a la paella, tapem i els coem a foc baix durant 20 minuts.\xa0"", 'En un pot mitjà escalfem fins als 70 graus oli OVE.\xa0', ""Agafem 600 g de reig tallat en 4 porcions conservant-ne la pell. Els posem en un recipient que pugui anar al bany maria. Afegim 1 fulla de llorer i\xa04 grans d'all, que aixafem amb el ganivet.\xa0"", ""Aboquem l'oli a 70 graus per sobre del reig fins a cobrir-lo. Tot seguit, posem el recipient en una cassola on tenim aigua per fer un bany maria. Ho confitem a foc mitjà durant 10 minuts.\xa0"", ""Un cop confitat el reig, el traiem del bany maria i el reservem dins l'oli mentre va temperant.\xa0"", ""Un cop han passat els 20 minuts de la cocció dels porros, apugem el foc i desglacem amb un raig de vi blanc, i esperem que s'evaporin els alcohols.\xa0"", ""Posem a escalfar 200 ml de fumet blanc, i un cop calent, l'aboquem a la cassola amb els porros. Tapem i coem a foc mitjà deu minuts.\xa0"", ""Un cop els porros s'han cuit amb el fumet, ho passem a un vas americà o bé a un got batedor. Salpebrem i ho triturem bé fins tenir una textura ben fina.\xa0"", 'Colem la crema en un pot amb un colador de malla fina per eliminar les fibres dels porros i tenir una textura sedosa. \xa0', ""Un cop colada, ratllem 40 g de formatge d'ovella fumat i ho tornem a escalfar a foc molt baix i remenant per fondre el formatge. Ho reservem fora del foc.\xa0"", ""Farem una sal de sèsam posant en una paella 80 g de sèsam i 1 culleradeta de sal. Ho torrem a foc mitjà remenant tota l'estona fins que el sèsam agafa color.\xa0"", 'Acabem la sal de sèsam abocant la barreja en un morter i ho trenquem donant voltes amb la mà de morter. \xa0', ""Traiem amb cura el reig del confitat i el posem sobre un paper absorbent per eliminar l'excés d'oli.\xa0"", 'Emplatem fent una base amb el cremós de porros, a sobre un llom de reig, una mica de porradell i de coriandre fresc picat. Acabem el plat amb una mica de sal de sèsam. I ja tenim aquest plat de peix a punt per menjar.\xa0']","['Porro', 'Peix blanc', 'Formatge']"
Tomàquet farcit,https://www.3cat.cat/tv3/cuines/recepta/tomaquet-farcit/43656/,11,https://img.3cat.cat/multimedia/jpg/4/0/1716972490804_326.jpg,Baixa,Menys de 30 minuts,Vegetariana,"[""INGREDIENTS PER A 1 PERSONA:1 tomàquet rosa gran100 g mongeta del ganxet cuita3 xiitakes1/2 bola de mozzarella1/4 carbassóUna mica d'aigua en una gerretaCoriandreOli OVEPebre negreSal"", 'INGREDIENTS PER A 1 PERSONA:', '1 tomàquet rosa gran', '100 g mongeta del ganxet cuita', '3 xiitakes', '1/2 bola de mozzarella', '1/4 carbassó', ""Una mica d'aigua en una gerreta"", 'Coriandre', 'Oli OVE', 'Pebre negre', 'Sal']","[""Traiem la part superior del tomàquet i el buidem amb l'ajuda d'una cullera. En reservarem la polpa en un plat.\xa0\xa0"", 'Tallem a macedònia un quart de carbassó i tallem a làmines 3 xiitakes.\xa0', ""En una paella saltem durant dos minuts el carbassó, els xiitakes, sal i pebre amb un raig d'oli.\xa0"", 'A la mateixa paella hi afegim 100 g de mongeta del ganxet ja cuita i la polpa del tomàquet. Ho integrem durant un minut a foc viu.\xa0', ""Amb una cullera farcim el tomàquet, el col·loquem a la safata de la fregidora d'aire i posem una mica d'aigua a la safata.\xa0"", 'Fiquem la safata a la fregidora i ho coem 20 minuts a 190º.\xa0\xa0', 'Eixuguem i tallem per la meitat una bola de mozzarella que deixem escorrent-se una mica. Després la tallem en dues rodelles.\xa0', 'Quan hagin passat 15 minuts de la cocció del tomàquet, hi afegirem les rodelles de mozzarella. Ho deixarem coure 5 minuts més a 190º.\xa0', 'Presentem el tomàquet amb unes fulles de coriandre que picarem.\xa0', '\xa0']","['Tomàquets', 'Carbassó', 'Bolets', 'Mongeta blanca', 'Formatge', 'Coriandre']"
Remolada de remolatxa,https://www.3cat.cat/tv3/cuines/recepta/remolada-de-remolatxa/43497/,11,https://img.3cat.cat/multimedia/jpg/9/6/1715846517469_326.jpg,Baixa,Menys de 30 minuts,,"['INGREDIENTS PER A 1 PERSONA:1 remolatxa cuita3 anxoves1 llima1 ou1/2 ceba tendra1 culleradeta de mostassa antigaJulivertVinagre de pomaOli OVEPebre negreSal', 'INGREDIENTS PER A 1 PERSONA:', '1 remolatxa cuita', '3 anxoves', '1 llima', '1 ou', '1/2 ceba tendra', '1 culleradeta de mostassa antiga', 'Julivert', 'Vinagre de poma', 'Oli OVE', 'Pebre negre', 'Sal']","['Ens posem guants per ratllar 1 remolatxa ja cuita que posarem en un bol. Hi afegim un rajolí de vinagre de poma, pebre negre i sal. Ho barregem i ho reservem.\xa0', ""\xa0Afegim a un got batedor 1 ou i oli i en fem una maionesa. A la maionesa hi afegirem unes gotes de vinagre i 1 llom d'anxova.\xa0"", ""Tallem mitja ceba tendra a brunesa i l'afegim al bol de la remolatxa. També hi afegim julivert picat.\xa0\xa0"", 'Finalment, hi afegim 1 cullerada de maionesa i 1 cullerada de mostassa antiga. Ho integrem bé.\xa0', ""Servirem la remolada de remolatxa en un plat amb un parell de lloms d'anxoves, julivert picat per sobre i ratlladura de llima.\xa0""]","['Ous', 'Llima', 'Anxoves', 'Ceba', 'Remolatxa']"
Ous farcits,https://www.3cat.cat/tv3/cuines/recepta/ous-farcits/43340/,11,https://img.3cat.cat/multimedia/jpg/1/1/1715155416111_326.jpg,Baixa,Menys de 30 minuts,,"[""Per a una persona2 ousSalsa maionesa1 pebrot escalivat a tires1 llauna de bonítol en oli d'oliva4 musclos en escabetxPorradellVinagrePebre"", 'Per a una persona', '2 ous', 'Salsa maionesa', '1 pebrot escalivat a tires', ""1 llauna de bonítol en oli d'oliva"", '4 musclos en escabetx', 'Porradell', 'Vinagre', 'Pebre']","['Posem un pot al foc amb aigua i la fem bullir.\xa0\xa0', 'Quan bulli, hi posem amb cura 2 ous freds de nevera i un raig de vinagre.\xa0', ""Comptem 7 minuts i després d'aquest temps, posem els ous en un bol amb aigua i gel.\xa0\xa0"", ""Obrim una llauna de musclos en escabetx. Tallem 4 musclos de qualsevol manera. Reservem l'oli de la llauna.\xa0\xa0"", ""Esmicolem un llom de bonítol en oli d'oliva i ho barregem amb els musclos. Tallem finament 3 tires de pebrot escalivat. Ho barregem amb els musclos i la tonyina.\xa0\xa0"", 'Pelem els ous i els partim per la meitat llarga.\xa0', 'Buidem els rovells dels ous i els barregem amb la resta del farcit: la tonyina, els musclos i el pebrot.\xa0', 'Farcim els ous amb la barreja.\xa0\xa0', 'Girem els ous de cap per avall.\xa0\xa0', ""En un bol hi posem 4 cullerades de maionesa i un fil generós de l'oli de l'escabetx dels musclos. Ho barregem.\xa0"", 'Cobrim els ous girats amb la maionesa aromatitzada.\xa0\xa0', 'Acabem el plat amb unes voltes de pebre negre i una mica de porradell que tallem menut.\xa0']","['Tonyina', 'Ous de gallina', 'Musclos', 'Pebrot vermell']"
Xuixo de nous,https://www.3cat.cat/tv3/cuines/recepta/xuixo-de-nous/43496/,11,https://img.3cat.cat/multimedia/jpg/9/8/1715846146489_326.jpg,Mitjana,Més d'una hora,Vegetariana,"['INGREDIENTS PER A 4 PERSONES:125 g farina de força125 g farina75 g mantega25 g sucre20 g midó de blat de moro200 ml beguda de nous150 ml aigua40 ml llet condensada1 ouLlevat frescBranca canyellaOli OVESal', 'INGREDIENTS PER A 4 PERSONES:', '125 g farina de força', '125 g farina', '75 g mantega', '25 g sucre', '20 g midó de blat de moro', '200 ml beguda de nous', '150 ml aigua', '40 ml llet condensada', '1 ou', 'Llevat fresc', 'Branca canyella', 'Oli OVE', 'Sal']","['Posem en un pot al foc 200 ml de beguda de nous amb una branca de canyella. Quan arrenqui el bull apaguem el foc, el tapem i ho deixem infusionar.\xa0', ""Mentre s'escalfa, aboquem a la pastadora 125 g de farina de força, 125 g de farina, 25 g de sucre, sal, 5 g de llevat fresc i 150 ml aigua. Ho pastem 5 minuts a velocitat baixa.\xa0"", ""Posem farina a la taula i hi aboquem la massa. L'estirarem amb un corró enfarinat fins que tingui forma rectangular.\xa0"", ""Al mig del rectangle hi posem 75 g de mantega pomada i dobleguem la massa com si féssim pasta de full. Estirem de nou amb el corró tot fent un rectangle. Repetim l'operació de doblegar (sense la mantega) i ho repetirem dos cops més.\xa0"", 'Tallem la massa en forma de triangles (en surten 4). Els enrotllem com si féssim croissants i els posem en una safata amb paper sulfurat. Portarem la safata al forn apagat durant dues hores perquè fermentin.\xa0', ""Per fer la crema pastissera, posem en un bol 1 rovell d'ou, 20 g de midó de blat de moro, 40 ml de llet condensada i una mica de la infusió de la beguda de nous. Ho barregem.\xa0"", 'Traiem de la infusió la branca de canyella i aboquem el contingut del bol al pot amb el líquid. Ho courem a foc baix fins que espesseixi sense deixar de remenar.\xa0', 'Passarem la crema en una mànega pastissera amb broquet de farcir, la deixarem temperar i, finalment, la posarem una hora a la nevera.\xa0', ""Posem una paella al foc amb oli d'oliva. Fregirem els xuixos durant uns 3-4 minuts cada un. Després els deixarem sobre paper absorbent, els passarem per una safata amb sucre i els anirem reservant.\xa0\xa0"", ""\xa0Farcim l'interior dels xuixos amb la crema refredada de nevera i ja es poden servir.""]","['Ous', 'Farina', 'Mantega', 'Llet condensada', 'Canyella', 'Sucre', 'Oli']"
Presa ibèrica amb salsa Cumberland,https://www.3cat.cat/tv3/cuines/recepta/presa-iberica-amb-salsa-cumberland/43077/,11,https://img.3cat.cat/multimedia/jpg/9/6/1713271629569_326.jpg,Mitjana,Més d'una hora,,"['2 preses ibèriques400 g de gerds100 g de mores1 llimona1 taronja2 escalunyes200 ml de xerès dolç200 g de sucre1 branca de romaníGingebreSalPebreMantegaJulivert', '2 preses ibèriques', '400 g de gerds', '100 g de mores', '1 llimona', '1 taronja', '2 escalunyes', '200 ml de xerès dolç', '200 g de sucre', '1 branca de romaní', 'Gingebre', 'Sal', 'Pebre', 'Mantega']","[""Comencem a preparar la salsa Cumberland posant en un pot 400 g de gerds nets i 100 g de mores netes. Posteriorment hi ratllem la pela d'una taronja i la d'una llimona."", ""De la llimona, també n'aprofitarem el suc. L'abocarem al pot, colat, per evitar que hi caiguin els pinyols."", 'I finalment hi afegim 200 g de sucre i ho coem durant una hora a foc molt baix.', 'Quan ja ha passat una hora, colem bé la salsa i la deixem en un pot.', 'Comencem a preparar la carn deixant dues preses ibèriques al bany de sal. Les haurem de deixar en remull durant 35 minuts.', ""Per tal d'acabar la salsa, hi ratllem ¿ dit de gingebre congelat. També hi afegim 200 ml de xerès dolç i 20 g de mostassa d'estragó. I ho escalfem sense que arribi a bullir."", 'Tallem dues escalunyes a la brunesa i les afegim al pot de la salsa; ho coem a foc baix durant deu minuts.', 'Un cop hagin passat deu minuts, passem la salsa del pot a un recipient per turbinar-la. Un cop quedi turbinada, la deixarem refredar perquè, aquesta salsa, no es pot prendre calenta.', 'Passats els 35 minuts del bany de sal, recuperem les preses ibèriques.', 'Preparem una cassola al foc i hi afegim una bona cullerada de mantega i un branquilló de romaní.', ""Eixuguem les preses remullades i les afegim al foc un cop la mantega s'hagi fos."", ""\xa0Ho pebrem i deixem que s'enrosseixin per totes dues bandes."", 'Un cop tinguem totes les preses enrossides, les deixem reposar durant cinc minuts abans de menjar-nos-les.', ""\xa0A l'hora d'emplatar-ho, tallem la presa ibèrica a tires, hi afegim la salsa, unes quantes escates de sal i una algunes fulles de julivert.""]","['Carn', 'Taronja', 'Llimona', 'Fruita del bosc', 'Mantega', 'Julivert', 'Gingebre', 'Romaní']"
Sopa de mango i coco,https://www.3cat.cat/tv3/cuines/recepta/sopa-de-mango-i-coco/43278/,11,https://img.3cat.cat/multimedia/jpg/0/4/1716152560440_326.jpg,Baixa,Menys de 30 minuts,,"[""250 g de mango madur350 ml de brou de verdures50 ml de llet evaporada20 ml d'oli5 g de coco fresc1/2 bitxo secFulles de mentaNou moscadaPebre negreSal"", '250 g de mango madur', '350 ml de brou de verdures', '50 ml de llet evaporada', ""20 ml d'oli"", '5 g de coco fresc', '1/2 bitxo sec', 'Fulles de menta', 'Nou moscada', 'Pebre negre', 'Sal']","[""Agafem un tros de coco i amb el pelador n'anem fent escates per aconseguir-ne uns 5 g."", ""Encenem el foc en una paella amb 20 ml d'oli per fregir. Quan arribi a uns 150 ºC aproximadament hi afegim les escates de coco. Agafem bitxo fresc i el trenquem abans de posar-lo a la paella."", ""Un cop ho tinguem, colem en\xa0una gerreta l'oli del\xa0coco i el bitxo."", 'I sobre un platet amb paper absorbent hi afegim el coco en escates. El bitxo el descartem.', ""Ara és el moment de preparar el mango i el que fem és pelar-lo i treure'n el pinyol. Un cop fet això, el maltallem."", 'Agafem un got batedor i hi afegim el mango maltallat.', 'També hi afegim 350 ml de brou de verdures i 50 ml de llet evaporada i ho triturem tot durant un minut, fins que quedi ben homogeni.', ""Hi afegim sal, pebre negre i nou moscada, que ratllem. Ho turbinem de nou perquè s'integri i ho reservem."", 'Tallem fulles de menta a la juliana i les guardem en un platet.', ""A l'hora d'emplatar farem servir un plat fondo. Hi aboquem una ració de sopa freda de mango, hi posem a sobre una mica d'oli de coco picant, hi afegim les escates de coco cuites i, per sobre, la menta picada.""]","['Verdures i hortalisses', 'Coco', 'Pebre negre', 'Nou moscada', 'Bitxo', 'Oli']"
Costella confitada amb préssecs,https://www.3cat.cat/tv3/cuines/recepta/costella-confitada-amb-pressecs/43378/,11,https://img.3cat.cat/multimedia/jpg/7/2/1716794032027_326.jpg,Mitjana,,,"['1 costellam de porc', ""2 préssecs d'aigua"", '10 boles de pebre negre', ""5 grans d'all"", ""1,3 l d'oli per confitar"", '50 g de mantega', '1 bitxo vermell fresc picant', '20 ml de vinagre balsàmic', '1 clau', 'Sucre', 'Sal', 'Oli']",[],"['All', 'Préssec', 'Porc', 'Mantega', 'Clau', 'Pebre negre', 'Bitxo', 'Sucre']"
Mantegues especiades,https://www.3cat.cat/tv3/cuines/recepta/mantegues-especiades/43579/,11,https://img.3cat.cat/multimedia/jpg/4/3/1716813553634_326.jpg,Baixa,Menys de 10 minuts,,"['Mantega per a pasta:200 g mantega amb salBitxo secSàlviaMantega per a carn:200 g mantega amb salCanyella en polsAnís en graMantega per a peix:200 g mantega amb salLlimonaMentaAnet', 'Mantega per a pasta:', '200 g mantega amb sal', 'Bitxo sec', 'Sàlvia', '', 'Mantega per a carn:', '200 g mantega amb sal', 'Canyella en pols', 'Anís en gra', '', 'Mantega per a peix:', '200 g mantega amb sal', 'Llimona', 'Menta', 'Anet']","[""Mantega per a pasta: traiem les llavors d'un bitxo sec, el tallem menut, juntament amb fulles de sàlvia fresca, i ho integrem en 200 g de mantega amb sal que ja tindrem a temperatura ambient perquè la textura recordi a una pomada i sigui fàcil de treballar. La preparació ja es pot desar a la nevera per a quan la necessiteu."", ""Mantega per a carn: en un bol on ja tindrem 200 g de mantega amb sal a temperatura ambient, hi afegim una cullerada de canyella en pols i dues cullerades d'anís en gra. Ho integrem bé. Ja la podeu guardar a la nevera per a quan la necessiteu."", ""Mantega per a peix: barregem una cullerada d'anet sec amb una cullerada de menta seca, amb 200 g de mantega amb sal que ja tindrem amb textura de pomada. Ho integrem bé. I com amb la resta, ja la podeu guardar a la nevera per a quan la necessiteu.""]","['Mantega', 'Canyella', 'Bitxo', 'Anet']"
Pèsols amb botifarra de perol,https://www.3cat.cat/tv3/cuines/recepta/pesols-amb-botifarra-de-perol/43256/,11,https://img.3cat.cat/multimedia/jpg/9/1/1715841510419_326.jpg,Baixa,Menys de 30 minuts,,"['INGREDIENTS PER A 1 PERSONA:200 g pèsols congelatsAllCeba tendraEscalunyaBotifarra de perolMentaSalOli OVEPebre', 'INGREDIENTS PER A 1 PERSONA:', '200 g pèsols congelats', 'All', 'Ceba tendra', 'Escalunya', 'Botifarra de perol', 'Menta', 'Sal', 'Oli OVE', 'Pebre']","[""Posarem una cassola al foc i, mentre s'escalfa, pelem i laminem un gra d'all petit. L'afegirem a la cassola amb un raig d'oli i el fem ballar a foc mitjà.\xa0"", ""Tallarem a rodelles mitja botifarra de perol i també l'enrossim a la cassola amb l'all. Ho reservem tot en un platet.\xa0"", 'Tallem a brunesa una escalunya petita i una ceba tendra petita. Les afegim a la cassola i, si cal, hi afegim més oli. Les deixarem suar amb la cassola tapada uns tres minuts fins que quedin estovades.\xa0', ""A la cassola hi afegim 200 g de pèsols congelats, la botifarra i l'all que teníem reservats. Ho tapem i ho courem durant 3 minuts.\xa0"", ""Per servir-ho, hi afegim un raig d'oli, sal, pebre i unes fulles de menta.\xa0""]","['All', 'Pèsols', 'Porc', 'Ceba']"
Pizzetes gratinades,https://www.3cat.cat/tv3/cuines/recepta/pizzetes-gratinades/43279/,11,https://img.3cat.cat/multimedia/jpg/7/7/1714637926377_326.jpg,Baixa,Menys de 30 minuts,,"['3 tortilles per a tacos100 g formatge tendre70 g pernil cuit Delizias Pétalos Noel', '3 tortilles per a tacos', '100 g formatge tendre', '70 g pernil cuit Delizias Pétalos Noel', '', ""20 g formatge curat tipus Maó8 tàperes1 xampinyó1 llom d'anxova en oliTomàquet trituratTomàquets secs en oliPebre negreSal"", '8 tàperes', '1 xampinyó', ""1 llom d'anxova en oli"", 'Tomàquet triturat', 'Tomàquets secs en oli', 'Pebre negre', 'Sal']","['Deixem el forn encès en funció gratinador a 210º.', 'Agafem el got batedor i preparem una salsa de tomàquet exprés. Hi afegim 4 meitats de tomàquets secs en oli, oli dels tomàquets secs, 3 cullerades de tomàquet triturat, voltes de pebre negre i sal. Ho triturem fins tenir una pasta i ho reservem un moment.', 'Laminem un xampinyó i el reservem en un platet.', 'Posem en una safata de forn paper sulfurat i hi deixem 3 tortilles per a tacos a sobre i hi distribuïm salsa de tomàquet exprés.', ""Sobre cada taco hi posem 3 pètals de pernil dolç. Posteriorment, al primer hi posem el xampinyó laminat, al segon 8 tàperes\xa0i al tercer un llom d'anxova en oli."", 'Sobre cada taco ratllem 20 g de formatge curat tipus Maó. I gratinem els tacos durant 8 minuts a 210º.', 'Passats els 8 minuts, ja podem emplatar els 3 tacos.']","['Tomàquets', 'Xampinyons', 'Anxoves', 'Formatge', 'Pebre negre']"
Figues i borraines,https://www.3cat.cat/tv3/cuines/recepta/figues-i-borraines/43096/,13,https://img.3cat.cat/multimedia/jpg/4/5/1713446625854_326.jpg,Baixa,Menys de 30 minuts,,"[""500 g farina250 ml llet200 ml aigua200 g figues seques50 ml licor d'anís20 fulles de borraina1 ou1 cullerada d'impulsorMel de tarongerMatafalugaOli OVESucre"", '500 g farina', '250 ml llet', '200 ml aigua', '200 g figues seques', ""50 ml licor d'anís"", '20 fulles de borraina', '1 ou', ""1 cullerada d'impulsor"", 'Mel de taronger', 'Matafaluga', 'Oli OVE', 'Sucre']","[""Posem a coure la llet, amb l'aigua i una cullerada de matafaluga. Quan arrenqui el bull, apaguem el foc, tapem l'olla i ho deixem infusionar una hora."", ""Posem en un bol, l'ou i el licor d'anís. Ho barregem i hi aboquem, colant-la, la infusió, que haurem de tenir a temperatura ambient. Ho barregem bé."", ""Tamisem, en aquest mateix bol, una cullerada d'impulsor i la farina que agafi la pastina. Ens ha de quedar una textura similar a una llet condensada. Per a aquestes quantitats, acabareu necessitant al voltant d'uns 500 g de farina. Ho anem posant a mesura que es vagi integrant, amb vareta manual,\xa0fins que no tingui grumolls."", ""Submergim les borraines, una a una, a la pastina, i les anem fregint en oli abundant. Quan han enrossit, les reservem en paper absorbent per evitar-ne l'excés d'oli."", ""Submergim les figues a la mateixa pastina i les anem fregint en el mateix oli. Quan agafen color, les reservem\xa0en paper absorbent. Quan el paper quedi humit d'oli, el traiem de seguida perquè no humitegi les figues. En calent, aboquem sucre damunt les figues fregides fins que quedin ben arrebossades."", 'Emplatem les figues ensucrades, així com les borraines fregides. Endolcim les borraines amb un filet de mel de taronger.']","['Verdures i hortalisses', 'Herbes, espècies, llavors i condiments', 'Figues', 'Farina de blat', 'Llet', 'Mel', 'Sucre', ""Oli d'oliva verge extra""]"
Llibrets d'albergínia amb pernil,https://www.3cat.cat/tv3/cuines/recepta/llibrets-dalberginia-amb-pernil/43236/,13,https://img.3cat.cat/multimedia/jpg/7/1/1714476166217_326.jpg,Baixa,Menys de 30 minuts,,"['INGREDIENTS PER A 1 PERSONA:Albergínia130 ml aigua amb gas80 g farina de cigró30 g formatge tendre de vaca20 g midó de blat de moroPernil cuit Delizias Pétalos NoelFarinaMel de romaníSal', 'INGREDIENTS PER A 1 PERSONA:', 'Albergínia', '130 ml aigua amb gas', '80 g farina de cigró', '30 g formatge tendre de vaca', '20 g midó de blat de moro', 'Pernil cuit Delizias Pétalos Noel', 'Farina', 'Mel de romaní', 'Sal']","['Agafem mitja albergínia i la tallem amb tres rodelles de mig centímetre de gruix. Després, a cada rodella li fem un tall sense arribar al final. Les salem.\xa0', 'Farcim les rodelles amb un tall de formatge i pernil dolç. També hi afegim un raig de mel de romaní.\xa0', ""En un bol hi barregem 80 g de farina de cigró, 20 g de farina de blat de moro, 130 ml d'aigua amb gas freda i sal. Ho integrem bé, que no hi hagi grumolls.\xa0"", 'Enfarinem les rodelles farcides amb farina i després les passem per la pasta que hem fet al bol. \xa0', 'Anirem fregint les rodelles en una paella amb oli calent i les anirem deixant en un plat amb paper absorbent.\xa0', 'Per últim, les posarem en un safata per servir amb una mica de sal gruixuda.\xa0']","['Albergínies', 'Porc', 'Farina', 'Formatge', 'Mel']"
Amanida de carbassó,https://www.3cat.cat/tv3/cuines/recepta/amanida-de-carbasso/43197/,13,https://img.3cat.cat/multimedia/jpg/2/1/1714384459912_326.jpg,Baixa,Menys de 10 minuts,Vegetariana,"['1 carbassó tendre de mida petita1 llimona50 g de mató3 branques de julivert1 branca de menta1/2 culleradeta de comí en pols1/2 culleradeta de curri en polsCurri en polsMix de pebresOli OVESal', '1 carbassó tendre de mida petita', '1 llimona', '50 g de mató', '3 branques de julivert', '1 branca de menta', '1/2 culleradeta de comí en pols', '1/2 culleradeta de curri en pols', 'Curri en pols', 'Mix de pebres', 'Oli OVE', 'Sal']","[""Tallem les puntes d'un carbassó net i sense pelar.\xa0"", 'Amb el pelador ample o una mandolina, laminem el carbassó al llarg i ho anem posant en un bol.', 'Posem sal al bol i deixem que suï una estona.\xa0', 'Posem al bol el suc de mitja llimona.\xa0', ""Ho remenem i deixem reposar uns segons. Colem el carbassó per treure'n l'excés de suc de llimona.\xa0\xa0"", 'Tornem el carbassó al bol i hi afegim mitja culleradeta de comí en pols, mitja culleradeta de curri i unes voltes de barreja de pebres.\xa0\xa0', 'Ho remenem per repartir-ho bé.\xa0', 'Piquem tres branques de julivert desfullades i una branca de menta, que desfullarem.', 'Ho integrem amb el carbassó.\xa0', ""Emplatem amb 50 g de mató, una mica de curri i un raig d'oli OVE.""]","['Carbassó', 'Llimona', 'Formatge', 'Curri', 'Julivert', 'Comí']"
Patates a la carbonara,https://www.3cat.cat/tv3/cuines/recepta/patates-a-la-carbonara/43056/,13,https://img.3cat.cat/multimedia/jpg/9/0/1713255164609_326.jpg,Baixa,Menys de 30 minuts,,"['INGREDIENTS PER A 1 PERSONA:180 g patates platillo50 g guanciale25 g formatge parmesà120 ml aigua2 ousMantegaSalPebre', 'INGREDIENTS PER A 1 PERSONA:', '180 g patates platillo', '50 g guanciale', '25 g formatge parmesà', '120 ml aigua', '2 ous', 'Mantega', 'Sal', 'Pebre']","[""Posem mantega a una paella i mentre es fon tallem 50 g de guanciale a julianeta. L'hi afegim i l'enrossim.\xa0"", 'Tallem pel mig 180 g de patates del platillo.\xa0', ""Quan el guanciale ja està enrossit, el traiem de la paella i el reservem en un bol gros. A la paella on s'ha cuit, hi afegim les patates tallades i les saltem amb sal fins que siguin rosses.\xa0"", ""Aboquem 120 ml d'aigua a la paella i ho coem a foc mitjà deu minuts amb la tapa.\xa0"", ""Al bol on hi tenim el guanciale hi afegim 20 ml d'aigua de la cocció, 25 g de parmesà ratllat i dos rovells d'ou. Ho barregem ben barrejat.\xa0"", 'Afegim al bol les patates cuites i acabem el plat posant-hi pebre.\xa0']","['Patates', 'Mantega', 'Formatge', 'Pebre negre']"
Biquini de cua de vaca i formatge,https://www.3cat.cat/tv3/cuines/recepta/biquini-de-cua-de-vaca-i-formatge/43041/,13,https://img.3cat.cat/multimedia/jpg/6/1/1713185442216_326.jpg,Mitjana,Més d'una hora,,"['800 g de cua de vacaMostassa antigaConcentrat de tomàquetVinagre de MòdenaMantegaPa de motlleCogombretsBrie trufatAigua mineralSalPebreVi negreOli OVE', '800 g de cua de vaca', 'Mostassa antiga', 'Concentrat de tomàquet', 'Vinagre de Mòdena', 'Mantega', 'Pa de motlle', 'Cogombrets', 'Brie trufat', 'Aigua mineral', 'Sal', 'Pebre', 'Vi negre', 'Oli OVE']","[""Enrossim en una paella 800 g de cua de vaca tallada amb una mica d'oli. Després posarem la carn a dins d'una olla a pressió.\xa0\xa0\xa0"", ""Aboquem un bon raig de vi negre dins de l'olla i deixem que es redueixi una mica.\xa0"", 'Hi afegim sal, pebre i aigua fins que cobreixi la carn. Tapem i courem a foc mitjà. Quan comenci a xiular ho deixem 50 minuts. Després tanquem el foc i ho deixem reposar 50 minuts més.\xa0', 'Esfilagarsem la carn en un bol.\xa0', 'En aquell mateix bol, hi afegim un bon raig de vinagre de Mòdena, una cullerada de mostassa antiga i una altra de concentrat de tomàquet. Rectifiquem de sal i ho integrem.\xa0', ""Agafem una llesca de pa de motlle. Al damunt hi posem el contingut del bol, cogombrets tallats a microbrunesa i brie trufat llescat. Tapem amb l'altra llesca de motlle.\xa0\xa0"", ""En una paella hi afegim una mica de mantega i quan s'ha fos hi posem el biquini. Marquem a banda i banda a foc suau.\xa0"", 'Ja el podem servir calent.\xa0']","['Tomàquets', 'Cogombre', 'Vaca', 'Mantega', 'Formatge', 'Oli']"
Trena d'espinacs i pernil,https://www.3cat.cat/tv3/cuines/recepta/trena-despinacs-i-pernil/43276/,13,https://img.3cat.cat/multimedia/jpg/1/0/1714636422701_326.jpg,Baixa,Menys de 30 minuts,,"[""1 pasta de full1 ou100 g de pernil cuit Delizias Pétalos Noel50 g d'espinacs baby50 g de porroMostassa d'estragóPebreSal"", '1 pasta de full', '1 ou', '100 g de pernil cuit Delizias Pétalos Noel', ""50 g d'espinacs baby"", '50 g de porro', ""Mostassa d'estragó"", 'Pebre', 'Sal']","[""Maltallem 50 g d'espinacs baby i els reservem en un bol."", 'Tallem a microllunes 50 g de porro, només la part blanca, i ho afegim al bol.', 'Salem una mica el bol perquè es morfeixi tot durant dos minuts.', ""Agafem la pasta de full i l'estenem bé fent-hi incisions obliqües als laterals, deixant el centre intacte."", ""Al centre hi posem dues cullerades de mostassa d'estragó i posteriorment hi afegim 100 g de pernil dolç."", 'Sobre el pernil hi posem els vegetals i una mica de pebre.', 'Un cop tinguem tots els ingredients al mig, és el moment de tancar la pasta de full fent forma de trena, és a dir, intercalant els laterals.', 'Batem un ou i pintem la part de sobre de la trena.', ""Un cop llesta, l'enfornem durant 15 minuts a 210 ºC."", ""Quan hagin passat els 15 minuts, la traiem del forn i l'emplatem.""]","['Ous', 'Espinacs', 'Porro', 'Pebre negre']"
Espaguetis sense gluten amb salsa de ceba,https://www.3cat.cat/tv3/cuines/recepta/espaguetis-sense-gluten-amb-salsa-de-ceba/43076/,13,https://img.3cat.cat/multimedia/jpg/8/8/1713270568988_326.jpg,Baixa,Menys d'una hora,Sense gluten,"[""400 g d'espaguetis sense gluten100 g de xiitakes8 gambots crus6 alls tendres1 ceba1 llimona40 g de formatge semicurat barreja sense lactosaOliSal"", ""400 g d'espaguetis sense gluten"", '100 g de xiitakes', '8 gambots crus', '6 alls tendres', '1 ceba', '1 llimona', '40 g de formatge semicurat barreja sense lactosa', 'Oli', 'Sal']","[""Comencem fent la salsa de ceba posant al forn una ceba i una cabeça d'alls. Els alls els hi deixarem 20 minuts, mentre que la ceba seguirà al forn 20 minuts més;\xa0per tant, 40 minuts a 180\u202f°C."", ""Deixem quatre litres d'aigua en una olla, escalfant-se, a foc mitjà."", 'Agafem el got batedor per ratllar-hi\xa040 g de formatge semicurat barreja sense lactosa.', ""Funyim la cabeça d'alls cuits en un recipient. Agafem dues cullerades d'aquesta pasta d'all i l'afegim al got batedor."", ""Maltallem la ceba cuita i l'afegim al got batedor i ho turbinem fins que n'obtinguem una pasta. Un cop fet ho reservem."", 'Agafem vuit gambots desconeglats i els pelem un per un, els tallem de llarg i els traiem el budell. Els reservem al plat un cop estiguin tots.', ""Comencem a fer l'acompanyament tallant a juliana i de llarg sis alls tendres nets."", 'Tallem a juliana 100 g de xiitakes ja nets.', ""Mentre posem a escalfar una paella, agafem 400 g d'espaguetis sense gluten i els tirem a l'olla amb aigua bullint. Hi afegim una mica de sal i els hi deixem durant nou minuts."", 'Comencem a saltar els acompanyaments, afegim a la paella els alls tendres i el xiitake.', 'Quan els vegetals estan quasi a punt, afegim a la paella els gambots ja nets i els saltem també.', 'Aboquem a la paella el puré de ceba i formatge. Ho integrem a foc baix.', ""Un cop els espaguetis ja estiguin fets i, per tant, hagin passat els nou minuts de cocció, els passem amb una aranya de l'olla a la paella i ho integrem bé abans d'emplatar-ho."", ""Hi afegim una mica d'aigua de la cocció per donar-hi més consistència."", ""Per afegir-hi un toc verd, hi posarem unes quantes fulles d'orenga. I per sobre hi ratllarem la pela d'una llimona.""]","['Marisc', 'All', 'Llimona', 'Espaguetis', 'Formatge', 'Ceba', 'Xiitake']"
Pessic de llimona sense gluten ni lactosa,https://www.3cat.cat/tv3/cuines/recepta/pessic-de-llimona-sense-gluten-ni-lactosa/43198/,13,https://img.3cat.cat/multimedia/jpg/3/0/1714385060103_326.jpg,Baixa,Menys d'una hora,,"[""4 ous150 g sucre morè140 g farina d'arròs (i una mica més per enfarinar el motlle)50 g farina fina de blat de moro2 cullerades d'impulsor150 ml beguda d'avellana i arròs140 ml d'oli d'oliva1 sobre de sucre de vainilla1 llimona20 g patata bullidaSal"", '4 ous', '150 g sucre morè', ""140 g farina d'arròs (i una mica més per enfarinar el motlle)"", '50 g farina fina de blat de moro', ""2 cullerades d'impulsor"", ""150 ml beguda d'avellana i arròs"", ""140 ml d'oli d'oliva"", '1 sobre de sucre de vainilla', '1 llimona', '20 g patata bullida', 'Sal']","['En dos bols diferents, separem clares i rovells de 4 ous. \xa0', 'Posem un pessic de sal a les clares i les comencem a muntar. Quan comencin a tenir color blanc i bombolles, hi anem tirant el sucre de mica en mica i en format de pluja. Són 75 g de sucre morè.\xa0', 'Quan les clares estiguin ben muntades, parem la batedora i les reservem.\xa0', 'Comencem a batre els rovells i hi anem tirant 75 g de sucre morè de mica en mica, igual que hem fet abans amb les clares.\xa0', ""Afegim als rovells blanquejats la ratlladura d'una llimona i un sobre de sucre de vainilla. Hi afegim 20 g de patata bullida i pelada.\xa0"", ""Afegim a la barreja 150 ml de beguda d'avellana i arròs i 140 ml d'oli OVE. Ho integrem bé.\xa0"", ""Tamisem sobre el bol 50 g de farina fina de blat de moro, 140 g de farina d'arròs i dues cullerades d'impulsor.\xa0"", 'Ho integrem fins que sigui homogeni.\xa0', 'Afegim a la barreja les clares muntades.\xa0\xa0', ""Untem un motlle amb oli i després el cobrim amb farina d'arròs.\xa0"", ""Posem la barreja d'ous i farina al motlle.\xa0\xa0"", ""Ho portem al forn 30' a 180 ºC.\xa0"", 'Deixem que el pastís es refredi una mica i després el desemmotllem.\xa0']","['Arròs i cereals', 'Ous', 'Avellanes', 'Sucre panela']"
Pebrots verds arrebossats,https://www.3cat.cat/tv3/cuines/recepta/pebrots-verds-arrebossats/43036/,13,https://img.3cat.cat/multimedia/jpg/8/3/1713179703538_326.jpg,Baixa,Menys de 30 minuts,Vegetariana,"['1 pebrot verd italià35 g de formatge grana padano1/2 ceba tendra2 ousPa ratllatFarinaSalOliPebre', '1 pebrot verd italià', '35 g de formatge grana padano', '1/2 ceba tendra', '2 ous', 'Pa ratllat', 'Farina', 'Sal', 'Oli', 'Pebre']","['Tallem a rodelles un pebrot verd italià, que primer rentem i buidem. El reservem en un bol i el salpebrem.', 'Posem en un got batedor 35 g de grana padano ratllat i mitja ceba tendra petita ja neta, que maltallem.', 'Finalment hi afegim un ou i ho turbinem.', ""Hi afegim 120 ml d'oli suau per emulsionar-ho. Un cop a punt, ho reservem."", 'Escalfem oli en una paella.', 'Trenquem un ou en una plata i el batem.', 'Arrebossem cada pebrot passant-lo per farina, ou batut i pa ratllat. Els fregim i els reservem.', 'Deixem els pebrots arrebossats en paper absorbent.', 'Traiem el paper absorbent i emplatem els pebrots arrebossats.']","['Ous', 'Farina', 'Pebre negre', 'Ceba', 'Oli', 'Pebrot verd']"
Llobarro amb patates i ceba,https://www.3cat.cat/tv3/cuines/recepta/llobarro-amb-patates-i-ceba/43296/,13,https://img.3cat.cat/multimedia/jpg/4/0/1714730510104_326.jpg,Baixa,Menys de 30 minuts,,"['INGREDIENTS PER A 1 PERSONA1 llom de llobarro1 patata monalisa petita1 llimaMitja ceba vermellaVi blancOli OVEPebre negreSal', 'INGREDIENTS PER A 1 PERSONA', '1 llom de llobarro', '1 patata monalisa petita', '1 llima', 'Mitja ceba vermella', 'Vi blanc', 'Oli OVE', 'Pebre negre', 'Sal']","['Pelem i laminem amb mandolina una patata monalisa petita. Si no tenim mandolina, la tallem a rodelles al més fines possible.\xa0', 'Distribuïm les làmines en un recipient apte per al microones.\xa0', 'Pelem i laminem amb mandolina mitja ceba vermella. La distribuïm per sobre la patata.\xa0', ""Ho salem, hi aboquem un raig d'oli OVE i un raig de vi blanc.\xa0"", 'Ho tapem i ho coem al microones durant 4 minuts a 700 watts.\xa0', 'Agafem un llom de llobarro amb pell i salem la part de la carn.\xa0', 'Un cop acabada aquesta primera cocció, traiem el recipient del microones, el destapem i hi posem el llom de llobarro amb la pell cap amunt. Salpebrem aquesta cara del llom.\xa0', 'Tallem 4 rodelles fines de llima i les distribuïm per sobre el llobarro.\xa0', 'Tapem de nou el recipient i fem una segona cocció de 7 minuts a 700 watts.\xa0', '\xa0Ho destapem amb cura al treure-ho del microones, per evitar cremar-nos.\xa0', "".Acabem el plat amb un bon raig d'oli OVE per sobre i ja ho tenim.\xa0""]","['Ceba', 'Patates', 'Peix blanc']"
Tomàquet amb all i burrata,https://www.3cat.cat/tv3/cuines/recepta/tomaquet-amb-all-i-burrata/43038/,13,https://img.3cat.cat/multimedia/jpg/0/6/1713183045960_326.jpg,Baixa,Menys de 30 minuts,,"[""200 g de tomàquet tipus blau1 burrata petita40 ml d'oli10 g d'ametlles torrades10 g d'olives negres5 grans d'all1 branca de farigolaAlfàbregaSal"", '200 g de tomàquet tipus blau', '1 burrata petita', ""40 ml d'oli"", ""10 g d'ametlles torrades"", ""10 g d'olives negres"", ""5 grans d'all"", '1 branca de farigola', 'Alfàbrega', 'Sal']","[""Comencem preparant l'all cremat escalfant a foc fort una cassola amb 40 ml d'oli i hi afegim una branca de farigola."", ""Mentrestant pelem 5 grans d'all,\xa0els afegim a la cassola\xa0i els hi deixem cremant."", 'Tallem a daus grossos 200 g de tomàquet tipus blau i el\xa0reservem en un bol.', 'Salpebrem el tomàquet.', ""Agafem la cassola amb els alls cremats i l'oli i ho aboquem per sobre dels tomàquets amb un colador. D'aquesta manera només ens quedem amb l'oli."", ""Preparem l'emplatat agafant un plat fondo, on esqueixem una burrata petita amb els dits."", ""Hi afegim els daus de tomàquet, les olives negres tallades a rodelles, ametlles torrades que maltrenquem, unes quantes fulles d'alfàbrega fresca, l'oli de l'all cremat i sal.""]","['Tomàquets', 'All', 'Formatge', 'Farigola', 'Alfàbrega', 'Olives', 'Oli', 'Ametlles']"
Croquetes de llenties vermelles,https://www.3cat.cat/tv3/cuines/recepta/croquetes-de-llenties-vermelles/43339/,13,https://img.3cat.cat/multimedia/jpg/8/6/1715009084468_326.jpg,Baixa,Menys de 30 minuts,Vegana,"['Per a 2 persones100 g llenties vermelles20 g tahina1/2 ceba figueresUna cullerada de pebre vermell dolç fumat1 llimaPa ratllatSal', 'Per a 2 persones', '100 g llenties vermelles', '20 g tahina', '1/2 ceba figueres', 'Una cullerada de pebre vermell dolç fumat', '1 llima', 'Pa ratllat', 'Sal']","['Posem un pot al foc i hi afegim 100 g llenties vermelles i aigua fins a cobrir-les.', ""Encenem el foc i deixem que les llenties es coguin 10 minuts, comptats a partir que l'aigua comenci a bullir. \xa0"", ""Un cop cuites, les traiem de l'olla i les escorrem amb un colador."", 'Tallem a la\xa0microbrunesa ceba de Figueres i la posem en un bol.', 'Al mateix bol hi posarem una cullerada de pebre vermell fumat, 20 g de tahina, la pela ratllada de 1/2 llima i una mica de sal. Ho barregem tot i hi afegim les llenties.', 'Posem la barreja en un recipient perquè es refredi i així puguem manipular la massa sense cremar-nos. \xa0', 'Un cop puguem manipular la massa, en fem boletes i les posem en un plat amb pa ratllat i les arrebossem i els hi acabem de donar forma.', ""Posem les croquetes a la fregidora d'aire i les coem 15 min\xa0a 180 ºC \xa0"", 'Les servim.']","['Llentia', 'Llima', 'Tahina', 'Ceba', 'Pebre vermell fumat']"
Cuixes de pollastre amb moixernons,https://www.3cat.cat/tv3/cuines/recepta/cuixes-de-pollastre-amb-moixernons/43338/,13,https://img.3cat.cat/multimedia/jpg/9/4/1715155491849_326.jpg,Baixa,Més d'una hora,,"['4 cuixes de pollastre1 l de brou de pollastre2 pomes reineta1 bulb de fonoll40 g de nous pelades100 g de moixernons frescosSalOli OVESàlviaPebreVi de xerès', '4 cuixes de pollastre', '1 l de brou de pollastre', '2 pomes reineta', '1 bulb de fonoll', '40 g de nous pelades', '100 g de moixernons frescos', 'Sal', 'Oli OVE', 'Sàlvia', 'Pebre', 'Vi de xerès']","[""Submergim les cuixes en una solució d'aigua i sal (50 g/l) durant 30 minuts.\xa0"", ""Posem una cassola al foc amb un raig d'oli. Eixuguem amb un drap les cuixes i hi posem\xa0pebre negre.\xa0\xa0"", 'Marquem les cuixes eixutes a la cassola durant 15 minuts. A mitja cocció els\xa0donem la volta.\xa0', 'Escalfem un litre de brou de pollastre.\xa0', 'Tallem a juliana gruixuda un bulb de fonoll net.\xa0', 'Pelem i tallem a bastonets gruixuts dues pomes reinetes.\xa0', 'Si el pollastre ja està marcat, el podem treure de la cassola i reservar-lo en una safata.\xa0\xa0', 'A la cassola on hi havia el pollastre, hi saltem la poma.\xa0\xa0', 'Un cop saltada, la reservem i posem el fonoll tallat a la mateixa cassola.\xa0', 'Afegim a la cassola el pollastre reservat\xa0', ""Tirem un raig de vi de xerès a la cassola. Ho coem fins que se n'evapori l'alcohol. Afegim a la cassola el brou calent i una mica de sàlvia.\xa0"", 'Ho tapem i ho deixem coure a foc mitjà una hora.\xa0', 'Afegim a la cassola 100 g de bolets frescos nets; en aquest cas ho farem amb moixernons.\xa0\xa0', 'Afegim la poma a la cassola i ho coem quinze minuts.\xa0', 'Ho triturem amb una picadora 40 g de nous.\xa0', 'Afegim la pols de nous a la cassola.\xa0', ""Apaguem el foc i ho integrem fins que s'espesseixi.\xa0"", 'Ho emplatem.\xa0\xa0']","['Fonoll', 'Pomes', 'Pollastre', 'Nous']"
Arròs de bacallà fumat amb all negre,https://www.3cat.cat/tv3/cuines/recepta/arros-de-bacalla-fumat-amb-all-negre/43216/,13,https://img.3cat.cat/multimedia/jpg/6/5/1714464812256_326.jpg,Mitjana,Més d'una hora,,"['INGREDIENTS PER A 4 PERSONES:350 g arròs150 g ceba rossa110 g bacallà fumat50 g all negre750 ml fumet bacallà2 tomaconsAiguaBrins de safràJulivert frescBrandiOli OVE', 'INGREDIENTS PER A 4 PERSONES:', '350 g arròs', '150 g ceba rossa', '110 g bacallà fumat', '50 g all negre', '750 ml fumet bacallà', '2 tomacons', 'Aigua', 'Brins de safrà', 'Julivert fresc', 'Brandi', 'Oli OVE']","['Posarem a escaldar en aigua bullint set branques de julivert. Passats deu segons, les posarem en un bol amb aigua i gel per aturar-ne la cocció.\xa0\xa0', ""Posarem en un got batedor el julivert escaldat i 30 ml d'oli d'oliva. Ho triturem i reservem.\xa0"", 'Escalfem una cassola i hi aboquem 150 g de ceba rossa. Quan estigui calenta hi afegim un raig de brandi.\xa0\xa0', 'Ratllem dos tomacons, ho integrem i ho coem durant 10 minuts.\xa0', ""Per fer el puré d'all negre, posarem en un got batedor 50 g d'all negre, 10 ml d'aigua, 20 ml d'oli OVE i ho triturem. Després ho passarem a un biberó.\xa0"", ""A la cassola hi afegim uns brins de safrà i, quan són torrats, 350 g d'arròs, que perlem.\xa0\xa0"", 'Hi afegim 750 ml de brou de bacallà, que ja tenim calent, i ho courem a foc mitjà durant 17 minuts.\xa0', ""Deixem reposar l'arròs dos minuts tapat amb un drap de cotó.\xa0"", ""Afegim a l'arròs 110 g de bacallà fumat, que es courà amb la calor residual. També hi posarem els punts de puré d'all negre i unes cullerades de l'oli de julivert.\xa0\xa0""]","['Tomàquets', 'All', 'Bacallà', 'Arròs bomba', 'Julivert', 'Safrà', 'Ceba', 'Oli']"
Cuscús de coliflor,https://www.3cat.cat/tv3/cuines/recepta/cuscus-de-coliflor/43316/,13,https://img.3cat.cat/multimedia/jpg/1/1/1714995009911_326.jpg,Baixa,Menys de 10 minuts,Vegana,"[""PER A 1 PERSONA:Mitja coliflorMig bròquil3 cireres1 pastanaga1 aranjaNousOli d'oliva verge extraVinagrePebreSal"", 'PER A 1 PERSONA:', 'Mitja coliflor', 'Mig bròquil', '3 cireres', '1 pastanaga', '1 aranja', 'Nous', ""Oli d'oliva verge extra"", 'Vinagre', 'Pebre', 'Sal']","['Ratllem finament, amb un pelador, el bròquil i la coliflor, procurant que semblin grans de cuscús. Ho reservem a un colador.\xa0', 'Tallem la pastanaga a quadradets i la reservem a un bol.', 'Afegim, al bol, les cireres, sense pinyol, que també tallarem a quadradets.', 'Posem el colador -amb el nostre\xa0""cuscús"" incorporat- a dins d\'una olla amb aigua bullent, ho escaldem i el reservem a banda perquè se n\'abaixi la temperatura.\xa0', 'Tallem un grapat de nous, i les afegim al bol on tenim les cireres i la pastanaga.', ""Pelem la meitat de l'aranja, a sang, de manera que no ens quedi gens de part blanca. D'aquesta meitat, en traiem els grills amb el ganivet, descartant-ne el tel, i els tallem a quadradets.\xa0"", ""Per fer l'amanit, fem suc de l'altra meitat de l'aranja. El posem en un pot que es pugui tapar, juntament amb 3 cullerades d'oli d'oliva verge extra, 1 cullerada de vinagre, sal i pebre. Ho tapem i ho sacsem per tal d'emulsionar-ho. També ho podríeu fer en un bol i amb una forquilla.\xa0"", 'Incorporem el nostre ""cuscús"" al bol on tenim les cireres i la resta. Ho amanim amb la nostra vinagreta i ja ho podem emplatar.']","['Pastanagues', 'Coliflor', 'Bròquil', 'Cirera', 'Nous']"
Pèsols ofegats,https://www.3cat.cat/tv3/cuines/recepta/pesols-ofegats/42959/,15,https://img.3cat.cat/multimedia/jpg/6/0/1710517757206_326.jpg,Baixa,,,"[""300 g pèsols pelats2 patates petites monalisa (200 g)1 taronjaMantegaSalsa de sojaAigua mineralOli d'oliva suau"", '300 g pèsols pelats', '2 patates petites monalisa (200 g)', '1 taronja', 'Mantega', 'Salsa de soja', 'Aigua mineral', ""Oli d'oliva suau"", '']","[""Pelem les patates i les tallem\xa0aproximadament de la mida d'un pèsol, a dauets.\xa0"", ""Escalfem la paella amb un raig generós d'oli d'oliva suau. Hi aboquem la patata tallada i l'enrossim a foc alt durant 2 minuts.\xa0"", ""Afegim a la paella una mica de salsa de soja i continuem saltant les patates durant 30 segons. Hi tirem\xa0un raig d'aigua, tapem la paella i coem 1 minut més.\xa0Després hi posem una nou de mantega i unes fulles de romaní i remenem."", ""Hi aboquem els pèsols i també un raig d'aigua. Tapem i coem durant 1 minut. Tastem els pèsols i, si cal, els coem una mica més.\xa0"", 'Emplatem i hi ratllem per sobre una mica de pell de taronja. Una recepta de pèsols ofegats preparada en un temps rècord.']","['Patates', 'Pèsols', 'Mantega', 'Romaní', 'Salses', ""Oli de d'oliva""]"
Arròs amb llet de coco,https://www.3cat.cat/tv3/cuines/recepta/arros-amb-llet-de-coco/42942/,15,https://img.3cat.cat/multimedia/jpg/0/5/1710502272550_326.jpg,Baixa,Menys d'una hora,,"[""1,2 l llet de coco150 g arròs rodó60 sucre blanc1/2 mango1 canonet d'herba llimona (lemon grass)Shichimi togarashi (opcional)"", '1,2 l llet de coco', '150 g arròs rodó', '60 sucre blanc', '1/2 mango', ""1 canonet d'herba llimona (lemon grass)"", 'Shichimi togarashi (opcional)']","[""Aboquem a una olla 1,2 l de llet de coco. Hi tirem 60 g de sucre blanc. Matxuquem amb un ganivet 1 canonet d'herba llimona, l'obrim una mica amb al llarg\xa0i l'afegim. Posem l'olla al foc i portem a ebullició."", ""Quan estigui a punt d'arrencar\xa0el bull, hi tirem 150 g d'arrós rodó. Coem l'arròs a foc baix\xa0uns 25 minuts. Durant aquest temps, vigileu i remeneu l'arrós cada 5 minuts. Passats els 25 minuts, apaguem el foc i deixem reposar 5 minuts."", ""\xa0Repartim l'arrós cuit en 4 cassoletes i el deixem refredar. Un cop fredes, posem les cassoletes a la nevera."", 'Pelem i tallem a daus petits 1/2 mango, o altra fruita que us agradi. Posem els dauets a les cassoletes.', ""Posem per sobre Shichimi Togarashi, una barreja d'espècies asiàtica\xa0amb sabor picants i cítrics que podeu trobar en botiques especialitzades i en alguns supermercats. Si no en teniu, podeu servir l'arròs amb espècies que us agradin i una mica de ratlladura de llima o sense res.""]","['Fruita', 'Coco', 'Arròs rodó', 'Sucre']"
Cookies tendres de brownie,https://www.3cat.cat/tv3/cuines/recepta/cookies-tendres-de-brownie/42940/,15,https://img.3cat.cat/multimedia/jpg/2/9/1710501883492_326.jpg,Baixa,Menys d'una hora,,"[""2 ous de gallina mida L135 g sucre morè200 g xocolata negra fondantSal fina60 g mantega100 g farina fluixa1/2 culleradeta d'impulsor160 g xocolata blanca"", '2 ous de gallina mida L', '135 g sucre morè', '200 g xocolata negra fondant', 'Sal fina', '60 g mantega', '100 g farina fluixa', ""1/2 culleradeta d'impulsor"", '160 g xocolata blanca', '', '']","['Posem una olla al foc amb aigua. Ha de ser una olla on hi puguem col·locar a sobre un bol per fer un bany maria.', ""Esmicolem la xocolata negra fondant i la posem en un bol que encaixem a l'olla. Deixem que la xocolata es vagi fonent. Es pot fondre la xocolata al microones, però fent coccions curtes i remenant cada 30 segons perquè no es cremi."", ""Tallem a dauets la mantega i l'afegim al bol quan la xocolata s'ha fos. Integrem i deixem que es vagi fonent."", 'En un altre bol, trenquem 2 ous mida L i hi afegim\xa01/2 culleradeta de sal i 45 g de sucre morè. Muntem amb varetes elèctriques. Afegim 45 g més de sucre morè. Tornem a muntar. Aboquem els últims 45 g de sucre morè i muntem.', ""Passem a aquest bol la xocolata desfeta i la integrem, suaument perquè no es perdi l'aire, amb una vareta manual."", ""Afegim al bol, tamisant-ho, 100 g de farina fluixa i 1/2 culleradeta d'impulsor. Integrem amb moviments embolcallants amb la vareta manual."", ""Tallem a bocins petits la xocolata blanca. En reservem uns trossets i la resta l'afegim al bol. Integrem fent servir una llengua. Tapem el bol i el reservem a la nevera durant 30 minuts."", ""Fem boletes de la massa amb una cullera de boles de gelat i les anem col·locant en una safata de forn amb paper sulfurat, una mica separades perquè no s'enganxin en créixer amb l'escalfor. A cada galeta hi posem els trossets de xocolata blanca que hem reservat.\xa0"", 'Enfornem durant 9 minuts a 170 ºC. Un cop cuites les cookies, esperem que estiguin temperades per desenganxar-les del paper, i així no es trencaran. I ja tenim les cookies tendres de brownies a punt.']","['Ous de gallina', 'Farina de blat', 'Xocolata', 'Sucre', 'Xocolata blanca']"
Pollastre amb taronja i ametlla,https://www.3cat.cat/tv3/cuines/recepta/pollastre-amb-taronja-i-ametlla/42937/,15,https://img.3cat.cat/multimedia/jpg/5/3/1710501149435_326.jpg,Baixa,Menys d'una hora,,"[""Per a 2 persones1 pit de pollastre (350 g aprox.)2 taronges (250 ml aprox.)80 ml oli d'oliva verge60 g pa ratllat60 g farina d'ametlla1 cullerada de mostassa a l'ancienne1 branca romaní frescaCrema balsàmicaAmetlles fregides saladesPebre blancSal"", 'Per a 2 persones', '1 pit de pollastre (350 g aprox.)', '2 taronges (250 ml aprox.)', ""80 ml oli d'oliva verge"", '60 g pa ratllat', ""60 g farina d'ametlla"", ""1 cullerada de mostassa a l'ancienne"", '1 branca romaní fresca', 'Crema balsàmica', 'Ametlles fregides salades', 'Pebre blanc', 'Sal', '']","[""Posem al foc una paella amb un raig d'oli d'oliva verge extra (80 ml)."", ""Filetegem 1 pit de pollastre (350 g).\xa0Salpebrem els filets. Barregem en un plat fons 60 g de farina d'ametlla i\xa060 g de pa ratllat. (La farina d'ametlla li dona un punt diferent, però, si no en teniu, podeu fer servir també farina de blat o només pa ratllat.) Arrebossem\xa0el pollastre."", ""Quan l'oli està calent, posem a fregir els filets a foc baixet."", ""Per fer la salsa, espremem 2 taronges\xa0i aboquem el suc en un pot. Hi afegim 1 cullerada de mostassa a l'ancienne, 1 cullerada de mel de romaní, unes gotes de crema balsàmica i una branca de romaní. Remenem fins integrar."", 'Aboquem la salsa a la paella amb tot el pollastre i remenem suaument. Pugem el foc i couem fins que la salsa redueixi i quedi més espessa.', 'Per emplatar, passem la meitat dels filets i de la salsa a un plat. Per sobre, hi posarem ametlles fregides i salades.']","['Taronja', 'Pollastre', 'Farina de blat', ""Oli d'oliva verge extra"", 'Farina de galeta', 'Ametlles']"
Mona de mantega,https://www.3cat.cat/tv3/cuines/recepta/mona-de-mantega/40756/,15,https://img.3cat.cat/multimedia/jpg/5/6/1710251473465_326.jpg,Baixa,Més d'una hora,,"[""125 g farina de força125 g farina fluixa500 g de mantega180 g sucre150 g coralet125 g iogurt grec100 ml oli d'oliva verge extra80 g sucre de llustre10 g cacau en pols10 g cúrcuma en pols8 g impulsor\xa0químic1,5 g te matxa4 ous1 llimona"", '125 g farina de força', '125 g farina fluixa', '500 g de mantega', '180 g sucre', '150 g coralet', '125 g iogurt grec', ""100 ml oli d'oliva verge extra"", '80 g sucre de llustre', '10 g cacau en pols', '10 g cúrcuma en pols', '8 g impulsor\xa0químic', '1,5 g te matxa', '4 ous', '1 llimona']","[""El Marc Ribas ha convidat l'artista Lildami a fer una mona de mantega inspirada en l'estil del creador terrassenc."", ""\xa0En un bol, hi aboquem 4 ous, 180 g de sucre. 152 g de iogurt grec i 100 ml d'oli d'oliva verge extra. Ratllem la pell d'una llimona i l'afegim. Ho barregem tot amb una vareta manual."", ""Tamisem amb un colador els 125\xa0g de farina fluixa i els 125 g\xa0 de farina de força juntament amb l'impulsor químic damunt de la barreja que hi ha al bol. Ho integrem amb una vareta manual.\xa0"", ""Dividim la massa en dos bols. En un hi afegirem 10 g de cacau tamisant-lo i en l'altre 10 g de cúrcuma tamisant-la."", ""Posem cada massa en una màniga pastissera amb broquet rodó. Untem un motlle amb mantega i amb les mànegues anem\xa0posant les masses seguint la forma del motlle i alternant-les en la mateixa capa horitzontal. La massa que quedi a les mànegues la posem fent ratlles al nostre gust i finalment, amb el pal de fusta d'una broqueta farem línies per trencar el dibuix que havia quedat."", 'Enfornem el motlle a 165 º i coem durant 25 minuts. Quan el pastís està fred, el partim horitzontalment pel mig i el col·loquem en una reixeta.', 'En un bol posem 500 g de mantega pomada i 80 g de sucre llustre i ho muntem amb unes varetes elèctriques fins que queda una crema.', ""Passem 1/3 d'aquesta crema a una màniga pastissera amb broquet."", ""A la resta de la crema de mantega,\xa0hi afegim 1,5 g de te matxa en pols i amb les varetes elèctriques ho integrem. Aquesta crema de mantega i te matxa la posem damunt de la meitat inferior del pa de pessic. Tapem amb la part de dalt. Aquest farcit no ha d'arribar a les vores per evitar que\xa0quan col·loquem la part de sobresurti pels costats."", 'Amb la crema de mantega que tenim a la màniga pastissera, fem floretes pels costats i per sobre del pastís. També hi posem 150 g de coralet. Podem decorar la mona a la manera tradicional, amb pollets i plomes\xa0i amb algun ninotet.']","['Ous de gallina', 'Farina de blat', 'Iogurt', 'Cúrcuma', 'Llevat', 'Sucre']"
Pizza fregida amb mozzarella i llonganissa,https://www.3cat.cat/tv3/cuines/recepta/pizza-fregida-amb-mozzarella-i-llonganissa/42958/,15,https://img.3cat.cat/multimedia/jpg/9/7/1710515975679_326.jpg,Baixa,Més d'una hora,,"[""250 farina de mitja força125 ml aigua6,5 g\xa0llevat fresc1 ou de gallina petit (S)SucreSèmola250 g mozzarella150 g llonganissa de Vic6 tomàquets de penjarSucreOli d'oliva verge extraPebreSal"", '250 farina de mitja força', '125 ml aigua', '6,5 g\xa0llevat fresc', '1 ou de gallina petit (S)', 'Sucre', 'Sèmola', '250 g mozzarella', '150 g llonganissa de Vic', '6 tomàquets de penjar', 'Sucre', ""Oli d'oliva verge extra"", 'Pebre', 'Sal']","[""Afegim al bol d'una pastadora 250 g de farina de mitja força,\xa0el rovell d'un ou petit,\xa06,5 g de llevat fresc de forner, 1/2 culleradeta de sucre, 5 g de sal i 125 ml d'aigua. Posem la pastadora a funcionar amb velocitat mitjana-baixa durant 20 minuts."", ""Tirem al bol de la pastadora 25 ml d'oli d'oliva verge extra i pastem una mica més fins que el pastó es desenganxi de les parets."", ""Posem una mica d'oli a les mans, a la taula de treball i a les parets d'un bol. Posem la massa a la taula, pastem una mica i fem una bola, i la col·loquem al bol. Cobrim el pastó amb un drap de cotó humit i el deixem reposar dues hores a temperatura ambient. D'aquesta manera també es relaxarà i serà més fàcil de treballar."", ""Tallem la massa en 8 parts d'aproximadament 50 g. En fem unes boletes donant la volta a la massa, ajuntant les puntes i arrodonint-les amb la mà. Col·loquem les boletes en una safata, les cobrim amb un drap humit\xa0i les deixem reposar 3 hores perquè fermentin."", ""Partim per la meitat 6 tomacons i els anem ratllant en un plat.\xa0Posem una paella al foc amb\xa0un raig d'oli i hi aboquem els tomacons ratllats. També hi posarem sal, pebre negre molt i (opcionalment) i 1 culleradeta de sucre. Ho coem a foc mitjà perquè vagi reduint i la salsa estarà llesta en uns 10 minuts. Ho reservem."", ""Pelem i tallem la llonganissa de Vic a dauets d'1 cm x 1 cm aproximadament.\xa0Posem una paella a foc fort i hi tirem un raig d'oli d'oliva, hi afegim la llonganissa,\xa0la saltem i reservem."", ""Col·loquem un colador sobre d'un bol per treballar amb la mozzarella. L'anirem esfilagarsant amb els dits i deixant-la en el colador perquè l'aigua de l'interior de la mozzarella\xa0caigui."", ""Posem una mica de sèmola (pot ser farina o pa ratllat) en forma de muntanyeta a la taula per treballar les boletes que han estat fermentant durant 3 hores. Col·loquem\xa0una bola de massa sobre la muntanyeta de sèmola, li donem la volta a sobre de la sèmola\xa0i l'anem aplanant amb les mans, sense fer servir el corró. Espolsem la massa plana per treure'n la màxima quantitat de sèmola possible. Col·loquem en un plat la base de la pizza i la farcim com si fos una cresta amb una mica de tomàquet, uns dauets de llonganissa saltejada, uns bocins de mozzarella i una fulleta d'alfàbrega. Tanquem com si fos una cresta. Preparem les altres 7 pizzes."", 'En una paella, hi posem força oli i quan estigui calent a 180\u202f°C, anem fregint les pizzes girant-les perquè estiguin daurades per tots els cantons.\xa0', ""Les reservem en una safata amb paper absorbent, que retirarem un cop hagi xuclat l'oli, i ja estan llestes per menjar.""]","['Tomàquets', 'Farina de blat', 'Pebre negre', 'Alfàbrega', 'Sucre']"
Tàrtar de moixama,https://www.3cat.cat/tv3/cuines/recepta/tartar-de-moixama/42957/,15,https://img.3cat.cat/multimedia/jpg/0/1/1710515773910_326.jpg,Baixa,Menys d'una hora,,"[""50 g de moixama70 g de ceba tendra30 g d'ametlla marcona10\xa0ml d'oli d'oliva verge extra1 llima2 fulles de cabdell d'enciamVinagre de poma"", '50 g de moixama', '70 g de ceba tendra', ""30 g d'ametlla marcona"", ""10\xa0ml d'oli d'oliva verge extra"", '1 llima', ""2 fulles de cabdell d'enciam"", 'Vinagre de poma']","['Agafem un bol petit i hi aboquem un bon raig de vinagre de poma.', ""Tallem a la microbrunesa 70 g de ceba tendra. Reservem en un bol gran\xa0la meitat de la ceba i l'altra meitat l'afegim al bol amb\xa0el raig de vinagre de poma.\xa0"", 'Tallem a la brunesa 50 g de moixama i la posem al bol gran amb la ceba sense vinagre', ""Posem una paella petita a escalfar amb un raig d'oli d'oliva verge extra i, quan està calent, hi afegim 30 g d'ametlla marcona i la fregim uns 4-5\xa0mintus. Passem les ametlles fregides a un plat amb paper absorbent\xa0\xa0Després les posem a la picadora i les piquem fins que tinguin\xa0textura de granet.\xa0"", ""Al bol on tenim la moixama, hi afegim les ametlles picades, 10 ml d'oli d'oliva verge extra i un raig de suc de llima. Ho integrem tot."", ""La ceba que s'estava marinant\xa0amb el vinagre de poma, l'escorrem en\xa0un colador. Afegim la ceba al bol amb la resta dels ingredients i ho remenem."", ""En un plat posem les\xa0fulles de cabdell d'enciam i les omplim amb el tàrtar de moixama que hem preparat. Per sobre, hi ratllem una mica de pela\xa0de llima.""]","['Enciams', 'Ceba', 'Llima', ""Oli d'oliva verge extra"", 'Ametlles']"
"Brioix d'anxova, mel i mató",https://www.3cat.cat/tv3/cuines/recepta/brioix-danxova-mel-i-mato/42941/,15,https://img.3cat.cat/multimedia/png/0/2/1710502140620_326.png,Baixa,Menys de 30 minuts,,"[""1 brioix80 g mató5 g pinyons3 anxoves en oli d'oliva1 llimaMelMantega"", '1 brioix', '80 g mató', '5 g pinyons', ""3 anxoves en oli d'oliva"", '1 llima', 'Mel', 'Mantega', '', '']","[""Posem una paella al foc i hi aboquem 5 g de pinyons. Quan s'han torrat, els posem en un plat i els reservem."", ""Tornem a deixar\xa0la mateixa paella al foc. Hi posem a fondre una\xa0nou de mantega. Hi col·loquem el brioix i el torrem pels costats. (En lloc d'un brioix es podria fer servir pa o un croissant.)"", ""Recuperem el brioix i l'obrim al llarg amb un ganivet sense arribar a partir-lo"", ""Farcim el brioix amb el mató. Hi col·loquem a sobre les tres\xa0anxoves en oli d'oliva. Hi tirem un fil de mel i els pinyons torrats pel damunt. Per acabar, ratllem una mica de pell de llima per sobre.""]","['Llima', 'Anxoves', 'Mantega', 'Mel']"
Ous amb piquillos,https://www.3cat.cat/tv3/cuines/recepta/ous-amb-piquillos/42939/,15,https://img.3cat.cat/multimedia/jpg/7/7/1710501715677_326.jpg,Baixa,Menys d'una hora,Vegetariana,"[""4 o 5 pebrots del piquillo\xa0escalivats sense pell2 ous1 all mitjàSal2 cullerades de pa ratllatOli d'oliva verge extraPebre negre en un molinetFarigola fresca"", '4 o 5 pebrots del piquillo\xa0escalivats sense pell', '2 ous', '1 all mitjà', 'Sal', '2 cullerades de pa ratllat', ""Oli d'oliva verge extra"", 'Pebre negre en un molinet', 'Farigola fresca']","[""Tallem\xa0a tires grosses 4 o 5 (segons la mida) pebrots del piquillo escalivats i sense pell. Els col·loquem en una cassoleta i els salpebrem, hi posem unes fulles de farigola fresca i ho amanim amb un raig d'oli."", ""Posem la cassoleta en un airfryer i coem durant 8 minuts a 200º. (Si no teniu airfyer, podeu fer la recepta amb el forn.) Quan s'acaba la cocció, remenem els pebrots amb el líquid que han deixat anar."", ""Pelem i piquem a microbrunesa 1 gra mitjà d'all i el repartim per damunt\xa0del pebrot. Posem per les vores de la cassoleta una mica de pa ratllat (1 cullerada) perquè no s'enganxin els ous."", 'Trenquem els ous en un bol,\xa0els passem a la cassoleta i hi tirem un pessic de sal. Posem\xa0pa ratllat per sobre dels ous i dels piquillos.\xa0', ""Introduïm la cassoleta a l'airfryer i coem durant 6 minuts a 200º."", 'Quan traiem la cassoleta, hi posem unes fulles de farigola fresca abans de servir-la.']","['Pebrots', 'Ous de gallina', 'Farigola', ""Oli d'oliva verge extra"", 'Farina de galeta']"
Arepes de bonítol,https://www.3cat.cat/tv3/cuines/recepta/arepes-de-bonitol/42936/,15,https://img.3cat.cat/multimedia/jpg/6/3/1710501023836_326.jpg,Baixa,Més d'una hora,,"['Per la massa de les arepes200 g farina de blat de moro precuita200 ml aiguaSalComí moltPer la maionesa de fumet i comí molt400 ml fumet vermell250 ml oli de gira-sol1 ou1 llimaComí moltOrenga secaSalPer la ""reina pepiada"" de bonítol400 g de bonítol fresc1 alvocat madur gran o 2 de petits100 g ceba enrossidaGuarnició2 tomàquets madurs1 ceba tendra1 llimaCoriandre frescOli d\'oliva verge extraPebre negreSal', 'Per la massa de les arepes', '200 g farina de blat de moro precuita', '200 ml aigua', 'Sal', 'Comí molt', '', 'Per la maionesa de fumet i comí molt', '400 ml fumet vermell', '250 ml oli de gira-sol', '1 ou', '1 llima', 'Comí molt', 'Orenga seca', 'Sal', '', 'Per la ""reina pepiada"" de bonítol', '400 g de bonítol fresc', '1 alvocat madur gran o 2 de petits', '100 g ceba enrossida', '', 'Guarnició', '2 tomàquets madurs', '1 ceba tendra', '1 llima', 'Coriandre fresc', ""Oli d'oliva verge extra"", 'Pebre negre', 'Sal', '']","[""Tenim 400 g de bonítol fresc amb pell i sense espines. Agafem un paper sulfurat i col·loquem el bonítol al centre\xa0i el salem. Hi tirem un raig d'oli per sobre. Tanquem el paper tot embolicant\xa0el peix per fer una papillota. Passem aquest farcell a una safata i coem el peix al forn durant 20 minuts a 160 º. Després, deixarem temperar el peix,\xa0l'esmicolarem i el posarem en un bol."", 'Aboquem els 400 ml de fumet vermell en un pot\xa0i i el posem a foc alt fins que redueixi a 100 ml.', ""Per fer la massa de les arepes, en un bol gran hi aboquem 200 g de farina de blat de moro, 1 culleradeta de sal i una culleradeta de comí molt o d'una altra espècie que us agradi. També podeu fer la massa sense cap espècie. Anem afegint el 200 ml d'aigua a poc a poc, fins a aconseguir\xa0una textura que es pugui treballar.\xa0"", ""Pastem amb les mans fins que la massa es desenganxa de les parets del bol. La massa ja està llesta\xa0si podeu fer una bola amb una mica de massa que no s'enganxi\xa0a les mans i que no es trenqui. Tapem el bol amb un plat i deixem reposar la massa 5 minuts perquè s'hidrati."", ""Posem la massa en una fusta. La dividim en 16 parts de 25 grams i formem boletes. Posem una boleta entre 2 trossos de paper sulfurat i l'aplanem pressionant. Fem el mateix\xa0amb totes les boletes. Anem col·locant les arepes crues en una safata gran amb paper sulfurat i reservem."", ""En un got batedor hi posem\xa0el fumet reduït, 1 ou, 1 culleradeta de comí molt, 1 culleradeta d'orenga seca, una mica de sal i\xa0el suc de mitja llima i turbinem. En aquesta mescla, hi anem afegint l'oli de gira-sol fins a tenir la textura d'una\xa0maionesa. Hauria de sobrar oli de gira-sol.\xa0"", 'Pelem i tallem a daus 1 alvocat madur que afegim al bol on tenim\xa0 el bonítol esmicolat. Hi aboquem 100 g de ceba caramel·litzada. Remenem i integrem. Aboquem al bol la maionesa i salpebrem.\xa0', ""Posem al foc una paella\xa0amb dos dits d'oli d'oliva verge extra. Fregim les arepes i les traiem quan agafin color. Les reservarem en un plat amb paper absorbent.\xa0"", ""Per fer la guarnició, pelem 2 tomàquets madurs, els\xa0tallem a dauets i els posem en un bol mitjà. Tallem una ceba tendra a microbrunesa i l'afegim. Hi tirem el suc d'una llima. Piquem unes fulles de coriandre i les posem al bol. Salpebrem i amanim amb un raig d'oli d'oliva verge extra. Barregem i reservem."", 'Muntem les arepes. A cada arepa, hi posem primer farcit de bonítol, a sobre guarnició i, finalment, decorem amb unes fulles picades de coriandre.\xa0']","['Tomàquets', 'Ceba', 'Ous de gallina', 'Farina de blat de moro', 'Coriandre', 'Comí', 'Pebre negre', 'Oli de gira-sol', ""Oli d'oliva verge extra"", 'Alvocat', 'Bonítol']"
Pasta fresca amb gorgonzola,https://www.3cat.cat/tv3/cuines/recepta/pasta-fresca-amb-gorgonzola/41837/,15,https://img.3cat.cat/multimedia/jpg/2/5/1709918401552_326.jpg,,Menys de 10 minuts,,"['1\xa0l aigua100 g tagliatelle frescos50 g raïm vermell sense llavors40 g formatge gorgonzola30 ml nata 35% MG1 nou de mantegaSal', '1\xa0l aigua', '100 g tagliatelle frescos', '50 g raïm vermell sense llavors', '40 g formatge gorgonzola', '30 ml nata 35% MG', '1 nou de mantega', 'Sal']","[""Posem a escalfar un litre d'aigua en una cassola tapada a foc viu. La tapem perquè arrenqui a bullir més ràpid."", 'En una paella, fondrem una nou de mantega,\xa0a foc baix. Mentre es desfà, tallem per la meitat els grans de raïm sense pinyol. Passem el raïm a la paella,\xa0(La recepta també es pot fer amb altres fruites com préssec, poma, pera...)', ""Quan arrenca el bull de l'aigua, aboquem la pasta a la cassola i hi afegim un pessic de sal. Ho coem sense tapar durant 2 minuts"", ""Mal tallem els 15 g d'anacards. En posarem un grapat a la paella per fer la salsa i en reservarem la resta per emplatar."", ""Tallem a bocins els 40 g de formatge gorgonzola i\xa0l'incorporem a la paella. També hi abocarem 30 ml de nata 35% MG."", 'Ho barregem tot fins aconseguir una textura cremosa.', ""Traiem la pasta un cop cuita i la passem a la paella. Remenem. Si la salsa queda molt eixuta,\xa0podem afegir-hi una mica de l'aigua de cocció dels tagliatelles i així arribarà\xa0a tota la pasta."", 'Posem el contingut de la paella en un plat i hi posem els anacards que havíem reservat per sobre de la pasta amb salsa.']","['Pasta', 'Raïm', 'Mantega', 'Nata', 'Formatge']"
Bao de calamars,https://www.3cat.cat/tv3/cuines/recepta/bao-de-calamars/42960/,15,https://img.3cat.cat/multimedia/jpg/3/6/1710517947863_326.jpg,Baixa,Més d'una hora,,"[""250 g farina de blat200 g calamars nets25 g sucre llustre10 g llevat fresc150 ml oli d'oliva suauAigua25 ml llet de cabraOli d'oliva verge extra2 cebes tendres grosses2 grans d'allJulivert fresc2 llimes1 ouSalVi blancVi moscatell"", '250 g farina de blat', '200 g calamars nets', '25 g sucre llustre', '10 g llevat fresc', ""150 ml oli d'oliva suau"", 'Aigua', '25 ml llet de cabra', ""Oli d'oliva verge extra"", '2 cebes tendres grosses', ""2 grans d'all"", 'Julivert fresc', '2 llimes', '1 ou', 'Sal', 'Vi blanc', 'Vi moscatell', '']","[""Posem al bol de la pastadora 250 g de farina de blat, 25 g de sucre llustre i un polsim de sal.\xa0Esmicolem 10\xa0g de llevat fresc de forner i l'afegim. Hi aboquem\xa025 ml de llet de cabra i 100 ml d'aigua. Ho pastem a velocitat baixa durant 10 minuts."", 'Agafem el bol, el tapem amb un drap humit i el deixem\xa0dins de la nevera durant 10 minuts.', 'Després tornem a col·locar el bol a la pastadora,\xa0la posem en marxa durant 10 minuts més,\xa0tornem a tapar la massa amb un drap humit i fiquem\xa0el bol a la nevera 10 minuts més.', ""Traiem el bol de la nevera, el posem a la pastadora, hi aboquem 20 ml d'oli d'oliva verge extra i ho pastem fins que l'oli s'hagi incorporat a la massa (uns 10 minuts)."", 'Ens untem amb oli les mans i també untem la taula. Agafem la massa,\xa0en fem una bola i la fiquem en un bol. La tapem amb un drap humit i la deixem reposar 30 minuts a temperatura ambient perquè fermenti.', ""Ens posem oli a les mans i a la taula. Passem\xa0la massa a la taula. La dividim en vuit parts iguals i ajuntant\xa0les puntes fem boletes. Amb l'ajuda d'un corró untat amb oli aixafem les boletes. Un cop aplanades per primer cop, posem la part més llisa de cap per avall.\xa0Estirem cada peça de massa amb el corró\xa0per fer-ne una forma ovalada."", ""Dobleguem cada massa ovalada pel mig posant-hi un tros de paper sulfurat. La pintem amb una mica d'oli\xa0i la deixem sobre un paper sulfurat de la mida de la massa del bao. Reservem cada peça en una safata amb un drap humit perquè no es ressequin. Ho deixem reposar 45 minuts a temperatura ambient perquè fermenti."", ""Tallem les dues cebes tendres grosses en juliana. També tallem a rodanxes una mica de la part més tendra de la tija de les cebes i la\xa0reservem. Posem una paella al foc i hi afegim oli, les cebes tallades a juliana i una mica de sal. Caramel·litzem les\xa0cebes\xa0durant uns 45 minuts. Després hi aboquem un raig de vi dolç i un raig de vi blanc per desglaçar-les. Ho coem fins a reduir l'alcohol i apaguem el foc. Ho reservem."", ""En una vaporera, posem aigua a la part de baix i\xa0col·loquem els baos amb el paper sulfurat als dos\xa0recipients amb forats que van a sobre, 4 a cada recipient. Els coem al vapor 5 minuts i després intercanviem l'ordre dels recipients perquè\xa0es coguin per igual. Un cop hem cuit els baos, apartem la vaporera del foc i els deixem reposar 5 minuts."", ""En un morter, fem una picada amb 2 grans d'all pelats i un quart de manat\xa0de fulles de julivert fresques. Ho treballem fins a tenir una picada. Ho reservem."", ""Posem al foc una cassola ampla.\xa0Tallem els calamars a la mida d'un mos. Tirem un raig d'oli a la paella calenta. Hi afegim els calamars i una mica de sal. A foc ben fort, saltem els calamars i quan ja tenen\xa0una mica de color retirem\xa0la paella dels fogons. Hi tirem\xa0la picada. Ho remenem."", 'Passem els calamars amb la picada a la cassola on tenim la ceba caramel·litzada reservada.', ""Fem una maionesa de llima. En un got batedor, posem un rovell d'ou, la pell ratllada de 2 llimes, el suc de 2 llimes, sal i 150 ml d'oli suau d'oliva o també pot ser de gira-sol. Ho emulsionem i posem la maionesa en un biberó de cuina."", 'Recuperem els baos, els obrim i els farcim amb els calamars amb ceba. Posem un raig de la maionesa de llima i una mica de la ceba tallada que teníem reservada.']","['Ceba', 'All', 'Calamar', 'Ous de gallina', 'Farina de blat', 'Julivert', 'Oli de gira-sol', ""Oli de d'oliva"", ""Oli d'oliva verge extra""]"
Estofat de corball,https://www.3cat.cat/tv3/cuines/recepta/estofat-de-corball/42956/,15,https://img.3cat.cat/multimedia/jpg/3/1/1710515552813_326.jpg,Baixa,Més d'una hora,,"[""500 g corball net1 ceba tendra grossa10 ametlles torrades10 avellanes torradesFulles de llorerPolpa de nyores2 grans d'all1 llesca de pa de pagès3 tomaconsOli d'oliva verge extraComí molt (opcional)Julivert fresc1 bitxo (opcional)1/2 got de vi dolç1/2 got de vi blanc2 patates grosses1 l de fumet vermellSalPebre"", '500 g corball net', '1 ceba tendra grossa', '10 ametlles torrades', '10 avellanes torrades', 'Fulles de llorer', 'Polpa de nyores', ""2 grans d'all"", '1 llesca de pa de pagès', '3 tomacons', ""Oli d'oliva verge extra"", 'Comí molt (opcional)', 'Julivert fresc', '1 bitxo (opcional)', '1/2 got de vi dolç', '1/2 got de vi blanc', '2 patates grosses', '1 l de fumet vermell', 'Sal', 'Pebre']","[""Posem una cassola al foc. Tallem una ceba tendra grossa en juliana. Tirem a la cassola un bon raig d'oli i hi afegim la ceba. Deixem que es vagi coent a poc a poc durant uns 15 minuts."", ""Posem una paella al foc. Agafem una llesca de pa de pagès, li traiem la crosta i l'esmicolem amb les mans. Preparem\xa010 ametlles torrades i 10 avellanes torrades. Tirem un raig d'oli a la paella i hi afegim el pa i els fruits secs. Ho remenem unes quantes vegades i vigilem que no se'ns cremi. Ho retirem del foc quan el pa ja estigui fregit."", ""Pelem 2 grans d'all\xa0i els posem en un morter. Hi tirem un bon polsim\xa0de sal i\xa0xafem els alls. Posem una branqueta de julivert amb unes 20 fulles al morter i ho continuem picant. Hi incorporem mitja culleradeta de comí molt (opcional) i ho barregem. Hi afegim la meitat del\xa0pa i les fruites seques que hem fregit i ho piquem.\xa0Hi posem l'altra meitat i ho acabem de\xa0picar.\xa0"", ""Per acabar, hi afegim una cullerada de polpa de nyora\xa0i l'incorporem a la picada. Ho reservem."", ""Afegirem 3 tomacons ratllats a la cassola on tenim la ceba sofregida. Ho remenem. Coem uns 10 minuts\xa0a foc alt, remenant i vigilant fins que s'evapori l'aigua dels tomàquets. Hi podeu incorporar un bitxo (opcional) al mateix temps que els tomàquets."", ""Incorporem a la cassola la picada i la sofregim una mica. Hi afegim 1/2 got (75 ml aprox.) de vi dolç i 1/2 got d'albariño o vi blanc. Apugem el foc durant uns 2 minuts perquè es redueixi el vi. Hi aboquem 1 litre de fumet\xa0i ho remenem. Hi posem 4 fulles de llorer fresc."", ""Pelem les 2 patates grosses (d'un tipus que siguin per coure o per bullir) i les tallem escapçant-les. Quan el fumet arrenca el bull, afegim les patates a la cassola i ho coem durant 20 minuts."", ""Tallem el corball net, sense pell ni espines, de la mida d'un mos,\xa0el posem a la cassola i remenem. Si l'heu de servir de seguida que hàgiu preparat\xa0l'estofat, coeu el peix uns 2 minuts; si el prepareu amb temps, podeu apagar el foc i deixar que el peix es cogui amb la calor residual. Rectifiquem de sal i pebre."", ""Servim l'estofat en plats i hi posem per sobre julivert tallat menut.""]","['Tomàquets', 'Ceba', 'All', 'Patates', 'Corball', 'Julivert', 'Llorer', 'Comí', 'Bitxo', ""Oli d'oliva verge extra"", 'Nyores']"
Taco de bolets i gamba roja,https://www.3cat.cat/tv3/cuines/recepta/taco-de-bolets-i-gamba-roja/42938/,15,https://img.3cat.cat/multimedia/jpg/6/4/1710501587446_326.jpg,Baixa,Més d'una hora,,"[""Pel farcit16 gambes rogesUn bon grapat de mescla de bolets secs1 ou talla S1 gra d'all150 ml oli de gira-sol1/2 culleradeta de comí en pols1 llimaOli d'oliva verge extraPer la salsa verda1 tomàquet raff verd1 gra d'all1 xili de Jalapa1 llimaCoriandre frescSalPer la masa de les tortilles250 g farina de blat de moro nixtamalitzada blava270 ml aiguaPer l'emplatat1 ceba moradaFlors comestibles"", 'Pel farcit', '16 gambes roges', 'Un bon grapat de mescla de bolets secs', '1 ou talla S', ""1 gra d'all"", '150 ml oli de gira-sol', '1/2 culleradeta de comí en pols', '1 llima', ""Oli d'oliva verge extra"", 'Per la salsa verda', '1 tomàquet raff verd', ""1 gra d'all"", '1 xili de Jalapa', '1 llima', 'Coriandre fresc', 'Sal', 'Per la masa de les tortilles', '250 g farina de blat de moro nixtamalitzada blava', '270 ml aigua', ""Per l'emplatat"", '1 ceba morada', 'Flors comestibles', '']","[""Aboquem un grapat\xa0de bolets secs barrejats en un bol amb aigua tèbia\xa0perquè s'hidratin. Els hi deixem\xa0durant 30 minuts."", ""En un bol mitjà, posem 250 g de farina de blat de moro nixtamalitzada blava. Hi tirem una mica d'aigua. Anem pastant\xa0i afegint-hi aigua fins tenir una masa que no s'enganxi i que tampoc es trenqui. Pot sobrar aigua. Col·loquemm la massa a la fusta i formem\xa012 boletes d'uns 40 grams.\xa0"", 'Posem al foc una paella mitjana.', ""Podem formar les tortilles de dues maneres. Si tenim\xa0una premsa per tortilles, posem la boleta entre dos trossos de paper sulfurat, la posem dins la premsa i l'aixafem. Si no tenim la premsa, posem la boleta de massa entre dos trossos de paper sulfurat i l'aixafem amb un plat."", 'Posem les boletes a la paella i quan comencen a agafar color ja estan cuites. Les reservem en un plat tapades entre 2 draps de cotó o en una bossa per mantenir les tortilles humides mexicana.', ""Treiem les peles\xa0i els caps a les gambes (ho podeu fer previament). Reservem les cues de les gambes netes. Possem una paella al foc amb un bon raig d'oli, hi afegim les peles\xa0i els caps de les gambes i les saltem duran uns 30 segons. Passem el contingut de la paella, incloent-hi l'oli de saltejar-lo, a un got batedor i turbinem. Colem i\xa0reservem aquest\xa0suc de gamba en una gerreta. Deixem refredar."", ""En un altre got batedor, posem un ou, un gra d'all pelat i sense germinat, 1/2 culleradeta de comí en pols, la pell d'una llima ratllada, el suc de 1/2 llima i hi aboquem 150 ml d'oli de gira-sol que anem afegint poquet a poquet mentre turbinem i emulsionem. Reservem aquesta maionesa de gamba en un biberó de cuina."", ""Tallem i traiem les llavors del tomàquet verd raff. El posarem en un got batedor net. Hi afegirem un gra d'all pelat i sense germinat, un xile de Jalapa partit, el suc d'una llima, un grapat de fulles de coriandre fresc i salem. Turbinem fins tenir una salsa i la reservem."", 'Tallem la ceba morada en juliana i la reservem.', ""Escalfem una paella a foc fort i\xa0hi tirem un raig d'oli. Salem les\xa0gambes, les posem a la paella\xa0i les saltem uns segons perquè perdin el fred. Reservem en un plat fons. La mateixa paella la farem\xa0servir per saltar els bolets."", ""Quan els bolets ja estan hidratats, els estenem sobre un drap de cotó i els\xa0eixuguem. Posem la paella al foc, hi\xa0afegim els bolets, tirem un raget d'oli i una mica de sal. Saltem a foc fort i els posem al plat on tenim les gambes i barregem."", 'Agafem una tortilla amb una ma, hi posarem una cullerada o més del saltat\xa0de bolets i gambes. Per sobre, posem un raig\xa0de maionesa de gamba, salsa verda, una mica de la ceba morada tallada a juliana, unes fulles de coriandre i unes floretes comestibles. La col·loquem en una safata. Repetim fins farcir totes les tortilles i ja tenim els tacos preparats.']","['Ceba', 'All', 'Bolets', 'Ous de gallina', 'Farina de blat de moro', 'Gamba vermella', 'Coriandre', 'Ceba', 'Oli de gira-sol', ""Oli d'oliva verge extra""]"
Barretes de fruita seca amb xocolata,https://www.3cat.cat/tv3/cuines/recepta/barretes-de-fruita-seca-amb-xocolata/42916/,15,https://img.3cat.cat/multimedia/jpg/5/7/1710253977075_326.jpg,Baixa,Menys de 30 minuts,,"['11 nous50 g avellanes75 g orellanes75 g figa seca10 g sèsamCanyella en polsMel mil flors10 g flocs de civada80 g xocolata', '11 nous', '50 g avellanes', '75 g orellanes', '75 g figa seca', '10 g sèsam', 'Canyella en pols', 'Mel mil flors', '10 g flocs de civada', '80 g xocolata']","[""Traiem la closca d'onze\xa0nous i les posem al got de la trituradora. També hi aboquem\xa050 g d'avellanes. Triturem els fruits secs\xa0fins a tenir una pols."", ""Tallem en trossets la fruita seca: 75 g d'orellanes i 75 g de figues seques i les afegim\xa0al got triturador. Hi posem\xa0una cullerada de mel mil flors. Turbinem fins que quedi una pasta."", 'Ho passem tot en un bol, on tirem 10 g de sèsam, 10 g de flocs de civada i canyella en pols al gust.', 'Ens posem guants per treballar aquesta pasta amb les mans. Ho fem\xa0fins que tot queda ben integrat.', 'Omplim amb la mescla uns motlles de silicona de 10 x 5 i els col·loquem al congelador perquè quedin compactats i molt freds', 'Un cop ben fredes, desemmotllem i passem les barretes a una reixeta que tindrem sobre una safata.', 'Posem 80 g de xocolata en una gerreta i la introduïm al microones per fondre-la a 600 w durant un minut i mig. Remenem.', 'Banyem amb fils de xocolata desfeta les barretes i les col·loquem en una safata que introduirem a la nevera uns minuts perquè la xocolata qualli.']","['Fruites semideshidratades', 'Figues', 'Canyella', 'Mel', 'Avellanes', 'Nous']"
Xocolata blanca  a la tassa amb pessic de taronja,https://www.3cat.cat/tv3/cuines/recepta/xocolata-blanca-a-la-tassa-amb-pessic-de-taronja/42660/,17,https://img.3cat.cat/multimedia/jpg/5/8/1708445844385_326.jpg,Baixa,Menys d'una hora,,"[""Per a la xocolata blanca a la tassa1 l llet170 g xocolata blanca80 g sucre30 g llet en pols desnatada20 g midó de blat de moro8 g sucre de vainillaPer al pessic de taronja3 ous80 g farina de blat50 g sucre40 g mantega30 ml nata25 g farina d'ametlla1 taronja1/2 culleradeta d'impulsor"", 'Per a la xocolata blanca a la tassa', '1 l llet', '170 g xocolata blanca', '80 g sucre', '30 g llet en pols desnatada', '20 g midó de blat de moro', '8 g sucre de vainilla', '', 'Per al pessic de taronja', '3 ous', '80 g farina de blat', '50 g sucre', '40 g mantega', '30 ml nata', ""25 g farina d'ametlla"", '1 taronja', ""1/2 culleradeta d'impulsor""]","['Comencem fent el pa de pessic.\xa0\xa0', ""Afegim a un bol, i ho barregem tot amb una vareta manual, 3 ous, 25 g de farina d'ametlla i 50 g de sucre.\xa0"", ""Tamisem al bol 80 g de farina de blat i 1/2 culleradeta d'impulsor\xa0"", 'Ho integrem tot.\xa0', ""Desfem 40 g mantega en un pot al foc. Un cop fosa, afegim la mantega al pot amb les farines. També hi tirem 30 ml de nata i la ratlladura d'1 taronja. Ho integrem tot fins que tinguem una barreja homogènia.\xa0\xa0"", ""Untem un motlle quadrat (22 cm / 16 cm / 2 dits alçada) amb una mica de mantega i l'espolsem amb farina. Aboquem al motlle la massa feta.\xa0"", ""Ho deixem al forn 25' a 165 ºC.\xa0"", 'Passat aquest temps, traiem el pessic del forn i deixem que li baixi la temperatura. Quan ja el puguem manipular, el tallem i el tornem a posar a una safata de forn.\xa0', ""Torrem el pessic tallat a mida de melindros al forn, 15' a 165 ºC.\xa0"", 'Passat aquest temps, ho traiem del forn.\xa0', 'Comencem a fer la xocolata. Posem a la picadora 170 g de xocolata blanca una mica esmicolada.\xa0', 'Al mateix vas posem 80 g de sucre blanc, 20 g de midó de blat de moro, 8 g de sucre de vainilla i 30 g de llet en pols.\xa0', 'Ho triturem fins a obtenir una pols.\xa0', 'Posem a coure 1 litre de llet amb els 300 g de pols de xocolata i la seva barreja.\xa0', 'Ho coem sense parar de remenar.\xa0', 'Quan hagi agafat la textura de xocolata desfeta, podem parar el foc i servir-ho.\xa0\xa0']","['Ous', 'Taronja', 'Farina', 'Mantega', 'Nata', 'Ametlles', 'Xocolata blanca']"
Hummus amb refregit d'alls tendres,https://www.3cat.cat/tv3/cuines/recepta/hummus-amb-refregit-dalls-tendres/42896/,17,https://img.3cat.cat/multimedia/jpg/7/0/1709708626307_326.jpg,Baixa,Menys de 30 minuts,,"[""Per a l'hummus300 g cigrons cuits1 cm aprox de gingebre pelatOli d'oliva verge extra1/2 cullaradeta de comí2 grans d'all1 llimaPel refregit1 bitxo secOli d'oliva verge extra2 cm aprox. de gingegre pelat1 escorça de canyella3 alls tendresTorradetes per acompanyar"", ""Per a l'hummus"", '300 g cigrons cuits', '1 cm aprox de gingebre pelat', ""Oli d'oliva verge extra"", '1/2 cullaradeta de comí', ""2 grans d'all"", '1 llima', '', 'Pel refregit', '1 bitxo sec', ""Oli d'oliva verge extra"", '2 cm aprox. de gingegre pelat', '1 escorça de canyella', '3 alls tendres', '', 'Torradetes per acompanyar']","[""Posem en un got batedor 300 g de cigrons cuits. Pelem i ratllem un gra d'all. Ratllem un centímetre de gingebre (ja pelat) i la pell d'una llima.\xa0 Ho afegim tot al got. També hi posarem el suc d'una llima, un raig d'oli d'oliva verge extra, sal i mitja culleradeta de comí. Turbinem i reservem. No cal posar un ingredient tradicional de l'hummus: la tahina."", ""Posem una paella al foc i mentre s'escalfa pelem i laminem 2 grans d'all. Agafem el\xa0bitxo, el buidem de llavors i el tallem en rodanxes gruixudes. La quantitat de bitxo depèn de si us agrada molt o poc el picant, però mai ha de tapar el sabor dels altres ingredients. Posem una mica d'oli a la paella i hi aboquem l'all i el bitxo. Ho sofregim, vigilant que no es cremi."", 'Tallem a juliana molt fina tres alls tendres ja pelats. Els reservem. Tallem una mica de gingebre. Ho\xa0afegim tot junt a la paella on hem començat a fer el sofregit i hi afegirem una escorça de canyella. Ho deixem a\xa0foc suau durant un parell de minuts.', ""Per emplatar, posarem l'hummus en un plat o en una safata, l'estirarem amb una cullera i per sobre ho cobrirem amb el sofregit d'alls tendres. Ho podeu acompanyar amb unes torradetes.""]","['Cigró', ""Oli d'oliva verge extra""]"
Mariscada amb ceba i tomàquet,https://www.3cat.cat/tv3/cuines/recepta/mariscada-amb-ceba-i-tomaquet/42856/,17,https://img.3cat.cat/multimedia/jpg/0/8/1708430717280_326.jpg,Baixa,Més d'una hora,,"['', '', '1 kg ceba tendra\xa0 \xa0 \xa0 \xa0 \xa0 \xa0 \xa0 \xa0 \xa0 \xa0 \xa0 \xa0 \xa0 \xa0 \xa0 \xa0 \xa0 \xa0 \xa0 \xa0 \xa0 \xa0 \xa0 \xa0 \xa0 \xa0 \xa0 \xa0 \xa0 \xa0 \xa0 \xa0 \xa0 \xa0 \xa0 \xa0 \xa0 \xa0 \xa0 \xa0 \xa0 \xa0 \xa0 \xa0 \xa0 \xa0 \xa0 \xa0 \xa0 \xa0 \xa0 \xa0 \xa0 \xa0 \xa0 \xa0 \xa0 \xa0 \xa0 \xa0 \xa0 \xa0 \xa0 \xa0 \xa0 \xa0 \xa0 \xa0 \xa0 \xa0 \xa0 \xa0 \xa0 \xa0 \xa0 \xa0 \xa0 \xa0 \xa0 \xa0 \xa0 \xa0 \xa0 \xa0 \xa0 \xa0 \xa0 \xa0 \xa0 \xa0 \xa0 \xa0 \xa0 \xa0 \xa0 \xa0 \xa0 \xa0 \xa0 \xa0 \xa0 \xa0 \xa0 1,5 kg tomàquet pera \xa0 \xa0 \xa0 \xa0 \xa0 \xa0 \xa0 \xa0 \xa0 \xa0 \xa0 \xa0 \xa0 \xa0 \xa0 \xa0 \xa0 \xa0 \xa0 \xa0 \xa0 \xa0 \xa0 \xa0 \xa0 \xa0 \xa0 \xa0 \xa0 \xa0 \xa0 \xa0 \xa0 \xa0 \xa0 \xa0 \xa0 \xa0 \xa0 \xa0 \xa0 \xa0 \xa0 \xa0 \xa0 \xa0 \xa0 \xa0 \xa0 \xa0 \xa0 \xa0 \xa0 \xa0 \xa0 \xa0 \xa0 \xa0 \xa0 \xa0 \xa0 \xa0 \xa0 \xa0 \xa0 \xa0 \xa0 \xa0 \xa0 \xa0 \xa0 \xa0 \xa0 \xa0 \xa0 \xa0 \xa0 \xa0 \xa0 \xa0 \xa0 \xa0 \xa0 \xa0 \xa0 \xa0 \xa0 \xa0 \xa0 \xa0 \xa0 \xa0 \xa0 \xa0 \xa0 \xa0 \xa0 200 ml fumet de peix', ""1/2 cabeça d'alls pelada i sense germinar"", ""Oli d'oliva verge extra\xa0 \xa0 \xa0 \xa0 \xa0 \xa0 \xa0 \xa0 \xa0 \xa0 \xa0 \xa0 \xa0 \xa0 \xa0 \xa0 \xa0 \xa0 \xa0 \xa0 \xa0 \xa0 \xa0 \xa0 \xa0 \xa0 \xa0 \xa0 \xa0 \xa0 \xa0 \xa0 \xa0 \xa0 \xa0 \xa0 \xa0 \xa0 \xa0 \xa0 \xa0 \xa0 \xa0 \xa0 \xa0 \xa0 \xa0 \xa0 \xa0 \xa0 \xa0 \xa0 \xa0 \xa0 \xa0 \xa0 \xa0 \xa0 \xa0 \xa0 \xa0 \xa0 \xa0 \xa0 \xa0 \xa0 \xa0 \xa0 \xa0 \xa0 \xa0 \xa0 \xa0 \xa0 \xa0 \xa0 \xa0 \xa0 \xa0 \xa0 \xa0 \xa0 \xa0 \xa0 \xa0 \xa0 \xa0 \xa0 \xa0 \xa0 \xa0 \xa0 \xa0 \xa0 \xa0 \xa0 \xa0150 ml oli oliva suau per fer la maionesa amb all"", '1 ou', ""1 gra d'all"", '2 rodelles jalapeño encurtit', '1 llimona', 'Sal', '400 g escopinyes', '400 g musclos', '40 g cloïsses', '12 navalles', 'Julivert', 'Vi blanc']","['Començarem tallant les cebes tendres a juliana i les posem en una paella sense foc.', ""Tallem la 1/2 cabeça d'alls en dauets molt petits, en brunesa."", 'Afegim els alls a la cassola on tenim la ceba.', ""Posem un bon raig d'oli verge extra per sobre l'all i les cebes. Encenem el foc i el deixem baix. Tapem la cassola i ho deixem coure 30 minuts aproximadament. La ceba ha de quedar translúcida."", 'Tallem els tomàquets en quatre trossos i\xa0traiem les llavors.\xa0Cada\xa0quart de tomàquet el\xa0tallem en 6 trossets o mida bresa.', 'Quan la ceba ja està translúcida, afegim el tomàquet a la cassola.', 'Apugem el foc\xa0i tirem els 200 ml de fumet. Barregem els ingredients.\xa0Posem el foc a mitja potència i\xa0mig tapem la cassola. Ha de fer xup-xup\xa0una hora aproximadament.', 'Reservem la cassola.', ""Per acompanyar la mariscada preparem\xa0una maionesa amb all que recorda l'allioli. En un got batedor, hi posem\xa0un ou, un gra d'all pelat sense el germinat, unes gotes de llimona, 2 rodelles de jalapeño encurtit (opcional), un pessic de sal i 150 ml d'oli d'oliva suau,"", ""Posem les navalles en una planxa ben calenta i\xa0hi posem una raig d'oli. Ho\xa0tapem. I tan bon punt s'obrin les navalles, el marisc\xa0ja està\xa0cuit\xa0i el\xa0retirem a una safata."", ""Les cloïses, les escopinyes i els musclos ja els\xa0haurem purgat en aigua i sal i estaran nets. Quan la planxa torna a estar ben roenta, hi posem una altre marisc;\xa0per exemple, les cloïsses i un bon raig d'oli i un raig de vi blanc. Tapem i esperarem que s'obrin les cloïsses. Les anem traient quan es van obrint perquè cap quedi sobrecuita."", 'Repetim el procés amb les escopinyes\xa0i els musclos.', 'Posem tot el marisc a la cassola on tenim la salsa de tomàquet i ceba. Si volem, hi podem afegir una mica del caldet que hi ha a la safata. Remenem.', 'Ja podem servir la mariscada\xa0i a cada plat hi posarem una mica de la maionesa amb all i decorarem amb unes fulles de julivert.']","['Navalles', 'Musclos', 'Cloïsses', 'Escopinyes', 'Julivert']"
Smash burger,https://www.3cat.cat/tv3/cuines/recepta/smash-burger/42776/,17,https://img.3cat.cat/multimedia/jpg/9/3/1707903338539_326.jpg,Baixa,Menys de 30 minuts,,"[""300 g de carn de vedella picada una vegada300 g de carn de porc picada una vegada8 làmines de formatge cheddar4 fulles de cabdell d'enciam4 cogombrets en vinagre4 panets per a hamburguesa40 g de mostassa de DijonPebre negreSal"", '300 g de carn de vedella picada una vegada', '300 g de carn de porc picada una vegada', '8 làmines de formatge cheddar', ""4 fulles de cabdell d'enciam"", '4 cogombrets en vinagre', '4 panets per a hamburguesa', '40 g de mostassa de Dijon', 'Pebre negre', 'Sal']","['Posem la carn picada en un bol i la salem. També hi posarem una mica de pebre i una cullereta de postres de mostassa.', 'Ho barregem tot bé. Ho podem fer amb forquilles o amb les mans ben netes, o us podeu posar uns guants.', 'Un cop tot està barrejat, dividim la carn en vuit boles.', 'Posem una paella gran als fogons amb foc alt.', ""Hi posem dues pilotes amb un punt d'oli."", ""Aixafem les boles amb una premsa per a hamburgueses, on també hi haurem posat una mica d'oli, perquè quedin primes. Si no teniu cap premsa, podeu fer servir una espàtula i anar aixafant-les."", ""La cocció és ràpida. Al cap d'uns tres minuts podeu girar les hamburgueses."", 'A sobre de cada hamburguesa hi posarem una làmina de formatge cheddar.', 'Tapem la paella perquè el formatge es fongui.', 'Com que les hamburgueses són molt primes, ja estaran cuites i traurem la paella del foc.', ""Obrim els panets i els hi posem una mica d'oli."", ""Els posem en una planxa per la banda on hi hem posat l'oli i així quedaran cruixents per dins."", 'Tallarem els cogombrets a rodanxes.', 'Untem la part inferior del pa torrat amb una mica de mostassa. Si ho preferiu, podeu posar-hi quètxup, maionesa o una altra salsa que us agradi.', 'A sobre de la salsa, hi posarem els cogombrets.', ""També col·locarem les dues hamburgueses cobertes pel formatge cheddar fos, una sobre l'altra."", ""Cobrim les hamburgueses amb un parell de fulles de cabdell d'enciam."", ""Posem la part superior del panet torrat. I ja tenim l'entrepà de smash burger llest.""]","['Carn', 'Formatge']"
Conill amb ceba i gambes,https://www.3cat.cat/tv3/cuines/recepta/conill-amb-ceba-i-gambes/42716/,17,https://img.3cat.cat/multimedia/jpg/2/3/1709023954132_326.jpg,Baixa,Més d'una hora,,"[""2,5 kg de conill12 gambes1 cabeça d'alls10 cebes de Figueres (aprox. 2 kg)SalPebre1 cullerada de llard de porcOli d'oliva verge extraFarigola frescaLlorerPebre vermell fumat dolçVi blancVinagre de vi blanc"", '2,5 kg de conill', '12 gambes', ""1 cabeça d'alls"", '10 cebes de Figueres (aprox. 2 kg)', 'Sal', 'Pebre', '1 cullerada de llard de porc', ""Oli d'oliva verge extra"", 'Farigola fresca', 'Llorer', 'Pebre vermell fumat dolç', 'Vi blanc', 'Vinagre de vi blanc']","['Començarem tallant les cebes en juliana.', 'Tindrem preparat el conill tallat en trossos petits, en\xa0vuitens. Ho salpebrem tot.', ""Tallem per la meitat la cabeça d'alls i la freguem pel\xa0fons de\xa0la cassola gran que tenim al foc."", ""En aquesta cassola, deixem la cabeça d'alls i hi posarem 1 cullerada de llard de porc que fa el conill més saborós\xa0i un bon raig d'oli arbequina. Amb l'oli evitem que es cremi el llard."", ""Fem un farcellet amb branquetes\xa0de farigola i l'afegim a la cassola. Quan tot és calent, posem el conill i l'enrossim. Després, afegim una fulla de llorer\xa0a la cassola."", 'Hi aboquem les cebes tallades sobre el conill, cobrint-lo tot. Baixem el foc al mínim.', ""S'ha de deixar coure a foc lent amb la cassola tapada\xa0durant 60 minuts. El conill i la ceba es van fent en l'aigua i els sucs que deixen anar mentre es couen. No s'ha de moure. Quan la ceba és de color caramel, el plat ja està cuit."", 'Poc abans de servir, preparem\xa0les gambes. Traiem les cloves, però deixem el cap i la cua de cada gamba.', ""Posem les cloves en un pot amb un raig d'oli.\xa0Quan tot estigui calent, hi posarem una mica de pebre vermell dolç fumat.\xa0També hi afegim un raig de vi blanc. Baixem el foc."", ""S'ha de deixar reduir una mica el vi. Després, hi abocarem un rajolí de vinagre de vi. Quan s'hagi reduït el vinagre, cobrirem el contingut del pot amb oli. Deixem coure 5 minuts més.\xa0Colem la salsa i la repartim per sobre del conill."", 'Poc abans de servir el plat, preparem les gambes. Les salem, i les marquem en una paella calenta amb poc oli. Un cop cuites, posem les gambes a la cassola, per sobre el conill.', 'Quan ja tenim el conill i les gambes a cada\xa0plat, cadascú pot aixafar el cap de la gamba perquè deixi anar tota la seva substància. Retirem els caps de les gambes del plat, i mengem aquest mar i muntanya ajuntant una mica de cada ingredient.\xa0']","['Ceba', 'Conill', 'Gamba llagostinera']"
Vinagretes per a amanides,https://www.3cat.cat/tv3/cuines/recepta/vinagretes-per-a-amanides/42898/,17,https://img.3cat.cat/multimedia/jpg/7/7/1709229777177_326.jpg,Baixa,Menys de 30 minuts,,"[""Vinagreta mediterrània100 ml oli d'oliva verge extra30 ml vinagre de Mòdena30 g tomàquets secs en oli20 g avellanes torradesOrenga secaVinagretaasiàtica50 ml oli d'oliva verge extra50 ml d'oli de sèsam20 ml vinagre d'arròs20 ml salsa de soja1 xili vermell frescVinagreta persa100 ml oli d'oliva verge extra60 g de tahina10 ml vinagre de vi blanc2 dàtils medjoul1 llima"", 'Vinagreta mediterrània', ""100 ml oli d'oliva verge extra"", '30 ml vinagre de Mòdena', '30 g tomàquets secs en oli', '20 g avellanes torrades', 'Orenga seca', '', 'Vinagretaasiàtica', ""50 ml oli d'oliva verge extra"", ""50 ml d'oli de sèsam"", ""20 ml vinagre d'arròs"", '20 ml salsa de soja', '1 xili vermell fresc', '', 'Vinagreta persa', ""100 ml oli d'oliva verge extra"", '60 g de tahina', '10 ml vinagre de vi blanc', '2 dàtils medjoul', '1 llima', '']","[""Cada vinagreta pot donar un estil diferent a cada amanida. L'Arnau Paris n'ha preparat 3 en un pim-pam."", 'Vinagreta mediterrània', ""En un pot de vidre de coll ample i amb tapa, hi posem 100 ml oli d'oliva verge extra i 30 ml vinagre de Mòdena. La proporció ha de ser de 3\xa0parts d'oli per 1 de vinagre."", ""Aixafem amb un ganivet 20 g d'avellanes torrades i les\xa0posem al pot. Hi posem 1 cullerada d'orenga o d'una altra herba aromàtica."", 'També afegirem 30 g de tomàquets secs italians en oli que haurem mal tallat en trossets petits. Hi posem un polsim de sal. Tapem el pot i el\xa0sacsegem.\xa0I\xa0ja tenim la vinagreta mediterrània feta', 'Vinagreta asiàtica amb un toc picant', ""Comencem tallant en bocinets un bitxo i el posem en un altre pot amb tapa. Hi afegim 2 o 3\xa0cullerades d'oli d'oliva verge extra. Posem la mateixa quantitat d'oli de sèsam,\xa01 cullerada de vinagre d'arròs i\xa01 cullerada de salsa de soja."", 'Tapem el pot i el sacsegem perquè emulsioni la barreja..', 'Vinagreta persa', 'Agafem dos\xa0dàtils medjoul, els\xa0traiem el pinyol. Els tallem en bocinets i ho posem en un pot amb tapa.\xa0', ""Hi afegim 100 ml d'oli d'oliva i una mica de vinagre de vi blanc. També hi posem 2 cullerades de tahina.\xa0"", ""A més a més, hi afegirem el suc d'una llima. Tapem el pot i sacsegem perquè tot s'integri i emulsioni."", '\xa0\xa0']","['Llimona', 'Llima', 'Tahina', 'Fruits secs', 'Oli de soja', ""Oli d'oliva verge extra""]"
Dònuts de poma amb xocolata,https://www.3cat.cat/tv3/cuines/recepta/donuts-de-poma-amb-xocolata/42897/,17,https://img.3cat.cat/multimedia/jpg/3/2/1709040696923_326.jpg,Baixa,Més d'una hora,,"[""2 pomes golden2 ous mitjans75 g de farina de civada1 culleradeta d'impulsor químicXocolata negra al 70%Xocolata amb gerdsXocolata blancaCoco ratllatAmetlles\xa0a trossetsEscates de salCanyella en pols"", '2 pomes golden', '2 ous mitjans', '75 g de farina de civada', ""1 culleradeta d'impulsor químic"", 'Xocolata negra al 70%', 'Xocolata amb gerds', 'Xocolata blanca', 'Coco ratllat', 'Ametlles\xa0a trossets', 'Escates de sal', 'Canyella en pols', '']","[""Pelem les pomes, els traiem el cor i les tallem a bocins. Les posem trossejades en un bol, el tapem i l'introduïm al microones. Coem les pomes durant 5 minuts a 600 W."", ""En un bol gros, aboquem 75 g de farina de civada i una culleradeta d'impulsor químic. Al mig de la farina hi tirem els ous i els batem una mica. Ho barregem tot."", ""Quan s'han cuit les pomes, les posem en un got batedor i les turbinem. Hi afegim mitja culleradeta de canyella en pols i tornem a turbinar fins que ens quedin com puré."", ""Aboquem el puré de poma al bol i l'integrem amb la barreja de farina, l'impulsor i els ous."", 'Un cop tot està ben mixturat, omplim els motllos amb la massa i ho courem al forn a 200 graus durant 20 minuts.', 'Fonem al microones 3 tipus de xocolata: negra al 70%, blanca i xocolata amb gerds.', 'Banyem dos dònuts amb xocolata negra fosa i els acabem amb escates de sal per damunt.', 'Banyem dos dònuts amb xocolata blanca i els acabem amb ametlla trossejada per damunt.', 'Banyem dos dònuts més amb xocolata amb gerds i els acabem amb coco ratllat per damunt.', 'Deixem els dònuts en una safata i els reservem uns minuts a la nevera fins que les xocolates solidifiquin. \xa0']","['Pomes', 'Ous de gallina', 'Farina de civada', 'Canyella', 'Xocolata', 'Xocolata blanca']"
Cassoleta de tomàquet i formatge,https://www.3cat.cat/tv3/cuines/recepta/cassoleta-de-tomaquet-i-formatge/42899/,17,https://img.3cat.cat/multimedia/jpg/3/4/1709037265543_326.jpg,Baixa,Menys de 30 minuts,,"[""1 làmina de pasta brisa10 tomàquets cirerols1/2 ceba de Figueres1/2 gra d'allOli d'oliva verge extra20 g de formatge gorgonzolaOrengaRucaCigrons secs (per fer de pes quan coem la pasta brisa)"", '1 làmina de pasta brisa', '10 tomàquets cirerols', '1/2 ceba de Figueres', ""1/2 gra d'all"", ""Oli d'oliva verge extra"", '20 g de formatge gorgonzola', 'Orenga', 'Ruca', 'Cigrons secs (per fer de pes quan coem la pasta brisa)']","[""Necessitem una cassoleta individual que pugui anar a una fregidora d'aire (airfryer). Si no teniu fregidora d'aire, podeu fer aquesta recepta al forn."", ""Farem una cassoleta amb la pasta brisa. Agafem la làmina de pasta, l'estirem una mica\xa0i tallem una rodona\xa0seguint la base del motlle on courem la cassoleta. Hem de tenir en compte al tallar\xa0la pasta, que l'hem de fer pujar per les parets del motlle."", 'Col·loquem la circumferència a la cassoleta i, si cal, tallem la part que sobresurti del motlle. Punxarem la base amb una forquilla i posarem a sobre un bon grapat de cigrons crus que cobriran els fons i així no es bufarà\xa0la massa.', ""Posem el motlle a coure a la fregidora d'aire durant 15 minuts a 190 graus."", ""Tallem mitja ceba de Figueres a rodelles i el mig all molt petit, a brunesa, i els saltem en una paella amb oli d'oliva verge extra a foc molt fort, durant un\xa0minut."", 'Mantenim el foc fort\xa0i\xa0afegim a la paella\xa0els tomàquets cirerols, remenem i\xa0saltegem durant cinc\xa0minuts. Reservem el farciment en la mateixa paella.', 'Amb la cassoleta fora de la fregidora, traiem els cigrons secs i els guardem en un pot per fer-los servir com a pes per una altra massa, ja que no es podrien coure.', ""Desemmotllem la cassoleta i la farcim amb el saltat de ceba, tomàquet i all. Posem per sobre uns dauets de formatge gorgonzola o d'un formatge cremós que fongui bé."", ""Posem la cassoleta preparada un altre cop a la fregidora d'aire i coem a 190º durant dos\xa0minuts."", ""Ja està llesta per menjar, però li podeu posar una mica de ruca i orenga seca per sobre i amanir-ho amb un rajolí d'oli.""]","['Tomàquets', 'Ceba', 'Formatge']"
Bunyols de vent amb crema de mango,https://www.3cat.cat/tv3/cuines/recepta/bunyols-de-vent-amb-crema-de-mango/42836/,17,https://img.3cat.cat/multimedia/jpg/9/4/1708343608549_326.jpg,Baixa,Més d'una hora,,"['150 ml aigua120 g farina de blat60 g llard de porc5 ous2 llimonesCanyella moltaSalOliSucre llustre2 mangos250 ml llet50 g sucre blanc40 g de farina de blat de moro', '150 ml aigua', '120 g farina de blat', '60 g llard de porc', '5 ous', '2 llimones', 'Canyella molta', 'Sal', 'Oli', 'Sucre llustre', '2 mangos', '250 ml llet', '50 g sucre blanc', '40 g de farina de blat de moro', '']","['\xa0', 'Comencem a fer la crema de mango pelant i tallant 2 mangos a trossos mitjans.', ""Aboquem a un vas americà els mangos tallats, 40 g de midó de blat de moro, 50 g de\xa0sucre blanc, l250 ml de llet,\xa0un ou (el rovell i la clara), un rovell d'ou i ratlladura de llimona. Triturem fins que queda una textura de crema."", ""Colem la crema directament a un pot i la coem a foc baix remenant tota l'estona fins que comenci a fer xup-xup."", 'Retirem el pot del foc i aboquem la\xa0crema a\xa0una màniga pastissera on hem\xa0posat un broquet adequat per farcir els bunyols.\xa0', 'Dobleguem bé\xa0la màniga pastissera perquè la crema no vessii. La reservem\xa0en un recipient fins que es temperi i llavors guardem\xa0el recipient tapat a la nevera com a mínim una hora.', ""Posem\xa0 a escalfar una cassola fonda amb l'oli fins els 160-170 graus per fregir els bunyols al foc perquè es vagi escalfan"", ""Fem la pasta dels bunyols de vent, posant en un\xa0pot 60 g de llard de porc, 150 ml d'aigua i un bon pessic de sal (1,5 g). Ho portem a ebullició."", 'En un bol, hi barregem 120 grams de farina fluixa de blat. i una mica de canyella.molta', ""Quan la barreja d'aigua i llard arrenqui el bulli, retirem el pot del foc, aboquem de cop la farina tota de cop.\xa0Ho remenem amb una cullera de fusta fins que quedi tot integrat\xa0 Passem la massa a un bol."", 'Trenquem\xa0tres ous en un altre bol i els batem lleugerament.', ""Afegim una mica d'ou\xa0batut a la massa i remenem fins que l'integrem. Repetim l'operació fins acabar els ous batuts."", 'Fregim els bunyols agafant una mica de pasta\xa0amb una cullera i ajudant-nos amb una altra cullera per dnar-los forma. Fregim els bunyols en diferents tandes fins acabar la massa.', 'Un cop fregits, els deixem en un plat\xa0amb paper absorbent.', 'Treiem la màniga amb la crema de la nevera\xa0i esperem que els bunyols estiguin tebis per farcir-los.', 'Posem els bunyols farcits en una safata\xa0 i, per acabar, els empolsinem amb sucre llustre.', '\xa0']","['Farina de blat', 'Farina de blat de moro', 'Llet', 'Canyella', 'Llevat', 'Sucre', ""Oli de d'oliva""]"
Cebiche de vieira,https://www.3cat.cat/tv3/cuines/recepta/cebiche-de-vieira/41656/,17,https://img.3cat.cat/multimedia/jpg/7/0/1689844333707_326.jpg,Baixa,,,"['400 g de carn de vieira1 ceba morada1 xili de Jalapa envinagrat1 bitxo fresc vermell3 llimes1 taronja500 g de musclos roca1 alvocatCoriandre frescGel petitSal', '400 g de carn de vieira', '1 ceba morada', '1 xili de Jalapa envinagrat', '1 bitxo fresc vermell', '3 llimes', '1 taronja', '500 g de musclos roca', '1 alvocat', 'Coriandre fresc', 'Gel petit', 'Sal', '']","['Posem un bol al congelador. És on acabarem fent la barreja del cebiche.', 'Netegem 500 g de musclos de roca.', 'Espremem una taronja i posem el suc en una olla.', ""Encenem el foc amb el suc i hi posem els musclos. Si no hi caben tots, els farem en dues tandes. Tapem l'olla. A mesura que es vagin obrint els musclos, els en retirem. \xa0"", 'Quan tinguem tots els musclos cuits, els anem traient la closca.', ""Posem en un got batedor la carn de musclo i el líquid colat que han deixat anar els muscos a l'olla i al plat on els hem guardat. Hi posem una mica de sal, el suc de dues llimes i tres llesques de xili de Jalapa envinagrat."", 'Si les vieires tenien corall, també el posem al got batedor. \xa0', 'Ho triturem tot i, un cop triturat, ho guardem a la nevera. \xa0', 'Tallem una ceba morada a la juliana. \xa0', 'Si el bol que hem posat al congelador ja és fred, hi podem posar la ceba tallada.', 'Tallem a daus 400 g de carn de vieira. \xa0', ""Hi tirem el suc d'una llima i ho barregem tot."", ""Pelem i tallem a daus un alvocat i l'afegim al bol. \xa0"", 'Tallem de qualsevol manera unes quantes fulles de coriandre i les hi afegim.', 'Buidem de llavors un bitxo vermell fresc i net i el tallem a rodelles.', 'Rescatem de la nevera la llet de tigre --la salsa de llima i musclos que hem fet abans. \xa0', 'La tirem al bol i ho barregem tot. \xa0', 'Emplatem el cebiche en unes petxines de vieira amb una base de gel de còctel perquè no ballin. També es pot emplatar en qualsevol altre lloc o servir en una plata.']","['Pebrots', 'Taronja', 'Llima', 'Musclos', 'Vieira', 'Ceba', 'Alvocat']"
Magdalenes amb crema de taronja,https://www.3cat.cat/tv3/cuines/recepta/magdalenes-amb-crema-de-taronja/42577/,17,https://img.3cat.cat/multimedia/jpg/4/1/1706102746014_326.jpg,Baixa,Més d'una hora,,"['160 g farina de blat', '200 g sucre blanc', '9 ous', '80 ml llet', '40 g trossets de xocolata', '30 ml oli oliva suau', '10 g sèsam torrat', '8 g impulsor químic', '2 taronges', '1/2 llimona', 'Ametlles laminades torrades', 'Sal', '']","['Trenquem dos ous i els aboquem en un bol on afegim 110 g de sucre blanc i un pessic de sal. Ho blanquegem amb les varetes elèctriques.', 'Piquem 10 g de sèsam torrat amb un morter i ho afegim al bol dels ous i ho integrem amb la llengua pastissera.', ""Mesurem 30 ml d'oli d'oliva suau i ho integrem al bol juntament amb 80 ml de llet."", ""Un cop ho tinguem tot integrat, hi aboquem 160 g de farina de blat. Ho anem tamisant entre 2 o 3 cops i finalment ho integrem afegint-hi 8 g d'impulsor químic i 40 g de trossets de xocolata."", 'Agafem 8 motlles de silicona i hi distribuïm la massa de les magdalenes.', 'Un\xa0cop tots els motlles estiguin farcits, ho enfornem 12 minuts a 210 ºC.', 'Mentre les magdalenes les deixem refredar un cop les hàgim tret del forn, passem a fer la crema de taronja. Espremem 2 taronges. Un cop tinguem el suc, el colem i reservem\xa0200 ml.', 'Espremem la mitja llimona\xa0i, un cop tinguem el suc, el colem i en mesurem 30 ml.', 'Separem clares i rovells de 5 ous i passem els rovells a un pot i les clares les reservem en\xa0una carmanyola.', 'Trenquem 2 ous sencers al pot amb els rovells i hi afegim 90 g de sucre blanc i els 200 ml del suc de taronja i els 30 ml del suc de llimona.', 'Posem el pot a vitro a foc mitjà. Ho escalfem i anem remenant fins que bulli i agafi textura de crema pastissera.', 'Passem la crema a un pot amb tapa i deixem que es refredi. I posteriorment el durem a la nevera durant una hora.', 'Servim 2 magdalenes per ració i els hi repartim per sobre crema de taronja i ametlles laminades torrades.']","['Ous', 'Taronja', 'Llimona', 'Farina de blat', 'Llet', 'Xocolata', 'Sucre', 'Oli', 'Ametlles']"
Tires de pollastre arrebossades amb festucs,https://www.3cat.cat/tv3/cuines/recepta/tires-de-pollastre-arrebossades-amb-festucs/42877/,17,https://img.3cat.cat/multimedia/jpg/2/8/1708444383482_326.jpg,Baixa,Més d'una hora,,"[""2 pits de pollastre (500 g)240 g festucs torrats salats (pes sense pelar)120 torradetes de pa100 g raïm negre30 g formatge blau de vaca3 ous400 ml oli suau8 g de sumac1 branca de romaníFarinaOli d'oliva verge extraSal"", '2 pits de pollastre (500 g)', '240 g festucs torrats salats (pes sense pelar)', '120 torradetes de pa', '100 g raïm negre', '30 g formatge blau de vaca', '3 ous', '400 ml oli suau', '8 g de sumac', '1 branca de romaní', 'Farina', ""Oli d'oliva verge extra"", 'Sal', '', '', '']","[""Posem durant una hora els pits de pollastre en un bany d'aigua i sal que haurem preparat amb 100 g de sal per cada litre d'aigua."", ""Escalfem en un pot d'acer inoxidable 400 ml d'oli d'oliva suau a 80º. Hi posem una branca de romaní, tapem el pot, apaguem el foc i traiem el romaní després de 30 segons.\xa0Colem l'oli on hem infusionat el romaní i el reservem."", 'Agafem els pits de pollastre i els assequem. Els tallem a tires i els posem en un plat fondo.', 'Hi afegim al bol els 8 g de\xa0sumac, una espècie utilitzada a la cuina libanesa. i ho barregem bé amb les tires. Tapem el plat i el posem a la nevera.', 'Pesem 240 g de festucs torrats i els esclovellem;\xa0sense closca hem de tenir 120 g de festucs. Triturem els festucs fins que siguin una pols fina que reservarem en un plat.', 'Triturem 120 g de torradetes de pa i el resultat el\xa0barregem amb els festucs triturats.', ""Per fer la salsa d'acompanyament, en un got posem els 100 g de raïm negre i hi\xa0tirem un raig de l'oli de romaní, que ha d'estar a temperatura ambient. Ho turbinem tot i\xa0després colem el resultat."", ""Posem en un got net la barreja\xa0de raïm i oli.\xa0Salem. Hi aboquem\xa0un raig de l'oli aromatitzat amb romaní, afegim un ou i turbinem. Mentre turbinem anem afegint\xa0tot\xa0l'oli aromatitzat que queda. Després\xa0hi posem 30 g formatge blau de vaca en trossets i tornem a turbinar i la salsa ja estarà llesta."", ""Posem una paella amb abundant oli d'oliva verge extra a escalfar-se. Batem dos ous."", ""Per arrebossar les tires de pollastre, primer les passem per farina, després per ou, i acabem l'arrebossat amb la barreja que hem preparat amb\xa0les torradetes i els festucs."", ""Posem les tires en la paella d'oli calent i les fregim fins que estiguin daurades. Quan les traiem, les deixem en un plat amb paper absorbent.\xa0"", 'Podem emplatar les tires de pollastre amb una mica de salsa de festucs i raïm al costat.']","['Raïm', 'Pollastre', 'Ous de gallina', 'Farina de blat', 'Formatge', 'Romaní', ""Oli de d'oliva"", ""Oli d'oliva verge extra"", 'Sumac']"
Col rostida amb suc d'arrels,https://www.3cat.cat/tv3/cuines/recepta/col-rostida-amb-suc-darrels/42796/,17,https://img.3cat.cat/multimedia/jpg/6/1/1707999227016_326.jpg,Baixa,Més d'una hora,,"[""3 pastanagues2 naps2 xirivies2 nyàmeres2 galangues1/2 col llombarda1/2 api rave4 branques\xa0de col kale12 làmines fines de cansalada curada3 litres d'aiguaOli d'oliva verge extraPebre negreSal"", '3 pastanagues', '2 naps', '2 xirivies', '2 nyàmeres', '2 galangues', '1/2 col llombarda', '1/2 api rave', '4 branques\xa0de col kale', '12 làmines fines de cansalada curada', ""3 litres d'aigua"", ""Oli d'oliva verge extra"", 'Pebre negre', 'Sal', '', '']","[""Netegem bé les les nyàmeres amb un fregall net i pelem les pastanagues, els naps, les xirivies i\xa0l'api rave.\xa0"", 'Tatllem totes les arrels, excepte la galanga,\xa0i les\xa0posem en una safata amb paper sulfurat per ficar-les al forn. Les rostirem a 220 graus.', ""Esclafem la galanga com si fos un all i la posem en una olla. També hi afegirem les arrels rostides. I hi abocarem 3 litres d'aigua en fred.\xa0 Posem l'olla al foc i les arrels han de bullir durant una hora a foc mig suau.\xa0"", ""Un cop hem bullit\xa0les arrels, retirem l'olla del foc i ho\xa0deixem reposar 30 minuts. Després colem el suc\xa0i el posem en una olla."", 'Tallem pel mig la col llombarda i li traiem el peduncle.', ""En una olla, posem els 2 trossos de col cap per avall\xa0 i 250 ml del bou\xa0d'arrels. Tapem l'olla i ho posem a bullir a foc fort durant uns 40 minuts."", ""L'olla on hi ha la resta del brou la posem a foc fort durant 40 minuts o fins aconseguir una textura glaça."", ""En una safata amb paper sulfurat posem tallades les fulles de les branques de col kale, sense la tija. Salpebrem i hi tirem un raig d'oli d'oliva verge extra per sobre. Ho posem al forn\xa0a 180 graus,\xa0amb foc a dalt i a baix, però sense aire, durant uns 13 minuts per torrar-les\xa0i que quedi cruixent."", ""Quan traiem les\xa0xips de kale, es posem en una safata amb paper absorbent perquè xucli l'excès d'oli i després posem els xips en un plat."", 'Traiem la\xa0col llombarda, compte que pot tenyir, i la posem en una taula\xa0per tallar-la a tires\xa0', 'Posem oli en una paella on abocarem la col\xa0i la saltejarem.\xa0Salpebrem.', ""Emplatem posant\xa0col llombarda i afegint-hi\xa0suc de les arrels. Col·locarem les fines tires de cansalada ibèrica curada amb pebre vermell damunt la col calenta\xa0i acabarem d'emplatar amb unes xips de kale per sobre.""]","['Pastanagues', 'Col', 'Naps', 'Xirivia', 'Porc', 'Api-rave']"
Crema de ceba amb encenalls de pernil,https://www.3cat.cat/tv3/cuines/recepta/crema-de-ceba-amb-encenalls-de-pernil/42756/,17,https://img.3cat.cat/multimedia/jpg/2/0/1707750878702_326.jpg,Baixa,Menys de 30 minuts,,"[""1 kg ceba Figueres500 ml aigua100 ml oli d'oliva verge extra4 llesques de pa de motlle sense crosta60 g encenalls de pernilFarigolaOli d'oliva verge extraSal"", '1 kg ceba Figueres', '500 ml aigua', ""100 ml oli d'oliva verge extra"", '4 llesques de pa de motlle sense crosta', '60 g encenalls de pernil', 'Farigola', ""Oli d'oliva verge extra"", 'Sal']","['Comencem tallant 1 kg de cebes de Figueres a juliana.', ""Posem un raig d'oli en una cassola i hi aboquem les cebes tallades. Salem la ceba i tapem la cassola. Ho deixem coure a foc mitjà durant 10 minuts."", ""Mentre es cou la ceba, en un pot amb 500 ml d'aigua calenta fem una infusió amb una branqueta de\xa0farigola."", ""Després dels 10 minuts, quan la ceba ja ha començat a suar, hi aboquem l'aigua de la infusió de farigola."", 'Tornem a tapar la cassola i ho deixem coure 5 minuts més.', ""Posem el contingut de la cassola, la ceba i tot el suc, en el got d'una batedora. Hi afegim un raig d'oli perquè emulsioni."", 'Ja tenim la crema i prepararem els ""entrebancs"": de pernil i pa fregit.', ""Posem el pernil en una paella amb una mica d'oli."", ""Tallem el pa de motlle sense crosta a quadradets i l'afegim a la paella on hem posat el pernil; així, el greix que deixa anar el pernil aromatitza els crostonets."", ""Quan el pernil està cruixent, el traiem de la paella. Normalment, els crostons encara s'hauran de deixar a la paella perquè es coguin una mica més, fins que estiguin cruixents."", ""Traiem l'excés de greix del pernil amb paper de cuina."", ""Tallem el pernil a mida d'encenalls."", ""Per emplatar: aboquem la crema en un bol o en un plat fondo i hi posem a sobre uns crostons i una capa d'encenalls. Podeu amanir-ho per sobre amb una mica d'oli d'oliva."", '\xa0']","['Ceba', 'Farigola', 'Oli']"
Carxofes amb pernil,https://www.3cat.cat/tv3/cuines/recepta/carxofes-amb-pernil/42736/,17,https://img.3cat.cat/multimedia/jpg/4/4/1708083095044_326.jpg,,Més d'una hora,,"[""12 carxofes40 g formatge de cabra i ovella confitat en oli80 g pernil ibèric2 llimonesJulivertOli d'oliva verge extraPebre negreSal en escatesSal"", '12 carxofes', '40 g formatge de cabra i ovella confitat en oli', '80 g pernil ibèric', '2 llimones', 'Julivert', ""Oli d'oliva verge extra"", 'Pebre negre', 'Sal en escates', 'Sal', '']","[""Omplim un bol gran d'aigua amb gel on submergim unes branques de julivert. Hi afegim el suc de dues llimones. També posem a l'aigua les llimones ja espremudes."", 'Ens posem uns guants i espellofem les 12 carxofes, descartant les fulles més verdes i dures.\xa0Repelem els troncs i\xa0tallem la part superior a 8 carxofes.', ""Submergim les carxofes en el bol amb aigua i les tapem amb un plat per evitar que surin i s'ennegreixin."", ""Escalfem una vaporera amb dos dits d'aigua. Agafem\xa06 carxofes del bol i\xa0les tallem per la meitat."", ""Col·loquem aquestes\xa0carxofes\xa0al cistell de la vaporera i les coem al vapor durant 20 minuts. Un cop cuites, passem les carxofes a un got batedor i guardem l'aigua de cocció en una gerreta.\xa0"", ""En una cassola, escalfem oli d'oliva verge extra fins a una temperatura de 90 graus. Tallem un cercle de paper sulfurat del mateix diàmetre de la cassola."", 'Traiem del bol amb aigua 4 carxofes. Les tallem per la meitat i en traiem les barbes amb un ganivet. Les eixuguem bé amb un drap i les afegim a la cassola amb oli.', ""Quan la temperatura de l'oli torni a arribar als 90 graus, les cobrim amb paper sulfurat i confitem les carxofes a foc baix durant 35 minuts. Un cop cuites, apagarem el foc i les deixarem refredar dins de la cassola."", 'Ratllem 40 grams del formatge de cabra i ovella confitat en oli.', ""Agafem el got batedor on tenim les carxofes cuites al vapor i hi aboquem una mica de l'aigua de la cocció. Turbinem fins a tenir una textura de crema."", ""Salpebrem i acabem la crema afegint-hi el formatge ratllat i una mica més d'aigua de cocció, i turbinem\xa0fins que tot quedi ben integrat."", 'Aboquem la crema en un pot que deixarem al foc mínim per\xa0mantenir-la calenta.', ""En una paella o en una cassola baixa escalfem força oli d'oliva verge extra a 180º"", ""Quan l'oli està quasi a 180º, traiem les dues carxofes que queden al bol amb aigua, les eixuguem amb un drap i en laminem amb una mandolina la part inferiror, sense arribar a les fulles"", ""Fregim els xips de carxofa fins que agafen un color daurat i els reservem en un plat amb un paper de cuina. Un cop el paper ha xuclat l'oli, l'hem\xa0de treure\xa0perquè els xips no s'estovin."", ""Emplatem fent una base amb la crema de carxofes, a sobre hi posem dues meitats de les carxofes confitades que haurem escorregut amb un colador. Posem una mica de flor de sal, pebre i un raig d'oli.. Acompanyem amb\xa0pernil ibèric i part dels\xa0xips de carxofa, i ja ho tenim llest."", '\xa0']","['Carxofes', 'Formatge', ""Oli de d'oliva""]"
Truita farcida de pa amb tomàquet,https://www.3cat.cat/tv3/cuines/recepta/truita-farcida-de-pa-amb-tomaquet/42676/,19,https://img.3cat.cat/multimedia/jpg/9/9/1706617403099_326.jpg,Baixa,Menys de 30 minuts,,"[""2 ous2 llesques de pa2 tomaconsPernil ibèricOli d'oliva verge extraSal"", '2 ous', '2 llesques de pa', '2 tomacons', 'Pernil ibèric', ""Oli d'oliva verge extra"", 'Sal']","['Traiem la crosta del pa i tallem la molla a quadradets petits.', 'Posem els bocins de pa en un bol i a sobre hi ratllem els dos\xa0tomacons.', ""Amanim amb una mica d'oli i un polsim de sal i remenem el tomàquet ratllat amb els trossets de pa."", ""Posem la paella\xa0amb un raig d'oli al foc."", 'Batem dos ous amb una mica de sal.', ""Quan l'oli estigui calent, hi aboquem els ous i movem la paella perquè cobreixin el fons."", ""Quan l'ou estigui una mica cuit, posarem al mig, com en una tira, una part del pa amb tomàquet que tenim reservat."", ""Tanquem la truita posant per sobre del pa les dues parts de l'ou que no estan cobertes amb el farcit."", 'La girem, com una truita francesa. La deixem coure 1 minut o més, segons us agradi la truita\xa0més o menys cuita.', 'Podeu acabar el plat\xa0posant-hi una mica de pernil per sobre.']","['Tomàquets', 'Ous de gallina', ""Oli d'oliva verge extra""]"
Milfulls de poma amb nata,https://www.3cat.cat/tv3/cuines/recepta/milfulls-de-poma-amb-nata/42580/,19,https://img.3cat.cat/multimedia/jpg/4/4/1706105639944_326.jpg,Baixa,Menys d'una hora,,"['1 massa pasta de full2 pomes Fuji100 ml nata2 ous16 g sucre avainillat1 llimonaCanyella moltaMantega', '1 massa pasta de full', '2 pomes Fuji', '100 ml nata', '2 ous', '16 g sucre avainillat', '1 llimona', 'Canyella molta', 'Mantega']","['Omplim un bol de vidre amb aigua i\xa0 hi espremem una llimona.', 'Traiem el cor a les pomes, les tallem a quarts i les laminem.', 'Un cop ho tinguem fet, les anem reservant al bol amb aigua i llimona.', 'Mentrestant, posem una nou de mantega en un bol que pugui anar al microones i deixem que es desfaci durant 1 minut a 800 W.', ""Obrim el paquet de massa de full, n'agafem 1 làmina i la tallem en 4 trossos."", 'Fem forats amb la forquilla al centre de cada tros. Un cop fets, posem els trossos sobre la safata del forn amb paper sulfurat a la base.', 'Traiem i eixuguem damunt de paper absorbent les làmines de poma, i les distribuïm damunt la pasta de full.', 'Separem les clares i els rovells de dos ous. Els rovells els posem en un bol i les clares, en una carmanyola. Ho reservem.', ""Batem els rovells i pintem les làmines de poma amb mantega fosa i els rovells d'ous batuts."", 'Ho enfornem 20 minuts a 200\u202f°C.', ""Agafem 100 ml de nata i l'aboquem al bol. I la muntem amb varetes elèctriques mentre hi afegim 16 g de sucre avainillat."", 'Ho emplatem posant 1 milfulls de poma amb nata muntada i un polsim de canyella molta.']","['Ous', 'Llimona', 'Pomes', 'Mantega', 'Nata', 'Canyella', 'Sucre']"
Tallarines amb olives i tàperes,https://www.3cat.cat/tv3/cuines/recepta/tallarines-amb-olives-i-taperes/42501/,19,https://img.3cat.cat/multimedia/jpg/3/0/1707742439903_326.jpg,Baixa,Més d'una hora,,"[""200 g farina de blat10 ous (només els rovells)150 g cirerols80 g olives negres sense pinyol50 g formatge Maó curat20 g tàperes2 g sal1 bitxo frescSàlvia frescaMantegaFarinaOli d'oliva arbequinaSal"", '200 g farina de blat', '10 ous (només els rovells)', '150 g cirerols', '80 g olives negres sense pinyol', '50 g formatge Maó curat', '20 g tàperes', '2 g sal', '1 bitxo fresc', 'Sàlvia fresca', 'Mantega', 'Farina', ""Oli d'oliva arbequina"", 'Sal']","['Separem clares i rovells de 10 ous i deixem 10 rovells al bol, i les clares al recipient.\xa0\xa0', 'Aboquem al bol 200 g de farina de blat i 20 g de sal. Encaixem el bol i ho pastem durant 10 minuts.\xa0\xa0', 'Passem el pastó al bol i el tapem amb un drap humit, i ho deixem en repòs durant 1 hora.\xa0\xa0', ""Un cop el pastó ha reposat, és el moment de tallar-ho en 4 trossos. N'agafem 1 tros i comencem a estirar fent plecs sobre si mateix. Estirarem fins al nombre màxim de la màquina d'estirar pasta. I farem el mateix amb tots els trossos.\xa0\xa0"", 'Deixem assecar les làmines de pasta estirades durant 20 minuts per cada cara.\xa0\xa0', ""Escalfem a foc baix una olla amb 4 litres d'aigua tapada.\xa0\xa0"", 'Formem les tallarines passant cada una de les làmines assecades per la màquina. Un cop formades, les reservem amb farina.\xa0', ""Posem al foc una paella prou ampla i hi afegim una mica de mantega i un raig d'oli d'oliva arbequina.\xa0"", ""Traiem les llavors d'1 bitxo fresc i el tallem a rodelles.\xa0\xa0"", ""L'aboquem a la paella i el fem ballar juntament amb fulles de sàlvia fresca.\xa0"", ""Afegim a la paella 150 g de cirerols, 80 g d'olives negres sense pinyol, 20 g de tàperes, que escorrem. Ho saltem i ho reservem.\xa0"", ""Quan l'aigua bull, afegim a l'olla un grapat de sal i les tallarines. Ho coem fins a 2 minuts.\xa0\xa0"", 'Un cop hagin passat 2 minuts i veiem que les tallarines suren i per tant estan cuites, és el moment de passar-les a la paella.\xa0', 'Apaguem el foc, ho integrem i ho reservem.\xa0\xa0', 'Emplatem amb una ració de tallarines, cirerols saltats i formatge de Maó, que ratllem.\xa0\xa0']","['Ous', 'Farina de blat', 'Mantega', 'Formatge', 'Bitxo', 'Olives', 'Oli']"
Croissant amb cremós de cafè,https://www.3cat.cat/tv3/cuines/recepta/croissant-amb-cremos-de-cafe/42561/,19,https://img.3cat.cat/multimedia/jpg/1/7/1705575179871_326.jpg,Baixa,Menys d'una hora,,"['100 g mascarpone150 ml nata per muntar1 culleradeta de cafè soluble30 g sucre muscovat1 pasta de full amb mantegaSucre de llustre1 ouMantega', '100 g mascarpone', '150 ml nata per muntar', '1 culleradeta de cafè soluble', '30 g sucre muscovat', '1 pasta de full amb mantega', 'Sucre de llustre', '1 ou', 'Mantega']","[""Tallem amb l'ajuda d'un cilindre metàl·lic 4 triangles isòsceles d'un full de pasta de full amb mantega. Descartem les puntes si és que en queden.\xa0"", 'Pintem amb mantega fosa els triangles.\xa0\xa0', 'Enrotllem els triangles fent forma de croissant, deixant el cilindre de metall a dins.\xa0', 'Batem un ou i el\xa0fem servir per pintar els croissants.\xa0', 'Portem els croissants al forn: 25 minuts\xa0a 180 º.\xa0', 'Passat aquest temps, deixem que els croissants es temperin i comencem a fer el farcit.\xa0', ""Posem un pot no gaire gros al foc amb un dit d'aigua.\xa0"", ""L'escalfem sense que bulli.\xa0"", ""Tirem a dins una tassa una culleradeta de cafè soluble i l'aigua escalfada. Remenem perquè es dissolgui el cafè.\xa0"", 'En un bol hi posem el cafè dissolt, 100 g de mascarpone, 150 ml de nata per muntar i 30 g de sucre muscovat. Ho batem amb les varetes elèctriques fins que quedi com una mousse.\xa0\xa0', 'Posem aquesta crema dins una màniga pastissera.\xa0', 'Traiem els cilindres metàl·lics dels croissants.\xa0\xa0', 'Farcim els croissants amb el cremós de cafè.\xa0\xa0', 'Servim els croissants amb una mica de sucre llustre per sobre.\xa0']","['Ous', 'Farina', 'Mantega', 'Nata', 'Formatge']"
Carpaccio de llagostins,https://www.3cat.cat/tv3/cuines/recepta/carpaccio-de-llagostins/42377/,19,https://img.3cat.cat/multimedia/jpg/1/5/1701676530951_326.jpg,Baixa,Més d'una hora,,"['20 llagostins', '20 llagostins', '2 tomàquets pera', '2 cebes tendres', '5 pebrots del piquillo', '1 aranja', '1 llima', ""1 gra d'all"", '30 g ametlles torrades', 'Brins safrà', 'Vinagre poma', 'Coriandre fresc', 'Oli', 'CaienaSal', 'Sal']","['Tallem a rodelles 2 cebes tendres ja netes i les posem en un bol amb aigua i gel. Hi afegim un rajolí de vinagre de poma i ho reservem durant 10 minuts.', 'Posem una paella al foc i hi torrem brins de safrà.', ""Espremen l'aranja ja neta i la posem en un pot juntament amb el safrà torrat i un rajolí de vinagre de poma."", ""Escorrem la ceba, l'afegim al pot i ho coem durant 30 minuts."", ""Pelem i laminem 1 gra d'all."", ""Posem una paella al foc i hi afegim un rajolí d'oli, l'all laminat i la\xa0caiena. Ho saltem."", ""Quan l'all ha agafat color, hi afegim 5 pebrots del piquillo més el suc d'una llima ja neta. Ho saltem lleugerament."", 'Descartem la caiena i passem el contingut de la paella a un got batedor.', 'Ho turbinem tot, ho colem i ho deixem refredar en un biberó.', 'Cremem 2 tomàquets pera, ja nets, amb un bufador i els pelem i buidem.', 'Tallem a daus petits els tomàquets torrats amb el bufador, ja pelats i buits.', 'Quan tinguem els tomàquets amb el tall concassé, els col·loquem al plat.', ""Piquem amb morter 30 g d'ametlla torrada amb pell."", 'Pelem els llagostins i els laminem al llarg.', ""Emplatem i afegim en un plat 5 llagostins laminats, la ceba cuita freda, el tomàquet concassé, un rajolí d'oli, ametlla picada, punts de puré de piquillos i una fulla de coriandre.""]","['Tomàquets', 'Ceba', 'All', 'Pebrots', 'Llima', 'Llagostí', 'Coriandre', 'Safrà']"
Oliaigua menorquí,https://www.3cat.cat/tv3/cuines/recepta/oliaigua-menorqui/42696/,19,https://img.3cat.cat/multimedia/jpg/2/3/1706624448432_326.jpg,Baixa,Menys d'una hora,,"[""6 tomàquets de pera1 ceba de Figueres1 pebrot vermell1 pebrot verd1 gra d'allPa de sègolPebre vermell dolçOli d'oliva verge extra"", '6 tomàquets de pera', '1 ceba de Figueres', '1 pebrot vermell', '1 pebrot verd', ""1 gra d'all"", 'Pa de sègol', 'Pebre vermell dolç', ""Oli d'oliva verge extra""]","[""Comencem la recepta per la part de l'oli. En posem 150 ml a escalfar en una cassola."", ""Tallem la ceba en juliana i després l'afegim a la cassola. Hi tirem un pessic de sal."", ""Laminem el gra d'all i el tirem a la cassola quan el contingut hagi recuperat la temperatura després d'afegir-hi la ceba."", ""S'ha de coure a foc lent uns 4 minuts."", 'Netejarem els pebrots: en traiem les llavors i la part blanca.\xa0', ""Tallem els pebrots en bastonets (d'entre 0,5 i un centímetre d'ample i uns tres de llargada, aproximadament)"", 'Afegim els bastonets de pebrot i salem.', 'Els tomàquets de pera els tallem a ""concassé"": Tallem els tomàquets per la meitat\xa0i en fem dauets petits.', 'Tirem els dauets de tomàquet a la cassola, salem i remenem.', 'També hi posarem una culleradeta de pebre vermell dolç, un polsim de pebre negre i un pessic de sal.', ""Hi afegim 500 ml d'aigua i deixem que el menjar es vagi coent."", ""Mentre s'acaba de coure l'oliaigua, feu una torrada de pa. Per exemple amb pa de sègol. Poseu-lo\xa0en una planxa amb una mica d'oli."", ""Quan a la superfície de l'aigua fa bromera, apagueu el foc i amb l'escalfor residual s'acabarà de coure."", ""Serviu l'oliaigua calent amb la torrada al costat.""]","['Tomàquets', 'Ceba', 'Pebrot verd', 'Pebrot vermell']"
Pollastre al vi,https://www.3cat.cat/tv3/cuines/recepta/pollastre-al-vi/42659/,19,https://img.3cat.cat/multimedia/jpg/6/1/1707913553716_326.jpg,Baixa,Més d'una hora,,"[""1 pollastre tallat a vuitens12 escalunyes2 grans d'all1 l vi rosat500 ml brou pollastre1 raig de brandi2 rodelles de taronja seca1 canonet de canyella1 manat de farigola1 fulla de llorerSalPebreGrapat d'avellanesJulivertAnís estrellatOli OVE"", '1 pollastre tallat a vuitens', '12 escalunyes', ""2 grans d'all"", '1 l vi rosat', '500 ml brou pollastre', '1 raig de brandi', '2 rodelles de taronja seca', '1 canonet de canyella', '1 manat de farigola', '1 fulla de llorer', 'Sal', 'Pebre', ""Grapat d'avellanes"", 'Julivert', 'Anís estrellat', 'Oli OVE']","[""Fem una dissolució 1 a 10 d'aigua i sal. És a dir, per a un litre d'aigua, hi posarem 10 g de sal.\xa0\xa0"", 'Posem dins un recipient gros 1 pollastre desossat i tallat a vuitens. Cobrim el pollastre amb la salmorra. El tapem i el deixem a la nevera 1 hora.\xa0', ""Passat aquest temps, recuperem el pollastre i l'eixuguem.\xa0\xa0"", ""Posem a escalfar una cassola grossa i hi tirem un raig d'oli OVE.\xa0\xa0"", ""Posem\xa0pebre\xa0al pollastre i el saltem a la cassola. El girem quan estigui fet d'una banda.\xa0"", 'Mentrestant, fem un farcell lligant un manat de farigola, una fulla de llorer, un canonet de canyella i dues rodelles de taronja seca.\xa0\xa0', 'Quan el pollastre estigui fet per totes dues bandes, el traurem de la cassola i el deixarem reposar en un plat.\xa0', ""Posem una cassola al foc, hi tirem un litre de vi rosat i el farcell lligat d'herbes i taronja. Hi posem un gra d'anís estrellat. Escalfem el vi.\xa0\xa0"", 'Dins un altre pot, portem a ebullició 500 ml de brou de pollastre.\xa0\xa0', ""A la cassola on hem saltat el pollastre, hi tirem 12 escalunyes pelades i 2 grans d'all aixafats.\xa0"", 'Hi afegim un raig de brandi per aixecar els sucres.\xa0', 'Afegim a les escalunyes les cuixes i contracuixes reservades, i el vi calent amb les herbes. Hi afegim també el brou calent. Els pits els hi posarem després.\xa0', 'Deixem que es coguin les cuixes una hora, amb el foc baix, però fent xup-xup. Ho tindrem mig tapat.\xa0\xa0', ""Quan hagi passat l'hora, hi afegirem els pits, que es couran en 30 minuts.\xa0"", ""Fem una picada amb un parell de grapats d'avellanes i unes fulles de julivert.\xa0"", 'Afegim la picada a la cassola.\xa0\xa0', 'Lliguem la salsa i ho servim.\xa0\xa0']","['Ceba', 'Taronja', 'Pollastre', 'Farigola', 'Canyella', 'Llorer']"
Tàrtar de bacallà amb carxofes,https://www.3cat.cat/tv3/cuines/recepta/tartar-de-bacalla-amb-carxofes/42579/,19,https://img.3cat.cat/multimedia/jpg/6/8/1706105524186_326.jpg,Baixa,Menys d'una hora,,"[""480 g bacallà esqueixat400 g carxofes en conserva30 ml oli OVE1 ou6 lloms d'anxova en oli1/2 ceba de FigueresCoriandreSal"", '480 g bacallà esqueixat', '400 g carxofes en conserva', '30 ml oli OVE', '1 ou', ""6 lloms d'anxova en oli"", '1/2 ceba de Figueres', 'Coriandre', 'Sal']","['Aboquem al\xa0got americà 400 g de cors de carxofes i els triturem.', 'Hi afegim oli i un pessic de sal. Ho turbinem de nou i ho reservem a foc baix.', 'Tallem a daus petits 480 g de bacallà esqueixat. I el reservem en un bol mitjà.', 'Piquem ceba de Figueres i coriandre fresc i ho afegim.', ""Afegim i piquem 6 lloms d'anxova a l'oli."", ""Agafem i separem la clara del rovell de l'ou i aboquem el rovell al bol. La clara la reservem. Ho integrem bé amb una forquilla."", ""Amb un motlle rodó d'uns 8 cm emplatem el bacallà. Omplim el motlle tres quartes parts."", ""Traiem el motlle i hi afegim crema de carxofes calenta pels voltants i una mica d'oli, també.""]","['Ous', 'Carxofes', 'Bacallà', 'Anxoves', 'Coriandre', 'Ceba', 'Oli']"
Arròs amb ànec i bolets,https://www.3cat.cat/tv3/cuines/recepta/arros-amb-anec-i-bolets/42499/,19,https://img.3cat.cat/multimedia/jpg/1/7/1704805986971_326.jpg,Baixa,Més d'una hora,,"[""1 carcanada d'ànec2 ceba de Figueres2 pastanagues1 porro1 magret d'ànec350 g arròs Bahia200 g ceba enrossida1 tomàquet150 g trompetes de la mort1 tòfona negraVi negre ull de llebreVi ranciSalPebre blanc"", ""1 carcanada d'ànec"", '2 ceba de Figueres', '2 pastanagues', '1 porro', ""1 magret d'ànec"", '350 g arròs Bahia', '200 g ceba enrossida', '1 tomàquet', '150 g trompetes de la mort', '1 tòfona negra', 'Vi negre ull de llebre', 'Vi ranci', 'Sal', 'Pebre blanc']","['Tallem a daus 2 cebes de Figueres pelades, 2 pastanagues pelades i 1 porro net.\xa0\xa0', ""Posem els vegetals tallats i 1 carcanada d'ànec en una safata i ho enfornem durant 30 minuts a 180º.\xa0"", 'Un cop passats els 30 minuts, posem en una olla la carcanada torrada i els vegetals torrats.\xa0', 'Aboquem a la safata del torrat un raig de vi negre ull de llebre. I ho desglacem.\xa0', ""Aboquem a l'olla el vi que hem desglaçat i hi afegim 1.200 ml d'aigua i ho bullim a foc fluix durant 2 hores.\xa0\xa0"", 'Un cop cuit, ho deixarem reposar durant 30 minuts i ho colarem.\xa0\xa0', ""Deixem el brou d'ànec colat, escalfant-se al foc.\xa0\xa0"", 'Afegim 200 g de ceba enrossida en una cassola grossa al foc i ho fem ballar.\xa0\xa0', 'Hi afegim un tomacó ja net i el ratllem i ho sofregim lleugerament.\xa0', ""Afegim a la cassola\xa0 150 g de trompetes de la mort ja netes. Les coem fins que l'aigua de la vegetació s'hagi evaporat.\xa0"", ""Hi afegim 350 g d'arròs Bahia i una mica de sal i pebre blanc. I ho perlem.\xa0"", 'Hi aboquem vi ranci i tornem a aixecar sucres.\xa0', 'Aboquem a la cassola 800 ml de brou calent i ho coem durant 12 minuts.\xa0\xa0', ""Eixuguem 1 magret d'ànec ja banyat en sal durant una hora i fem incisions en diagonal a la pell.\xa0\xa0"", 'Posem en una paella prèviament escalfada el magret amb les incisions i ho marquem.\xa0\xa0', ""Quan l'arròs estigui al punt, apaguem el foc.\xa0\xa0"", 'Retirem el magret marcat del foc i ho deixem en un paper sulfurat i ho emboliquem.\xa0\xa0', ""Deixem en repòs el magret d'ànec i l'arròs durant 4 minuts.\xa0\xa0"", 'Un cop passats els minuts necessaris de repòs, desemboliquem el magret i el tallem a làmines fines.\xa0', ""Col·loquem les làmines fines del magret per damunt l'arròs.\xa0\xa0"", ""Ratllem una tòfona negra i l'escampem damunt l'arròs.\xa0\xa0"", 'Ho emplatem i ho tastem.\xa0\xa0']","['Arròs i cereals', 'Porro', 'Pastanagues', 'Bolets', 'Ànec', 'Ceba', 'Pebre blanc']"
Crema de pèsols amb sardina,https://www.3cat.cat/tv3/cuines/recepta/crema-de-pesols-amb-sardina/42636/,19,https://img.3cat.cat/multimedia/jpg/3/9/1706273163093_326.jpg,Baixa,Menys de 30 minuts,,"[""500 g pèsols congelats400 ml brou vegetal2 sardines fumades1 patata monalisa1 porroAmetlla laminadaMenta frescaOli d'oliva verge extraPebreSal"", '500 g pèsols congelats', '400 ml brou vegetal', '2 sardines fumades', '1 patata monalisa', '1 porro', 'Ametlla laminada', 'Menta fresca', ""Oli d'oliva verge extra"", 'Pebre', 'Sal']","['El primer que farem és netejar el porro i tallar-ne la part blanca a rodanxes\xa0ben\xa0fines.', ""Posem la cassola al foc i hi afegim un raig d'oli d'oliva extra i les rodanxes\xa0de porro. Ho salem una mica, tapem la cassola\xa0i ho coem a foc mitjà\xa0durant cinc minuts."", 'Pelem i tallem, a làmines molt fines, la patata. Les afegim a la cassola i remenem. Hem tallat el porro i la patata a\xa0rodanxes primes perquè es coguin més ràpid. Ho coem 5 minuts més.', 'A banda, tenim 400 ml de brou escalfant-se en un pot.', 'Traiem els pèsols congelats i els aboquem a la cassola. També hi tirem el brou calent. (També es podria fer amb aigua.)\xa0Ho tindrem al foc\xa010 minuts més.', 'Un cop tot cuit, posem les verdures en un recipient per turbinar-les. Hi afegim una mica del líquid\xa0de la cocció per aconseguir una textura que\xa0ens agradi. La resta del brou la reservem per si cal afegir-ne més.', 'Posem una mica de sal i pebre i turbinem.', 'Passem la crema a una gerreta.', 'Tallem una sardina fumada en 4 trossets i els col·loquem en un\xa0plat fondo.', 'Cobrim la sardina amb la crema. Si voleu, podeu treure els plats amb els trossets de sardina i cobrir-los amb la crema que hi ha a la gerreta davant dels comensals.', ""Per acabar, hi podeu posar una mica d'ametlla laminada, que hi\xa0donarà un toc cruixent."", '\xa0']","['Pèsols', 'Fumats']"
Crema de bròcoli amb rovell curat,https://www.3cat.cat/tv3/cuines/recepta/crema-de-brocoli-amb-rovell-curat/42417/,19,https://img.3cat.cat/multimedia/jpg/2/4/1701768712042_326.jpg,Baixa,Menys d'una hora,,"[""3 bròcolis1 l brou de porc80 g formatge pasta tova4 ous2 bitxos frescos1 cabeça d'allsColaturaOli OVEPebre negreSal"", '3 bròcolis', '1 l brou de porc', '80 g formatge pasta tova', '4 ous', '2 bitxos frescos', ""1 cabeça d'alls"", 'Colatura', 'Oli OVE', 'Pebre negre', 'Sal']","['Separem els 3 rovells de les clares.\xa0\xa0', 'Posem els rovells en un tàper que anirà a la nevera i els cobrim amb colatura. Si no tenim colatura ho podem fer amb salsa de soja.\xa0\xa0', 'Posem un paper sulfurat sobre els ous perquè no sobresurtin del líquid. Posem aquests ous a la nevera. Els deixem submergits en colatura una hora, sense que passi més temps.\xa0\xa0', 'Repelem les flors de 3 bròcolis\xa0i les reservem.\xa0\xa0\xa0', 'Tallem a bresa els troncs dels bròcolis.\xa0\xa0\xa0', 'Posem un full sulfurat damunt la safata del forn de manera que la cobreixi. Posem els troncs de bròcolis tallats a la safata.\xa0\xa0\xa0', ""Afegim 1 cabeça d'alls a la safata. També hi posem pebre negre i sal.\xa0"", ""Hi afegim un raig d'oli d'oliva.\xa0"", ""Coem el bròcoli al forn, a 180 ºC, durant 30'.\xa0"", 'Mentrestant, escalfem 1 litre de brou de porc.\xa0\xa0\xa0', 'Quan el brou ja bulli, aboquem al pot els bròcolis enfornats.\xa0\xa0', 'Deixem que bullin 20 minuts fent xup-xup.\xa0\xa0\xa0', ""Posem el bròcoli al got americà, hi afegim la carn de l'all escalivat i ho triturem.\xa0\xa0\xa0\xa0\xa0\xa0\xa0"", 'Hi afegim 80 g de formatge de pasta tova de cabra.\xa0', 'Ho triturem tot.\xa0', ""Mentrestant, saltem la part més tendra\xa0d'unes fulles de bròcoli i les\xa0 reservem.\xa0\xa0"", 'Després hi tirem el caviar de bròcoli, o sigui, les flors reservades.\xa0\xa0', 'Ho emplatem en un plat fondo\xa0amb la crema de bròcoli, el caviar, les fulles i, a sobre, 1 rovell curat.\xa0\xa0']","['Ous', 'Formatge', 'Oli', 'Bròcoli']"
Bacallà cruixent,https://www.3cat.cat/tv3/cuines/recepta/bacalla-cruixent/42658/,19,https://img.3cat.cat/multimedia/jpg/7/7/1708426394377_326.jpg,Baixa,Menys d'una hora,,"[""300 g de bacallà dessalat200 g de farina de blat de moro200 g de farina2 ous25 cl de cervesa negra250 ml d'aigua amb gasVi finoSal200 g de samfaina2 grans d'all60 g d'ametlles torrades60 g d'avellanes torrades100 ml d'oli OVE20 ml de vinagre de pomaCibuletOli OVE"", '300 g de bacallà dessalat', '200 g de farina de blat de moro', '200 g de farina', '2 ous', '25 cl de cervesa negra', ""250 ml d'aigua amb gas"", 'Vi fino', 'Sal', '200 g de samfaina', ""2 grans d'all"", ""60 g d'ametlles torrades"", ""60 g d'avellanes torrades"", ""100 ml d'oli OVE"", '20 ml de vinagre de poma', 'Cibulet', 'Oli OVE']","[""Comencem fent la pastina per a l'arrebossat.\xa0\xa0"", ""Posem en un bol fred 200 g de midó de blat de moro (si no teniu midó i teniu farina, també funciona), 200 g de farina fluixa, dos\xa0ous, sal, 25 cl de cervesa freda, un rajolí de vi fino i 250 ml d'aigua amb gas freda. Ho integrem amb la vareta manual fins que no tingui grumolls.\xa0\xa0"", 'Tapem aquesta massa i la guardem a la nevera.\xa0', ""En un vas batedor posem 60 g d'ametlla torrada, 60 g d'avellana torrada, dos grans d'all pelats, escalivats i temperats, 200 g de samfaina, sal i 50 ml d'oli OVE. Hi afegim 20 ml de vinagre de poma i ho turbinem fins que tingui una textura fina. Emulsionem la salsa amb 50 ml més d'oli OVE que hi anirem afegint de mica en mica mentre ho anem turbinant.\xa0"", 'Posem oli OVE a escalfar per fregir el bacallà.\xa0', 'Tallem 300 g de bacallà dessalat i eixut a daus.\xa0', 'Passem els daus de bacallà per una plata amb farina o més midó de blat de moro i després els submergim dins de la pastina que hem tret de la nevera.\xa0', ""Si l'oli està a 160º, hi anem tirant el bacallà per tandes i el fregim.\xa0"", 'Escorrem el bacallà amb paper absorbent.\xa0', ""N'enretirem el paper absorbent i el servim amb el romesco de samfaina.\xa0"", 'Hi tirem unes quantes puntes de cibulet.']","['Pebrots', 'Albergínies', 'Carbassó', 'Bacallà', 'Ceba', 'Ametlles', 'Avellanes']"
"Cruixent amb xocolata, oli i sal",https://www.3cat.cat/tv3/cuines/recepta/cruixent-amb-xocolata-oli-i-sal/42562/,19,https://img.3cat.cat/multimedia/jpg/0/3/1705575239430_326.jpg,Baixa,Més d'una hora,,"['50 g xocolata de cobertura200 ml nata per muntar1 culleradeta de sucre de vainilla40 g sucre125 g farina1/2 culleradeta de salEscates de salOli OVESèsam', '50 g xocolata de cobertura', '200 ml nata per muntar', '1 culleradeta de sucre de vainilla', '40 g sucre', '125 g farina', '1/2 culleradeta de sal', 'Escates de sal', 'Oli OVE', 'Sèsam']","[""Posem dins d'un pot 200 ml de nata del 35%, 1 culleradeta sucre de vainilla i 40 g de sucre. Ho escalfem tot."", 'Esmicolem 50 g de xocolata de cobertura. \xa0', 'Posem la xocolata esmicolada al got batedor i la nata ensucrada i calenta. Ho turbinem tot fins que tinguem una textura de ganache.', 'Posem la ganache en una carmanyola amb tapa, deixem que es temperi i la portem a la nevera, dues hores com a mínim.', 'Passat aquest temps, comencem a fer el pa cruixent. \xa0', ""Posem dins d'un bol 125 g de farina fluixa, 1 cullerada de sèsam i 1/2 culleradeta de sal."", 'Ho integrem.', ""Fem un volcà amb la barreja del bol i hi tirem 85 ml d'aigua al centre."", 'Ho pastem fins a obtenir una massa homogènia.', 'Tapem la massa amb un drap humit.', 'La deixem reposar a la nevera 30 minuts.', ""Passat aquest temps, rescatem la massa de la nevera i empolsinem una superfície per poder treballar la massa sense que se'ns enganxi."", 'Dividim la massa en 8 porcions i la posem en una safata. La tapem amb un drap humit i la deixem reposar 20 minuts, fora de la nevera.', 'Empolsinem la superfície amb farina i amb un corró anem aplanant les porcions de massa.', 'Ens ha de quedar molt fina.', 'Un cop tenim la massa aplanada, la posem en una paella que tindrem ben calenta al foc.', 'Courem el pa fins que tingui punts torrats, sol trigar entre 40 segons i un minut i mig.', ""Girem el pa i el cuinem per l'altre costat."", 'Un cop fet, el tapem amb un drap sec.', 'Repesquem la ganache de la nevera.', ""Muntem la ganache dins d'un bol fred de nevera, amb varetes elèctriques fins que n'obtinguem una textura cremosa"", 'Posem la ganache a una mànega pastissera.', 'Muntem el plat escampant la ganache sobre les torrades de pa cruixent. \xa0', ""Servim amb un polsim de sèsam, unes escates de sal i un raig d'oli OVE.""]","['Farina de blat', 'Xocolata', 'Sucre', ""Oli d'oliva verge extra""]"
Biquini de peus de porc,https://www.3cat.cat/tv3/cuines/recepta/biquini-de-peus-de-porc/42497/,19,https://img.3cat.cat/multimedia/jpg/9/6/1704806362669_326.jpg,Baixa,Més d'una hora,,"[""3 peus de porcPa focaccia150 g formatgeTomàquet sec1 ceba de Figueres1 pastanaga1 porro6 claus d'olorMantega1 ouRave rusticàOliSal10 boles de pebre negreLlorerMidó de blat de moro"", '3 peus de porc', 'Pa focaccia', '150 g formatge', 'Tomàquet sec', '1 ceba de Figueres', '1 pastanaga', '1 porro', ""6 claus d'olor"", 'Mantega', '1 ou', 'Rave rusticà', 'Oli', 'Sal', '10 boles de pebre negre', 'Llorer', 'Midó de blat de moro']","['Socarrimem amb bufador 3 peus de porc ja partits.\xa0', 'Posem els peus de porc en un bol amb aigua, 10% de sal i gel. Ho deixem dessagnant-se durant 2 hores.\xa0\xa0', ""Un cop hagin passat 2 hores, ja podem bullir els peus de porc. A part dels peus de porc, afegim en una olla de pressió una pastanaga pelada, que tallem a bresa. També hi incorporem un porro ja net, que tallem a bresa. Posteriorment, una ceba de Figueres ja pelada en què hi punxem 6 claus d'olor. Ho acabem amb 10 boles de pebre que aixafem, una fulla de llorer i aigua fins a cobrir-ho tot. Ho tapem i ho posem a bullir, i quan emeti un so l'olla, abaixarem el foc i ho courem durant 50 minuts.\xa0\xa0"", ""Un cop tinguem els peus cuits, els deixarem temperant-se i comencem a treure'ls els ossos que hi pugui haver.\xa0\xa0"", 'Aprofitem el brou dels peus de porc, el colem i el deixem al foc.\xa0\xa0', 'Un cop tinguem tots els peus desossats, els afegim en un motlle i els posem una mica de pebre. Ho remenem, ho premsem i els deixem a la nevera durant 3 hores.\xa0\xa0', ""Comencem a preparar la maionesa. En un got batedor hi posem 1 ou, un tros de rave rusticà net que ratllem i oli d'oliva verge extra. Ho emulsionem tot.\xa0\xa0"", 'De la terrina de peus de porc en tallem 2 cm i ho enfarinem amb midó de blat de moro.\xa0\xa0', ""Afegim a una paella ben calenta una mica d'oli i una porció de la terrina enfarinada. Marquem fins que ens faci crosta i ho girem perquè es marqui banda i banda.\xa0"", 'Comencem a muntar el biquini amb una ració de focaccia, els peus marcats i una porció de formatge.\xa0', ""Tallem tomàquet sec i n'afegim.\xa0\xa0"", 'Untem amb mantega cada llesca del pa.\xa0', 'Posem a la paella on hem fet els peus de porc el biquini i marquem a foc mitjà fins que el formatge es fongui.\xa0\xa0', ""Quan el formatge s'ha fos, girem i marquem per l'altra banda.\xa0\xa0"", 'Emplatem el biquini i el tallem a triangles. Hi afegim per damunt la maionesa que hem fet i la reducció de peu de porc.\xa0\xa0']","['Ous', 'Tomàquets', 'Ceba', 'Porro', 'Pastanagues', 'Porc', 'Mantega', 'Formatge', 'Llorer', 'Pebre negre', 'Api-rave']"
Llesques amb botifarra d'ou,https://www.3cat.cat/tv3/cuines/recepta/llesques-amb-botifarra-dou/42616/,19,https://img.3cat.cat/multimedia/jpg/8/2/1706184027828_326.jpg,Baixa,Menys de 10 minuts,,"[""1 botifarra d'ou6 tomàquets secs en oli4 tomacons30 g avellanes torradesMostassa de DijonCanongesTorradesOli d'oliva verge extraSal"", ""1 botifarra d'ou"", '6 tomàquets secs en oli', '4 tomacons', '30 g avellanes torrades', 'Mostassa de Dijon', 'Canonges', 'Torrades', ""Oli d'oliva verge extra"", 'Sal', '', '']","['Per fer la salsa, comencem ratllant\xa0els tomacons sobre un bol i els turbinem amb els tomàquets secs en oli,\xa0una mica\xa0de mostassa i les avellanes. Si veien que la salsa us queda massa líquida, podeu afegir-hi\xa0més avellanes.', ""Tallem la botifarra d'ou a rodanxes. Si voleu, podeu treure-li la pell abans."", 'Freguem all a\xa0les torrades.\xa0', 'Untem les llesques amb la pasta de tomàquet que tenim reservada.\xa0', 'Posem les rodanxes de botifarra sobre les llesques. A sobre, hi posem uns canonges i ho amanim amb oli i sal, com un pa amb tomàquet.']","['Tomàquets', 'Porc', 'Avellanes']"
Gofres amb salsa de iogurt i festuc,https://www.3cat.cat/tv3/cuines/recepta/gofres-amb-salsa-de-iogurt-i-festuc/42359/,21,https://img.3cat.cat/multimedia/jpg/7/8/1701252390987_326.jpg,Baixa,Menys d'una hora,Vegetariana,"[""Per a la massa400 ml crème fraîche200 g de farina fluixa90 ml de llet60 g de mantega40 g de sucre8 g d'impulsor químic2 ous1 culleradeta de bicarbonat1 culleradeta de salPer a la salsa200 g de torró de iogurt amb festuc100 g de formatge d'untar80 ml\xa0de llet de coco20 g de festucs"", 'Per a la massa', '400 ml crème fraîche', '200 g de farina fluixa', '90 ml de llet', '60 g de mantega', '40 g de sucre', ""8 g d'impulsor químic"", '2 ous', '1 culleradeta de bicarbonat', '1 culleradeta de sal', '', 'Per a la salsa', '200 g de torró de iogurt amb festuc', ""100 g de formatge d'untar"", '80 ml\xa0de llet de coco', '20 g de festucs']","['Posem un pot al foc i hi desfem x g de mantega. Reservem la mantega fosa dins el mateix pot.\xa0', ""Comencem a fer la salsa tallant a trossos 200 g de torró de iogurt amb festuc. L'aboquem a un got batedor.\xa0"", ""Afegim al got batedor 80 ml de llet de coco, 100 g de crema de formatge. Triturem amb el braç elèctric fins a tenir una textura de crema densa. Reservem dins d'un biberó per poder-la repartir millor per sobre les gofres.\xa0"", 'Fem la pastina de les gofres escalfant fins als 40 graus 400 ml de crème fraîche. Mentrestant, aboquem la mantega fosa i temperada en un bol.\xa0', ""Afegim al bol un parell d'ous que trenquem i ho batem lleugerament amb una vareta manual. A continuació, hi aboquem 90 ml llet i completem amb la crème fraîche ja calenta. Barregem bé amb la vareta manual.\xa0"", ""Afegim els sòlids a la pastina: 40 g de sucre, 8 g d'impulsor químic, una culleradeta de sal i hi tamisem 200 g de farina. Anem integrant-ho tot amb l'ajuda de la vareta manual fins a tenir una pastina suau i sense grumolls.\xa0"", 'Passem la pastina a un biberó i ho portem a la nevera per a que hi reposi durant 30 minuts.\xa0', 'Escalfem la gofrera. Mentrestant, sacsegem el biberó per a unificar bé la pastina. Obrim la gofrera i hi repartim la pastina per tots els espais. Tanquem i coem durant 12 minuts.\xa0', 'Reservem i temperem les gofres cuites en un plat.\xa0', 'Les servim repartint-hi la salsa de iogurt i festuc per damunt. Acabem repartint 20 g de festucs pelats que piquem lleugerament. I ja ho tenim llest per menjar.\xa0\xa0\xa0']","['Coco', 'Farina de blat', 'Iogurt', 'Festucs']"
Còctel de gambes,https://www.3cat.cat/tv3/cuines/recepta/coctel-de-gambes/42157/,21,https://img.3cat.cat/multimedia/jpg/4/7/1698671168874_326.jpg,Baixa,Més d'una hora,,"[""30 gambes mitjanes2 cabdells d'enciam350 ml oli OVE1 llima1 poma Granny Smith1 ou1 taronjavinagre de XerèsSalMostassa antigaPebre vermell fumat dolç"", '30 gambes mitjanes', ""2 cabdells d'enciam"", '350 ml oli OVE', '1 llima', '1 poma Granny Smith', '1 ou', '1 taronja', 'vinagre de Xerès', 'Sal', 'Mostassa antiga', 'Pebre vermell fumat dolç']","['Comencem fent un oli de gambes. Pelem les gambes i en reservem cloves i cues. Els traiem també els budells.\xa0 \xa0', 'Deixem les cues de gamba en una carmanyola i la deixem a la nevera.\xa0\xa0', 'Els caps i les cloves els portem a una safata de forn amb paper sulfurat a la base i ho torrem tot 10 minuts a 160 graus. \xa0', 'Passat aquest temps, traiem els caps i les cloves del forn i les\xa0aixafem amb cura amb un morter.\xa0', ""Cobrim aquestes cloves amb 350 ml d'oli OVE i les escalfem\xa020 minuts. No podem deixar que arribin als 80 graus. Un cop hagin estat al foc uns 20 minuts, ho deixarem reposar una hora, com a mínim.\xa0\xa0"", ""Passat aquest temps, podem colar l'oli i guardar-lo. Com que no el farem servir tot, el deixem en un pot de vidre. \xa0"", 'Posem una olla amb aigua i sal a escalfar i preparem un bol amb aigua i sal amb gel.\xa0\xa0', ""Tirem les cues de gamba a l'aigua bullint 20 segons. Passat aquest temps, les rescatem i les portem al bol amb aigua i gel.\xa0\xa0"", ""Després d'uns segons, les traiem de l'aigua freda i les eixuguem.\xa0\xa0"", 'Les tallem a mida macedònia i les\xa0posem en un bol.\xa0', 'Pelem i tallem a trossets petits una poma Granny Smith. La\xa0posem al mateix bol on hi ha la gamba.\xa0', ""Ratllem la pell d'una taronja dins d'un got batedor.\xa0\xa0"", 'La resta de la taronja, la pelem a sang, eliminant-ne tota la part blanca i les membranes que hi ha entre els grills.\xa0\xa0', 'Tallem la taronja a talls petits i la deixem amb la poma i la gamba. \xa0', ""Al bol on ja tenim la ratlladura de taronja hi posem 1 ou, una mica de pebre vermell fumat dolç, una mica de sal, unes gotes de Xerès i ho turbinem tot mentre hi afegim l'oli de gambes.\xa0"", 'Afegim aquesta salsa maionesa amb gust de gambes al bol amb la poma, la taronja i la gamba i ho integrem tot.\xa0', ""Separem les fulles més grosses de 2 cabdells d'enciam nets. En necessitarem 4 per a cada còctel.\xa0"", ""Tallem ben menuts els cors dels cabdells d'enciam. Integrem aquest enciam al bol de les gambes. \xa0"", 'Pintem amb mostassa antiga la part blanca de les fulles grosses dels cabdells.\xa0', ""Muntem els còctels amb les 4 fulles a l'exterior i el contingut del bol a l'interior. Ratllem una mica de pell de llima per sobre.\xa0""]","['Enciams', 'Pomes', 'Llima', 'Gamba vermella']"
Copa de xocolata i nata,https://www.3cat.cat/tv3/cuines/recepta/copa-de-xocolata-i-nata/42358/,21,https://img.3cat.cat/multimedia/jpg/9/6/1701251659069_326.jpg,Baixa,Menys d'una hora,Vegetariana,"[""450 g moniatos ja cuits220 ml beguda d'ametlla200 ml nata 35% MG100 g xocolata negra per fondre3 cullerades de llet condensada2 cullerades de cacau en polsRaig de romMenta fresca"", '450 g moniatos ja cuits', ""220 ml beguda d'ametlla"", '200 ml nata 35% MG', '100 g xocolata negra per fondre', '3 cullerades de llet condensada', '2 cullerades de cacau en pols', 'Raig de rom', 'Menta fresca']","['Coem al forn 450 g de moniatos. Un cop freds, els pelem i tallem a trossos grossos.\xa0', ""Aboquem al got batedor els moniatos tallats, hi afegim dues cullerades de llet condensada,\xa0 220 ml de llet d'ametlla, 2 cullerades de cacau en pols, un raig de rom i ho turbinem fins a tenir una textura de crema.\xa0"", 'Agafem, maltallem i posem en un bol que pugui anar al microones 100 g de xocolata negra per fondre. Portem el bol al microones i desfem la xocolata durant 2 minuts a 800 watts.\xa0', 'Afegim la xocolata desfeta a la crema i ho turbinem de nou per integrar-ho bé. Ho reservem un moment.\xa0', 'Muntem amb varetes elèctriques 200 ml de nata del 35% MG.\xa0', 'Acabem distribuint la crema de xocolata en gots o copes i acabant amb unes cullerades de nata muntada per sobre. Ho decorem amb unes fulletes de menta.']","['Nata', 'Xocolata', 'Ametlles']"
Milfulls de salmó,https://www.3cat.cat/tv3/cuines/recepta/milfulls-de-salmo/42056/,21,https://img.3cat.cat/multimedia/jpg/6/1/1697808439716_326.jpg,Baixa,Menys de 30 minuts,,"['260 g de salmó fumat Royal240 g de foie semicuit125 g de mantega amb sal2 cebes tendres1 poma Granny Smith1 alvocat1 llimonaSucre', '260 g de salmó fumat Royal', '240 g de foie semicuit', '125 g de mantega amb sal', '2 cebes tendres', '1 poma Granny Smith', '1 alvocat', '1 llimona', 'Sucre']","[""Per fer la crema de ceba tendra, posem en un pot amb aigua ja salada dues cebes tendres que haurem tallat a mida de jardinera. La bullim durant 20 minuts. Eixuguem la ceba cuita i l'enfornem 10' a 180º. Triturem la ceba desenfornada. Un cop la tinguem com una pasteta, l'emulsionem amb la mantega salada que ja haurem fos. No pot ser gaire calenta, perquè, si no, es pot negar."", ""Per fer el milfulls, tallem la poma a quarts i la laminem amb la mandolina. La reservarem en un remull d'aigua, gel i suc de llimona, fins que la fem servir per a l'emplatat."", ""Agafem un motlle de 12 x 6 x 4,5. A la base hi posem una capa de talls de poma que haurem eixugat. A sobre, hi posem una capa de talls de foie semicuit, una capa d'alvocat que també haurem laminat, una capa de talls de salmó fumat, una capa d'alvocat, una capa de foie i una última capa de poma. Empolsinem el capdamunt amb sucre i el cremem lleugerament amb un bufador. Fem la mateixa operació amb tres motlles més."", ""Emplatem el motlle en el plat final. El desemmotllem amb cura. L'acompanyarem d'una cullerada de crema de ceba tendra.""]","['Pomes', 'Salmó', 'Fumats', 'Alvocat', 'Foie']"
Gall dindi amb espinacs,https://www.3cat.cat/tv3/cuines/recepta/gall-dindi-amb-espinacs/42176/,21,https://img.3cat.cat/multimedia/jpg/2/8/1698921359582_326.jpg,,Menys d'una hora,,"[""4 pits de gall dindi8 orellanes300 g espinacs baby1 gra d'allOli OVESalPebre200 ml crème fraîche200 ml brou de pollastre2 cebes tendresBrandi"", '4 pits de gall dindi', '8 orellanes', '300 g espinacs baby', ""1 gra d'all"", 'Oli OVE', 'Sal', 'Pebre', '200 ml crème fraîche', '200 ml brou de pollastre', '2 cebes tendres', 'Brandi']","[""Posem una paella al foc i hi tirem un raig generós d'oli OVE; un cop calent, hi afegim un 1 gra d'all pelat i laminat. L'enrossim. \xa0"", ""Posem 250 grams d'espinacs baby nets a la paella amb l'all. En guardem unes fulles sense coure per a l'emplatat final. Amb 50 g en tenim prou. \xa0"", 'Ho coem a foc viu dos minuts. \xa0', 'Mentrestant, tallem en dos, a mode de llibret, 8 orellanes.', ""Fem talls longitudinals a 4 pits de gall dindi. Farcim un dels talls amb els espinacs cuits i l'altre tall, amb les orellanes. \xa0"", 'Lliguem els pits amb un cordill i els donem forma de tall rodó. \xa0', 'Salpebrem els pits. \xa0', ""Encenem el foc i a la paella on hi teníem els espinacs, si cal, hi afegim una mica d'oli OVE i hi marquem els pits farcits. \xa0"", 'En un altre fogó, posem a escalfar 200 ml de brou de pollastre.', 'Mentrestant, tallem a rodelles de mitja lluna 2 cebes tendres.', 'Un cop marcats els pits, els traiem de la paella i els reservem. Tirem les cebes a la paella i les sofregim 8 minuts amb el foc mitjà-alt i la paella mig tapada. \xa0', 'Afegim a la paella 200 ml de crème fraîche, i els 200 ml de brou calent. Hi posem els pits lligats. \xa0', 'Ho integrem tot. Deixem que cogui 5 minuts a foc baix.', ""Els servim amb una fulla d'espinac crua.""]",
Polvorons variats,https://www.3cat.cat/tv3/cuines/recepta/polvorons-variats/42316/,21,https://img.3cat.cat/multimedia/jpg/4/2/1700484691524_326.jpg,Baixa,Més d'una hora,,"[""320 g farina de blat80 g farina d'ametlla80 g mantega80 g llard de porc4 g bicarbonat100 g sucre llustre8 g cacau en pols20 g coco ratllat"", '320 g farina de blat', ""80 g farina d'ametlla"", '80 g mantega', '80 g llard de porc', '4 g bicarbonat', '100 g sucre llustre', '8 g cacau en pols', '20 g coco ratllat']","[""Posem 320 g de farina de blat i 80 g d'ametlla molta en un bol i ho barregem bé.\xa0\xa0"", 'Ho tamisem sobre una safata de forn i ho escampem.\xa0', 'Ho portem al forn 20 minuts a 150º a dalt i a baix i sense ventilador. Quan hagin passat 10 minuts, barrejarem una mica les farines perquè es coguin de manera uniforme.\xa0\xa0', 'Passat aquest temps, traiem les farines del forn i deixem que es refredin.\xa0 \xa0', 'Posem dins un pot i al foc 80 g de mantega i 80 g de llard de porc.\xa0', 'Ho coem al mínim durant 5 minuts, fins que el sèrum se separi del greix.\xa0\xa0', ""Quan el sèrum i el greix s'hagin separat, retirem el pot inox del foc. Amb una escumadora o un colador petit, retirem les impureses. \xa0"", 'En un pot anem decantant el greix líquid sense que caigui el sèrum ni les proteïnes sòlides que han quedat a la part inferior del pot. Ens haurien de quedar uns 220 g de greix clarificat.\xa0', 'Ajuntem la mantega clarificada amb les farines torrades. Afegim 4 g de\xa0 bicarbonat i 100 g de sucre llustre.\xa0', 'Ho integrem tot amb una llengua durant 10 minuts.\xa0', 'Separem la massa en 3 parts i la posem en\xa03 bols diferents.\xa0', 'Al primer bol li afegim 8 g de cacau en pols i ho integrem. \xa0', 'Tapem aquesta massa amb un drap humit.\xa0', 'Al bol 2, li tirem 20 g de coco ratllat. Ho integrem i també ho tapem amb un drap humit.\xa0\xa0', 'No afegirem res al tercer bol, però també el taparem amb un drap humit.\xa0', 'Portem els bols a la nevera i els hi deixem 15 minuts.\xa0', 'Passat aquest temps,\xa0 estirem les masses entre dos papers sulfurats.\xa0\xa0', 'Haurien de quedar amb un centímetre de gruix.\xa0', 'Deixem les masses estirades a la nevera 20 minuts més.\xa0\xa0', 'Passat aquest temps, tallem les masses amb un tallapastes.\xa0', 'Deixem els polvorons a la safata de forn amb un paper de forn al fons.\xa0', ""Portem els polvorons al forn 7' a 210º sense ventilador. \xa0"", 'Agafem els polvorons amb sucre llustre i els emboliquem abans de guardar-los.\xa0\xa0']",
Blinis amb gules,https://www.3cat.cat/tv3/cuines/recepta/blinis-amb-gules/42361/,21,https://img.3cat.cat/multimedia/jpg/5/7/1701257787875_326.jpg,Baixa,Menys de 30 minuts,,"[""12 blinis100 g de Gula del Norte100 g mantega amb sal2 grans d'all1 culleradeta de bitxo piri-piri1 culleradeta de pebre vermell dolç fumatPorradellOli OVESal"", '12 blinis', '100 g de Gula del Norte', '100 g mantega amb sal', ""2 grans d'all"", '1 culleradeta de bitxo piri-piri', '1 culleradeta de pebre vermell dolç fumat', 'Porradell', 'Oli OVE', 'Sal']","['Fem una mantega especiada pesant 100 g de mantega amb sal i deixant-la temperar fins que tingui una textura de pomada.\xa0', 'Aboquem la mantega en un bol i hi afegim 1 culleradeta de bitxo piri-piri i 1 culleradeta de pebre vermell fumat dolç. Ho barregem bé amb una forquilla o una llengua pastissera i ho reservem.\xa0', ""Posem a escalfar una paella amb un raig d'oli OVE. Mentre s'escalfa, pelem i laminem 2 grans d'all.\xa0"", 'Afegim a la paella els alls laminats i els fem ballar evitant que agafin massa color.\xa0', 'Aboquem a la paella 100 g de Gula del Norte i ho saltem durant un parell de minuts. Retirem la paella del foc.\xa0', 'Agafem 12 blinis de mida petita i els muntem de la següent manera. Untem cada blini amb una mica de mantega especiada. A continuació hi distribuïm les gules saltades i els acabem amb una mica de porradell picat petit. I ja tenim aquest aperitiu a punt per menjar.']","['All', 'Gules i surimis', 'Mantega', 'Pebre vermell fumat']"
Éclair amb cremós de llimona i salmó,https://www.3cat.cat/tv3/cuines/recepta/eclair-amb-cremos-de-llimona-i-salmo/42156/,21,https://img.3cat.cat/multimedia/jpg/1/2/1698670898521_326.jpg,Mitjana,Més d'una hora,,"[""Per a l'éclair120 ml llet sencera70 g farina de blat60 g mantega3 ousSalPer al cremós de llimona100 g salmó Royal100 g mascarpone60 g iogurt grec4 bitxos envinagrats3 escalunyes2 tomàquets secs1 llimonaPorradellCaviar cítricAnetPer pintar l'éclair1 rovell d'ou1 cullerada d'aigua"", ""Per a l'éclair"", '120 ml llet sencera', '70 g farina de blat', '60 g mantega', '3 ous', 'Sal', '', 'Per al cremós de llimona', '100 g salmó Royal', '100 g mascarpone', '60 g iogurt grec', '4 bitxos envinagrats', '3 escalunyes', '2 tomàquets secs', '1 llimona', 'Porradell', 'Caviar cítric', 'Anet', '', ""Per pintar l'éclair"", ""1 rovell d'ou"", ""1 cullerada d'aigua""]","['Comencem fent la pasta choux: posem a escalfar 120 ml de llet sencera amb 60 g de mantega i un pessic de sal. Ho portem a ebullició\xa0', 'Mentrestant, podem tamisar 70 g de farina de blat. Batem 3 ous. Si la llet ja està bullint, hi tirem la farina de cop i ho barregem amb unes varetes manuals primer i amb una cullera de fusta, després.\xa0', 'Quan la farina ja està integrada, hi tirem, de mica en mica i a tandes, els ous batuts.\xa0', 'Integrem els ous amb la cullera de fusta.\xa0\xa0', ""Un cop els ous estan integrats, portem aquesta massa a una mànega pastissera amb boca en forma d'estrella de 12 mm.\xa0"", ""Portem la mànega pastissera a la nevera un mínim de 10 minuts. Separem la clara i el rovell d'un ou. Guardem la clara per a una altra recepta. Barregem el rovell amb un pessic de sal i una cullerada d'aigua.\xa0"", ""Preparem una safata de forn amb un full de paper sulfurat per escampar la pasta choux dels éclairs. Si no volem que el paper de forn se'ns desenganxi quan hi posem la pasta choux, podem fer servir una mica de pasta de choux de cola d'enganxar. És a dir, a la part que tocarà la massa de forn, hi posem cinc puntets de pasta choux, un a cada cantonada i un altre al centre. Girem el full i l'enganxem amb la base de la safata.\xa0\xa0"", 'Després, amb la mànega pastissera comencem a escudellar la pasta choux en 8 éclairs de 12 cm de llarg, aproximadament. Podem fer servir unes tisores per tallar la pasta quan fa 12 cm.\xa0', 'Pintem cada éclair amb rovell barrejat amb aigua.\xa0', 'Enfornem els éclairs a190º amb escalfor a dalt i a baix, sense ventilador, 25 minuts.\xa0\xa0', 'Com que es condensarà molta humitat al forn i no la volem, el que podem fer és obrir la porta del forn quan portin 10 minuts de cocció i posar una cullera entre la porta i el forn perquè no es tanqui. La idea és enfornar a la mateixa temperatura, però amb la porta una mica oberta, així el vapor es podrà escapar i la cocció serà més seca.\xa0', 'Passat el temps de cocció, traiem els éclairs del forn i els posem en una reixeta perquè es temperin.\xa0\xa0', 'Mentrestant, podem fer el farciment. Tallem a microbrunesa 3 escalunyes; 4 bitxos envinagrats, als quals hem tret les llavors; 2 tomàquets secs partits per la meitat i una mica de porradell.\xa0\xa0', 'Posem tots aquests vegetals en un bol.\xa0\xa0\xa0', 'Barregem al mateix bol 100 g de mascarpone i 60 g de iogurt grec. Ratllem una pell de llimona.\xa0\xa0\xa0', 'Ho integrem bé i ho posem en una mànega pastissera.\xa0', 'Obrim els éclairs longitudinalment i els farcim amb la barreja de làctics i vegetals.\xa0', ""Posem dins de cada éclair unes tires tallades de salmó fumat Royal. Acabem el plat amb unes fulles d'anet i una mica de caviar cítric o ous de peix.\xa0""]","['Ous', 'Llimona', 'Salmó', 'Farina', 'Iogurt', 'Formatge', 'Llet']"
Tempura de pop amb patates,https://www.3cat.cat/tv3/cuines/recepta/tempura-de-pop-amb-patates/42357/,21,https://img.3cat.cat/multimedia/jpg/7/9/1701251268497_326.jpg,Baixa,Menys de 30 minuts,,"[""4 potes de pop ja cuit200 ml cervesa200 ml vi blanc100 g farina de blat100 g de midó de blat de moro4 patates mitjanes monalisa8 g d'impulsor químic1 llimona1 cullerada pebre vermell picant1 culleradeta de comíOli OVEPebre negreSal"", '4 potes de pop ja cuit', '200 ml cervesa', '200 ml vi blanc', '100 g farina de blat', '100 g de midó de blat de moro', '4 patates mitjanes monalisa', ""8 g d'impulsor químic"", '1 llimona', '1 cullerada pebre vermell picant', '1 culleradeta de comí', 'Oli OVE', 'Pebre negre', 'Sal']","[""Comencem fent la tempura barrejant en un bol 100 g de farina de blat, 100 g de midó de blat de moro i 8 g d'impulsor químic. Ho integrem bé amb una vareta i l'acabem barrejant-hi a poc a poc 200 ml de cervesa ben freda fins que quedi una pasta sense grumolls. Un cop llesta, tapem el bol amb un plat i ho reservem a la nevera.\xa0"", ""Fem la salsa que acompanyarà el pop escalfant en un pot\xa0 200 ml de vi blanc. Un cop l'alcohol s'ha evaporat, ho aboquem en un pot de vidre que puguem tapar bé. Hi afegim una culleradeta de comí en pols, 1 culleradeta de pebre vermell picant dolç, i acabem amb el suc d'una llimona. Tapem el pot, ho sacsegem bé i ho deixem reposar.\xa0"", 'Mentre escalfem una paella amb oli OVE, laminem ben fines, si pot ser amb una mandolina, 4 patates monalisa de mida mitjana, ben netes.\xa0', ""Un cop l'oli està calent, fregim les patates per tandes perquè quedin ben separades. Un cop fregides, les passem a un plat amb paper absorbent per treure'n l'excés d'oli. Al cap d'uns minuts traiem el paper, les salpebrem i ho reservem.\xa0"", 'Abaixem el foc de la paella i preparem per fregir el pop. Preparem un plat amb farina, traiem la tempura de la nevera i la barregem amb una vareta.\xa0', 'Agafem un tros de pop cuit que tenim a temperatura ambient i el passem primer per farina, després per la tempura i el fregim a la mateixa paella de les patates. El coem fins que la tempura agafa un color daurat. Ho reservem en un plat amb paper absorbent uns minuts.\xa0', 'Ho servim posant en una safata el pop, ho acompanyem amb les patates i un bol amb la salsa. I llest per gaudir-ne.\xa0', '\xa0']","['Patates', 'Farina de blat', 'Pop']"
Galetes daneses,https://www.3cat.cat/tv3/cuines/recepta/galetes-daneses/42276/,21,https://img.3cat.cat/multimedia/jpg/1/5/1700130350051_326.jpg,Baixa,Menys d'una hora,,"[""250 g farina de blat150 g mantega110 g sucre1 culleradeta d'impulsor1/2 préssec en almívar1 ouAroma de vainillaAmetlla a bocinsEscates de salSal"", '250 g farina de blat', '150 g mantega', '110 g sucre', ""1 culleradeta d'impulsor"", '1/2 préssec en almívar', '1 ou', 'Aroma de vainilla', 'Ametlla a bocins', 'Escates de sal', 'Sal']","[""Posem, en un bol, el sucre i el rovell d'ou. Ho integrem.\xa0"", ""Hi afegim dues gotes d'aroma de vainilla, un pessic de sal\xa0i la mantega tallada a dauets. Si la mantega l'hem tret una estona abans de la nevera, la tindrem amb una textura semblant a una pomada i serà més fàcil d'incorporar. Ho integrem."", ""Tamisem, al bol, la farina juntament amb l'impulsor. Ho integrem.\xa0"", ""Un cop tinguem la massa homogènia, tenim dues opcions, segons si fem la forma amb motlle tallador, o si ho fem amb mànega pastissera. En cas de fer-ho amb mànega, podrem jugar més amb les formes: posaríem la massa a la mànega (amb un broquet d'estrella ja col·locat a la punta) i la deixaríem reposar a temperatura ambient durant 30 minuts. Si fem servir motlles, ens assegurem\xa0formes més perfilades: col·locaríem la massa entre dos papers sulfurats, i l'estiraríem amb un gruix de menys d'un dit. Un cop aplanada, la guardaríem 30 minuts, però aquest cop a la nevera perquè el repòs en aquest cas ha de ser en fred per poder manipular la massa amb el tallador.\xa0"", 'Passat aquest temps, si ho fem amb motlles, separem primer la massa dels dos sulfurats i ja podem tallar les galetes i anar-les deixant en\xa0una plata de forn amb una làmina de silicona perforada. Si no en teniu, podeu fer servir paper sulfurat. Si feu servir mànega, feu formes amb la mànega: en forma de muntanyeta, de ""s"" o del que vulgueu. Podeu afegir bocins de préssec en almívar en unes, escates de sal en altres, i bocins d\'ametlla en altres.\xa0', 'Les enfornem 10 minuts a 200\u202f°C.']","['Ous', 'Farina de blat', 'Mantega', 'Sucre']"
Crema de moniato i pastanaga,https://www.3cat.cat/tv3/cuines/recepta/crema-de-moniato-i-pastanaga/42259/,21,https://img.3cat.cat/multimedia/jpg/0/3/1700056381630_326.jpg,Baixa,Més d'una hora,Vegetariana,"[""1 moniato (300 g)6 pastanagues (250 g)2 grans d'all1 branca de romaní12 perles de mozzarella500 ml de brou vegetal25 g de sucre15 g de pipes de carbassa15 g de festucs torratsCibuletOli OVEVi blancSalPebre"", '1 moniato (300 g)', '6 pastanagues (250 g)', ""2 grans d'all"", '1 branca de romaní', '12 perles de mozzarella', '500 ml de brou vegetal', '25 g de sucre', '15 g de pipes de carbassa', '15 g de festucs torrats', 'Cibulet', 'Oli OVE', 'Vi blanc', 'Sal', 'Pebre']","[""Posem en una safata un moniato, dos grans d'all amb pela, sis pastanagues, una branca de romaní i un raig de vi blanc, i ho tapem. Ho enfornem durant 45 minuts a 180º."", 'Mentrestant, agafem mozzarella i la deixem oberta perquè es temperi.', 'Posem un pot al foc i hi aboquem 500 ml de brou vegetal que deixem escalfant-se.', 'Esclovellem 15 g de festucs torrats i els reservem.', ""Posem una paella al foc i hi afegim 25 g de sucre, 2 g de sal i 10 ml d'aigua. L'escalfem durant dos minuts fins que arribi a 121º."", 'Quan arribi a la temperatura, afegim a la paella els festucs esclovellats i 15 g de pipes de carbassa. Ho remenem fins que es cristal·litzin.', 'Quan veiem que el sucre agafa un to marronós, estirem en una làmina Silpat el contingut de la paella, ho empebrem, ho removem i ho deixem refredar.', ""Pelem el moniato rostit, el tallem de qualsevol manera i l'afegim al pot amb el brou. També hi aboquem els alls pelats i\xa0 les pastanagues rostides. Hi posem sal i pebre i ho triturem fins que en quedi una crema fina."", ""Emplatem la crema i hi afegim tres perles de mozzarella, ja temperada, per ració; també les pipes i els festucs caramel·litzats. Ho ruixem amb una mica d'oli i tallem un cibulet per donar-hi el toc final.""]","['All', 'Pastanagues', 'Romaní', 'Pipes de carabassa', 'Festucs']"
"Coca d'anxova, remolatxa i alvocat",https://www.3cat.cat/tv3/cuines/recepta/coca-danxova-remolatxa-i-alvocat/42360/,21,https://img.3cat.cat/multimedia/jpg/5/9/1701257496495_326.jpg,Baixa,Menys de 30 minuts,,"[""4 pans de coca individuals1 alvocat1 remolatxa12 lloms d'anxova2 tomàquets pera en conserva8 nous amb closca1 tomàquet de penjarVinagre balsàmicOli OVESal en escates"", '4 pans de coca individuals', '1 alvocat', '1 remolatxa', ""12 lloms d'anxova"", '2 tomàquets pera en conserva', '8 nous amb closca', '1 tomàquet de penjar', 'Vinagre balsàmic', 'Oli OVE', 'Sal en escates']","[""Comencem a fer la coca eixugant 2 tomàquets pera en conserva i traient-ne les llavors . A continuació, els tallem a concassé, o sigui, a daus petits. Els reservem en un bol amanint-los amb un raig d'oli OVE i un raig de vinagre balsàmic.\xa0"", 'Tallem per la meitat, i després a rodelles, una remolatxa cuita. La reservem en un plat.\xa0', 'Tallem per la meitat un alvocat, li traiem el pinyol, el pelem i també el tallem a rodelles. El reservem en un plat.\xa0', 'Muntem les 4 coques amb pans de coca individuals que podem torrar. Tallem per la meitat un tomàquet de penjar i el refreguem pels pans.\xa0\xa0', ""Muntem les coques posant-hi intercalades rodelles de remolatxa i d'alvocat. Repartim els tomàquets a dau per damunt. A continuació, posem 3 filets d'anxova en cada coca.\xa0"", 'Pelem i triturem lleugerament 8 nous amb closca. Les repartim per damunt les coques.\xa0', ""Acabem amb un raig d'oli OVE i unes escates de sal. I ja tenim les nostres coques llestes.\xa0""]","['Tomàquets', 'Anxoves', 'Alvocat', 'Remolatxa']"
Tortell de crema de torró,https://www.3cat.cat/tv3/cuines/recepta/tortell-de-crema-de-torro/42256/,21,https://img.3cat.cat/multimedia/jpg/2/9/1700053536992_326.jpg,Baixa,Més d'una hora,,"[""430 g farina de força300 g nata muntada250 g torró de crema cremada190 ml llet100 ml nata del 35%60 g mantega50 g sucre20 g llevat fresc3 ous1 llima1 taronjaLicor d'ametlla amargantAmetlla laminadaSal"", '430 g farina de força', '300 g nata muntada', '250 g torró de crema cremada', '190 ml llet', '100 ml nata del 35%', '60 g mantega', '50 g sucre', '20 g llevat fresc', '3 ous', '1 llima', '1 taronja', ""Licor d'ametlla amargant"", 'Ametlla laminada', 'Sal']","['Comencem fent un preferment: barregem 100 g de farina, 60 ml de llet tèbia i 5 g de llevat fresc, fins que ens quedi una pasta homogènia. Ho deixem reposar, a temperatura ambient i tapat, durant 2 hores. Passat aquest temps, ho durem a la nevera durant 12 hores.', 'Posem en una pastadora el preferment, 330 g de farina de força, 130 ml de llet, 15 g de llevat fresc, 50 g de sucre, 1 ou, i ratlladura de llima i de taronja. Ho encaixem a la pastadora i ho pastem durant 5 minuts.', 'Hi afegim 5 g de sal i continuem pastant-ho 5 minuts més.', 'Hi afegim 60 g de mantega, que haurem tallat a dauets, i ho pastem fins que quedi tot integrat.', 'Ho tapem amb un drap i ho deixem reposar durant 2 hores.', ""Passat aquest temps, fem una forma de cilindre circular amb la pasta. L'enfornem, amb el forn apagat, on ja hi haurem posat un recipient amb aigua bullint, de manera que ens deixi anar vapor d'aigua. Ho deixem en aquesta mena de fermentadora casolana durant 1 hora."", ""Pintem la part superior del tortell fermentat amb dos rovells d'ous que batrem una mica. Hi escampem també ametlla laminada per damunt. I ho enfornem durant 20' a 180 °C."", ""Per fer la crema de torró, turbinem torró de crema, nata del 35% i un rajolí de licor d'ametlla amargant. Un cop triturat, ho incorporem de mica en mica a la nata muntada fins que ho tinguem tot ben integrat. Ho ficarem en una mànega pastissera amb un broquet d'estrella, i amb aquesta crema de torró farcim l'interior del tortell cuit, que partirem pel mig."", 'A damunt de la crema hi ratllem una mica de torró de crema, i tapem el tortell amb la part de dalt.']","['Ous', 'Farina de blat', 'Mantega', 'Nata', 'Llet', 'Sucre']"
Braó amb salsa de mel i torró,https://www.3cat.cat/tv3/cuines/recepta/brao-amb-salsa-de-mel-i-torro/42356/,21,https://img.3cat.cat/multimedia/jpg/4/0/1701250787304_326.jpg,Baixa,Més d'una hora,,"[""2 braons de porc400 g d'escalunya150 g de torró Història cremós d'ametlla100 g d'ametlla marcona700 ml de brou de porc5 boles de ginebró1 cullerada de mel de romaní1 cullerada de mostassa DijonVi ranci De Muller secFarigola llimoneraOli OVEPebre negreSal"", '2 braons de porc', ""400 g d'escalunya"", ""150 g de torró Història cremós d'ametlla"", ""100 g d'ametlla marcona"", '700 ml de brou de porc', '5 boles de ginebró', '1 cullerada de mel de romaní', '1 cullerada de mostassa Dijon', 'Vi ranci De Muller sec', 'Farigola llimonera', 'Oli OVE', 'Pebre negre', 'Sal']","[""En un recipient gros hi barregem 100 g de sal per litre d'aigua i hi submergim 2 braons de porc. Tapem amb un plat i deixem els braons dins del bany de sal durant una hora.\xa0"", 'Traiem els braons del bany de sal i els eixugem bé amb paper absorbent. Els pebrem i reservem en una safata de forn fonda.\xa0', ""Escalfem 700 ml de brou de porc i l'aboquem sobre els braons. Afegim a la safata de forn unes boles de ginebró, un parell de branques de farigola fresca, un raig de vi ranci i enfornem durant 1 hora a 180 graus amb la funció ventilador. Quan faci mitja hora que és dins del forn, traurem les branques de farigola i anirem salsant els braons un parell de cops fins que acabi la cocció.\xa0"", 'Un cop fora del forn, reservem un parell de cullerots del suc de cocció en un got batedor.\xa0', ""Pelem 400 g d'escalunyes i les distribuïm per la safata on hi tenim els braons. Enfornem de nou 30 minuts a 180 graus amb funció ventilador. Salsem els braons un parell o tres de cops durant la cocció.\xa0"", ""Fem la salsa afegint al got batedor amb el suc de cocció, una cullerada de mostassa de Dijon, una cullerada de mel de romaní i 150 g de torró Història cremós d'ametlla que tallem a trossos. Afegim un raig de vi ranci i triturem fins tenir una textura de salsa densa.\xa0"", 'Traiem els braons del forn i pugem la temperatura del forn fins als 200 graus.\xa0', ""Salsem bé els braons amb la salsa turbinada. Repartim per la safata de forn 100 g d'ametlla marcona pelada.\xa0"", 'Tornem a enfornar durant 15 minuts a 22 graus amb la funció ventilador.\xa0\xa0', ""Desossem els braons i els servim acompanyats d'escalunyes, ametlles i suc de la cocció. Acabem amb unes fulles de farigola llimonera. I ja tenim a punt aquest plat de festa.\xa0""]","['Porc', 'Mel', 'Ametlles']"
Carpaccio de gamba,https://www.3cat.cat/tv3/cuines/recepta/carpaccio-de-gamba/42177/,21,https://img.3cat.cat/multimedia/jpg/3/8/1698921114583_326.jpg,Baixa,Menys de 10 minuts,,"[""40 gambes40 g cacauets torrats150 g gerds1 llima1 cullerada d'oli de cocoOli OVECoriandre frescSal en escates"", '40 gambes', '40 g cacauets torrats', '150 g gerds', '1 llima', ""1 cullerada d'oli de coco"", 'Oli OVE', 'Coriandre fresc', 'Sal en escates']","['Posem un paper sulfurat sobre la superfície de treball i el pintem amb oli. Anem deixant sobre el paper, i capiculades, 40 gambes pelades, descongelades i sense tripa. Posem un altre paper sulfurat a sobre.', ""Aixafem les gambes amb el cul d'un pot amb nansa. \xa0"", 'Reservem les gambes aixafades a la nevera. \xa0', ""Posem en un got batedor 150 g de gerds nets, el suc d'una llima, 1 cullerada d'oli de coco i una mica d'oli OVE."", 'Ho triturem fins a aconseguir una pasta.', 'Recuperem les gambes de la nevera. Els traiem el paper sulfurat amb cura. \xa0', 'Tallem amb el ganivet uns cacauets.', 'Ho emplatem. \xa0', 'Salem amb escates de sal. \xa0', 'Tirem per damunt una mica de vinagreta i un grapat petit de cacauets tallats. \xa0', 'Acabem el plat amb unes fulles de coriandre.']","['Fruita del bosc', 'Coco', 'Gamba vermella', 'Coriandre', 'Cacauets']"
Muffins de xocolata,https://www.3cat.cat/tv3/cuines/recepta/muffins-de-xocolata/42218/,23,https://img.3cat.cat/multimedia/jpg/3/4/1699957753143_326.jpg,Mitjana,Més d'una hora,,"['135 g farina fluixa100 g mantega100 g sucre70 g xocolata ""bitter"" amb avellanes10 g impulsor7 ousCacau en polsMelSal', '135 g farina fluixa', '100 g mantega', '100 g sucre', '70 g xocolata ""bitter"" amb avellanes', '10 g impulsor', '7 ous', 'Cacau en pols', 'Mel', 'Sal']","[""Fonem la mantega i, un cop fosa, l'aboquem a un got batedor, juntament amb la xocolata que haurem esmicolat. Amb la mateixa escalfor residual de la mantega, la xocolata s'anirà desfent."", 'Per fer la massa, posem en una pastadora quatre ous, tres rovells, el sucre, una cullerada de mel i un polsim de sal. Ho encaixem a la pastadora i ho muntem durant cinc minuts, a velocitat mitjana. Si no teniu pastadora, ho podeu fer a mà o amb varetes elèctriques i ho bateu fins que tingueu una base inflada, cremosa i amb una textura densa.', ""Afegim a la massa la farina tamisada i l'anem incorporant de mica en mica, sense perdre aire."", ""Turbinarem la xocolata que ja s'haurà fos amb la mantega i l'incorporem a la massa. La tapem i la deixem reposar durant dues hores."", ""Omplim els motlles de muffin fins a tres quartes parts de la seva capacitat, per donar espai per quan s'inflin."", 'Els enfornem a 210ºC, durant 8 minuts i mig.', 'Els acabem empolsinant-hi cacau en pols per damunt, un cop freds.']","['Ous', 'Farina de blat', 'Mantega', 'Xocolata', 'Mel', 'Avellanes']"
Nyoquis al pesto genovès,https://www.3cat.cat/tv3/cuines/recepta/nyoquis-al-pesto-genoves/42098/,23,https://img.3cat.cat/multimedia/jpg/6/0/1698231114506_326.jpg,Baixa,Més d'una hora,Vegetariana,"[""Per als nyoquis600 g de patata kennebec200 g de parmesà ratllat100 g de farina25 g de mantega2 ousUn tros de parmesàNou moscadaSèmola de blatSalPer al pesto genovès120 g d'oli OVEUn grapat d'alfàbrega fresca60 g de parmesà ratllat40 g de pinyons ibèrics torrats40 g de formatge pecorino ratllat2 grans d'allSal marina grossa"", 'Per als nyoquis', '600 g de patata kennebec', '200 g de parmesà ratllat', '100 g de farina', '25 g de mantega', '2 ous', 'Un tros de parmesà', 'Nou moscada', 'Sèmola de blat', 'Sal', '', 'Per al pesto genovès', ""120 g d'oli OVE"", ""Un grapat d'alfàbrega fresca"", '60 g de parmesà ratllat', '40 g de pinyons ibèrics torrats', '40 g de formatge pecorino ratllat', ""2 grans d'all"", 'Sal marina grossa']","['Escalfem aigua en una olla. Quan bull, afegim un grapat de sal i 600 g de patata kennebec amb pell. Les bullim durant 40 minuts o fins que, al punxar-les amb un ganivet, estiguin tendres.\xa0', 'Quan les patates estan cuites i una mica temperades, les pelem i passem per un passapuré.\xa0\xa0', ""Afegim al bol de les patates 2 rovells d'ou, 100 g de farina de blat, 200 g de formatge parmesà ratllat, X g de mantega pomada i una mica de nou moscada que ratllem. Ho integrem bé fins tenir una massa homogènia.\xa0"", 'Fem una bola amb la massa, la tapem i reposem a nevera durant 2 hores.\xa0', ""Formem els nyoquis empolsant la taula de treball amb una mica de sèmola. Agafem un tros de massa, en fem un tub, i anem tallant trossets d'uns 3 cm. En fem boletes i donem forma ajudant-nos d'una forquilla, un ratllador o una fusta especial per formar nyoquis.\xa0 Anem reservant els nyoquis formats en un plat amb sèmola de blat.\xa0"", 'Estenem els nyoquis en una safata, els tapem amb un drap de cotó i reservem a la nevera. En aquest punt es podrien congelar per tenir-ne sempre de fets i a punt per cuinar.\xa0', ""Escalfem una olla amb força aigua. Mentre arriba a ebullició, fem el pesto genovès. Mesurem 120 ml d'oli OVE. En un got batedor, afegim fulles d'un manat d'alfàbrega fresca en un got batedor, reservant-ne una mica per a l'emplatat. Afegim 2 grans d'all que pelem i en traiem el germinat. Afegim un grapat de sal gruixuda, X g de pinyons torrats i turbinem.\xa0"", ""Quan la barreja del got batedor comença a fer una pasta, emulsionem afegint a poc a poc l'oli OVE. Un cop tenim l'oli integrat acabem el pesto amb X g de parmesà ratllat i X g de formatge pecorino ratllat. Tornem a triturar fins a tenir-ho tot ben integrat. Ho reservem.\xa0"", ""Quan l'aigua de l'olla bull, hi afegim un grapat de sal i hi aboquem els nyoquis. Un cop comencen a surar, ja els tindrem cuits i els reservem en un bol.\xa0"", 'Aboquem la salsa sobre els nyoquis i ho barregem bé.\xa0', ""Servim una ració de nyoquis acabant el plat amb parmesà que ratllem i decorant amb fulletes d'alfàbrega fresca reservades.\xa0""]","['Patates', 'Formatge', 'Alfàbrega']"
Minestra gratinada,https://www.3cat.cat/tv3/cuines/recepta/minestra-gratinada/42257/,23,https://img.3cat.cat/multimedia/jpg/7/5/1700054725757_326.jpg,Baixa,Menys d'una hora,Vegetariana,"[""500 ml de brou de verdura300 g de mongeta tendra rodona150 g de mozzarella flor di latte120 g de cansalada amb pebre50 g de farina12 pastanagues baby16 cols de Brussel·les8 carxofes4 ous2 grans d'allOli d'olivaSal"", '500 ml de brou de verdura', '300 g de mongeta tendra rodona', '150 g de mozzarella flor di latte', '120 g de cansalada amb pebre', '50 g de farina', '12 pastanagues baby', '16 cols de Brussel·les', '8 carxofes', '4 ous', ""2 grans d'all"", ""Oli d'oliva"", 'Sal']","['Netegem vuit carxofes i les pelem. Les tallem a quarts i les reservem en un bol.', 'Deixem dues olles amb aigua escalfant-se a foc mitjà. A la primera, un cop comenci a bullir, hi afegim un grapadet de sal i 16 cols de Brussel·les netes.', 'Escorrem les carxofes i les afegim a la mateixa olla. I ho coem a foc mitjà durant deu minuts.', 'Preparem les verdures. Primer pelem dotze pastanagues baby. Posteriorment agafem 300 g de mongeta tendra rodona neta, en traiem el peduncle i la tallem a mida de mossegada.', 'A la segona olla, un cop bulli, hi afegim un grapadet de sal i hi escaldem durant un minut les pastanagues baby pelades i la mongeta tendra tallada.', 'Escorrem les verdures escaldades, les reservem en un escorredor sobre el plat.', ""Escalfem una paella amb un rajolí d'oli."", ""Pelem i laminem dos grans d'all a tires i els afegim a la paella."", 'Un cop els alls ballin, afegim a la paella 120 g de cansalada amb pebre a tires.', 'Quan hagin passat deu minuts, escorrem les cols i les carxofes.', 'Colem els alls i la cansalada suada en una gerreta.']","['All', 'Pastanagues', 'Col', 'Carxofes', 'Mongetes', 'Ous de gallina', 'Farina']"
Lasanya amb bolets i botifarra,https://www.3cat.cat/tv3/cuines/recepta/lasanya-amb-bolets-i-botifarra/42081/,23,https://img.3cat.cat/multimedia/jpg/5/4/1698224055145_326.jpg,Baixa,Menys d'una hora,,"['6 làmines de pasta fresca500 botifarra fresca100 g rovellons60 g formatge de vaca40 g mantega50 g farina500 ml llet fresca1/2 botifarra del perol2 cebes de Figueres2 pastanagues2 cullerades de ceps en pols1/2 col setsetmaneraOli OVEVi ranciNou moscadaSalFarigolaPebre', '6 làmines de pasta fresca', '500 botifarra fresca', '100 g rovellons', '60 g formatge de vaca', '40 g mantega', '50 g farina', '500 ml llet fresca', '1/2 botifarra del perol', '2 cebes de Figueres', '2 pastanagues', '2 cullerades de ceps en pols', '1/2 col setsetmanera', 'Oli OVE', 'Vi ranci', 'Nou moscada', 'Sal', 'Farigola', 'Pebre']","['Comencem fent el farcit de la lasanya. Tallem a brunesa 2 pastanagues pelades i 2 cebes de Figueres petites pelades. \xa0', ""Posem una cassola al foc amb un bon raig d'oli i hi sofregim ceba i pastanaga. Hi afegim un branquilló de farigola i ho sofregim tot 15 minuts."", 'Pelem i esmicolem 500 g de botifarra de sal i pebre i mitja botifarra del perol pelada.', 'Afegim les carns esmicolades a la cassola amb una mica de sal i pebre i ho sofregim 5 minuts, fins que la carn canviï de color. \xa0', 'Traiem la farigola de la cassola i hi afegim un raig de vi ranci.', ""Tallem a mida mossegada 100 g de bolets frescos. En aquest cas hi hem posat rovellons, però també servirien unes trompetes de la mort, per exemple. Mentrestant, tallem a juliana molt fina 4 fulles interiors d'una col. Hem fet servir la setsetmanera, però la de paperina també serveix. \xa0"", 'Afegim la col a la cassola.', 'Ho integrem i ho coem 10 minuts.', 'Mentrestant, comencem a fer una beixamel: posem un pot al foc i hi desfem 40 g de mantega. Un cop desfeta, hi afegim 50 g de farina. Deixem que es torri durant 10 minuts i ho anem remenant. Mentrestant, posem un pot a escalfar amb 500 ml de llet i una olla força grossa amb aigua per a la pasta. \xa0', 'Afegim nou moscada ratllada a la llet, 3 voltes de pebre blanc i 2 cullerades de ceps en pols. Ho removem amb les varetes.', 'Afegim la llet perfumada a la farina torrada i ho integrem fins que tingui textura de beixamel. \xa0', ""Salem l'aigua que tenim escalfant-se per a la pasta i hi anem posant els fulls de lasanya de dos en dos; és a dir, primer en coem dos, i, un cop cuits, els canviem per dos més. Els fulls cuits els eixuguem amb un drap. En total, en volem 6."", 'Agafem un motllo de forn i comencem a muntar la lasanya amb una base de beixamel de bolets, 2 fulls de lasanya per sobre, el farcit, 2 fulls de lasanya més, farcit, lasanya i acabem amb la beixamel i 60 g formatge de vaca semi que ratllem. \xa0', 'Un cop muntada, portem la lasanya al forn i la gratinem 15 minuts a 200º. \xa0']","['Carn', 'Pasta', 'Bolets']"
Goxua de xocolata,https://www.3cat.cat/tv3/cuines/recepta/goxua-de-xocolata/42078/,23,https://img.3cat.cat/multimedia/jpg/5/6/1698222223865_326.jpg,Baixa,Més d'una hora,,"['Per al pa de pessic:90 g de sucre25 g de cacau3 ousMantegaPer a la crema pastissera:300 ml de llet sencera50 g de sucre20 g de midó de blat de moro2 ous1 taronjaPer a la nata muntada:150 ml de nata del 35% MG1 cullerada de sucre de llustre', 'Per al pa de pessic:', '90 g de sucre', '25 g de cacau', '3 ous', 'Mantega', 'Per a la crema pastissera:', '300 ml de llet sencera', '50 g de sucre', '20 g de midó de blat de moro', '2 ous', '1 taronja', 'Per a la nata muntada:', '150 ml de nata del 35% MG', '1 cullerada de sucre de llustre']","['Comencem fent una crema pastissera. Separem les clares dels rovells de dos ous. Guardem les clares per a una altra recepta.', 'Afegim 50 de sucre blanc als dos rovells i ho batem amb les varetes elèctriques. \xa0', ""Posem a escalfar en un pot 300 ml de llet sencera, 20 g de midó de blat de moro i la pela d'una taronja neta i ratllada. Ho dissolem amb una vareta manual. \xa0"", ""Portem la barreja a ebullició. Quan ja hagi arrencat a bullir, hi afegim els rovells blanquejats. Ho barregem tot bé perquè no s'hi facin grumolls i deixem que es cogui un minut, com a mínim. \xa0"", 'Un cop tingui una textura una mica més espessa, ho deixem refredar a temperatura ambient. Després ho posem en una màniga pastissera. \xa0', 'Ho fiquem a la nevera un mínim de 20 minuts.', 'Fem el pa de pessic de cacau. Separem les clares dels rovells de tres ous. Posem al bol de les clares 90 g de sucre blanc. Muntem les clares amb les varetes elèctriques fins que arribin a estar a punt de neu.', 'Afegim a les clares, amb la llengua pastissera i moviments embolcalladors, els rovells reservats. Ho barregem.', 'Tamisem al bol, en dues tandes, 25 g de cacau en pols. \xa0', ""Posem aquesta massa en una altra mànega pastissera i repartim la massa per sobre d'una safata de forn amb paper sulfurat. Ha de quedar una massa força plana i baixa. \xa0"", 'Ho fiquem al forn quatre minuts a 200 graus de temperatura.', 'Muntem la nata amb les varetes elèctriques i en un bol ben fred. Són 150 ml de nata del 35% MG. Quan comenci a tenir textura, hi afegim una cullerada de sucre de llustre i acabem de muntar la nata. \xa0', 'Si el pa de pessic ja està fet i temperat, hi fem talls rodons de la mida del got on servirem el goxua. \xa0', 'Emplatem el goxua amb un disc de pa de cacau, un pis de nata, un altre disc de cacau i un pis de crema pastissera. \xa0', 'Empolsinem la crema pastissera amb sucre i el cremem. \xa0']","['Ous', 'Taronja', 'Mantega', 'Nata', 'Llet', 'Xocolata', 'Sucre']"
Bacallà amb mongetes i praliné d'all negre,https://www.3cat.cat/tv3/cuines/recepta/bacalla-amb-mongetes-i-praline-dall-negre/42036/,23,https://img.3cat.cat/multimedia/jpg/6/2/1697629111826_326.jpg,Baixa,Més d'una hora,,"[""4 lloms de bacallà dessalat Royal150 g de mongeta de Santa Pau100 g d'ametlla marcona10 grans d'all negre1 llesca de pa1 porro15 ml de vinagre de xerès200 ml d'aigua amb gasJulivert arrissatMantegaOli OVE"", '4 lloms de bacallà dessalat Royal', '150 g de mongeta de Santa Pau', ""100 g d'ametlla marcona"", ""10 grans d'all negre"", '1 llesca de pa', '1 porro', '15 ml de vinagre de xerès', ""200 ml d'aigua amb gas"", 'Julivert arrissat', 'Mantega', 'Oli OVE']","['Hidratem les mongetes, deixant-les en aigua, a la nevera, durant 6 hores.', ""En descartem l'aigua i les\xa0posem en una olla de pressió, amb aigua mineral i un porro tallat a bresa. Ho coem 20 minuts i ho deixem 2 hores en repòs."", ""Per fer el praliné, enrossim les ametlles amb mantega. Les triturem, juntament amb una llesca de pa sense crosta, 10 grans d'all negre, 15 ml de vinagre de xerès, 200 ml d'aigua amb gas, sal i pebre. Quan en tenim una pasteta, l'emulsionem amb 150 ml d'oli OVE fins que tinguem una textura de crema."", ""Retallem 4 sulfurats a la mida de cada llom. Hi posem un raig d'oli i hi col·loquem els lloms de bacallà per sobre. Coem els lloms, uns 3 minuts per banda, en una paella."", 'Amanim les mongetes amb una mica de julivert arrissat, oli i sal.', 'Per emplatar-ho, posem a la base una cullerada de praliné, el llom de bacallà i unes quantes mongetes per acompanyar-ho.']","['Peix', 'All', 'Mongetes de Santa Pau', 'Ametlles']"
Truita de bacallà,https://www.3cat.cat/tv3/cuines/recepta/truita-de-bacalla/42179/,23,https://img.3cat.cat/multimedia/jpg/6/3/1698922707536_326.jpg,Baixa,Menys de 10 minuts,,"['250 g bacallà esqueixat', '250 g bacallà esqueixat', '100 ml nata', '5 pebrots del piquillo', '6 ous', ""10 olives arrugades negres d'AragóJulivert fresc"", 'Julivert fresc', 'Oli OVE', 'Pebre negre', 'Sal']","[""Posem 5 pebrots del piquillo al got batedor. Turbinem els pebrots amb el braç elèctric i un raig d'oli OVE. Posem aquesta emulsió en un biberó i la reservem.\xa0"", ""Traiem el pinyol a 10 olives arrugades d'Aragó. Les tallem de qualsevol manera i les posem en un bol.\xa0"", 'Afegim al mateix bol 250 g bacallà esqueixat. Tallem de qualsevol manera unes fulles de julivert fresc. Ho tastem i ho salpebrem, si està suau de sal. \xa0', ""Escalfem una paella de 20 cm diàmetre. Afegim un raig d'oli OVE a la paella.\xa0 \xa0"", 'Trenquem 2 ous i els batem. Hi afegim un raig de nata i un pessic de sal. \xa0', ""Quan l'oli estigui ben calent, hi afegim els ous i la nata batuts.\xa0\xa0"", 'Removem en cercles amb una llengua pastissera fins que quedi mig quallat.\xa0\xa0', 'Distribuïm el bacallà i les olives.\xa0 \xa0', 'Tanquem la truita amb la llengua pastissera. Acabem de coure la truita.\xa0\xa0\xa0', ""Emplatem la truita i l'acabem amb fils de salsa pebrots del piquillo\xa0""]","['Ous', 'Bacallà', 'Nata', 'Julivert', 'Pebre negre', 'Pebrot vermell']"
Pastís de peix,https://www.3cat.cat/tv3/cuines/recepta/pastis-de-peix/42082/,23,https://img.3cat.cat/multimedia/jpg/3/1/1698225032813_326.jpg,Baixa,Menys d'una hora,,"['300 g llobarro1 cullerada concentrat tomata4 ous200 ml nataLlorerVi blancBrandiSal15 gambesMantegaOli OVETorradetes amb sèsam', '300 g llobarro', '1 cullerada concentrat tomata', '4 ous', '200 ml nata', 'Llorer', 'Vi blanc', 'Brandi', 'Sal', '15 gambes', 'Mantega', 'Oli OVE', 'Torradetes amb sèsam']","[""Posem 2 dits d'aigua a la base de la vaporadora, afegim un raig vi de blanc i un parell de fulles de llorer.\xa0\xa0"", 'Posem a la reixeta de la vaporadora un full de paper sulfurat i 300 g de lloms de llobarro nets i sense espina. Deixem que cogui 12 minuts.\xa0', 'Posem en un got batedor 4 ous, 200 ml de nata i una cullerada de concentrat de tomata. Ho batem amb el braç elèctric.\xa0', 'Esbocinem el llobarro a talls no gaire petits. Ho integrem tot al got batedor. Pelem i tallem a micro el cos de 15 gambes vermelles, guardem cloves i caps. Posem els cossos de les gambes al got batedor i ho integrem tot amb una espàtula.\xa0\xa0\xa0', 'Untem un motlle de ""plum cake"" amb mantega. Afegim la base del pastís al motlle. Tapem el motlle amb paper sulfurat i ho lliguem perquè no es mogui quan el portem al forn.\xa0\xa0', ""Posem el motlle ple de pastís dins un altre motlle una mica més gran i omplim amb aigua bullent l'espai que queda entre els dos motlles.\xa0\xa0"", ""Coem el pastís al bany maria 50' dins del forn a 140º. Passat aquest temps, el deixarem temperar i un cop temperat, el refredarem 2 h a la nevera com a mínim.\xa0"", ""Mentrestant, podem saltar els caps i cloves de gamba amb un raig d'oli en una paella calenta. Quan estiguin torrats, ho desglacem amb un raig de conyac.\xa0\xa0"", 'Posem caps i cloves de gamba amb el seu suc en un got batedor i ho triturem. Ho colem amb un colador de malla molt fina o amb un drap.\xa0\xa0', 'Un cop el pastís ja està fred, podem muntar el plat, amb una franja pintada de salsa de caps de gamba i un tall de pastís de peix.\xa0', 'Acompanyem el plat amb unes torradetes de sèsam.\xa0']","['Peix', 'Ous', 'Tomàquets', 'Gamba vermella', 'Nata']"
Pastís de carbassa,https://www.3cat.cat/tv3/cuines/recepta/pastis-de-carbassa/42197/,23,https://img.3cat.cat/multimedia/jpg/7/1/1700033956017_326.jpg,Baixa,Més d'una hora,,"[""1 paquet pasta brisa800 g de carbassa cacauet280 ml nata 35% MG150 g gorgonzola70 g sucre morè50 g sucre blanc1 culleradeta de sal1 ou mitjà1 rovell1 culleradeta de canyella en pols1 culleradeta de gingebre en pols1 g nou moscada en pols1 llimona2 claus d'olor"", '1 paquet pasta brisa', '800 g de carbassa cacauet', '280 ml nata 35% MG', '150 g gorgonzola', '70 g sucre morè', '50 g sucre blanc', '1 culleradeta de sal', '1 ou mitjà', '1 rovell', '1 culleradeta de canyella en pols', '1 culleradeta de gingebre en pols', '1 g nou moscada en pols', '1 llimona', ""2 claus d'olor""]","['Pelem i tallem a trossos 800 g de carbassa cacauet. Distribuïm els talls en una safata de forn on hi hem posat un full de paper de forn. Enfornem durant 1 hora a 175 graus.\xa0', ""Escalfem en un pot 280 ml nata 35% MG. Quan està calenta hi afegim 150 g de formatge gorgonzola i dos claus d'olor. Retirem del foc, tapem i infusionem durant 1 hora.\xa0"", ""En un bol afegim 70 g de sucre morè, 50 g de sucre blanc, un ou i un rovell. Perfumem amb una culleradeta de gingebre en pols, una culleradeta de canyella en pols i una culleradeta de nou moscada en pols. Acabem amb una culleradeta de sal i la ratlladura d'una llimona. Integrem amb una vareta manual i reservem.\xa0"", ""Agafem la carbassa cuita, la passem a un plat i l'aixafem amb una forquilla fins a tenir textura de puré.\xa0"", ""Un cop tenim la carbassa aixafada, l'aboquem al bol de la barreja.\xa0"", ""Retirem els claus d'olor de la infusió i afegim el contingut del pot al bol. Ho barregem tot bé amb una vareta manual fins tenir una textura homogènia.\xa0"", ""Agafem una pasta brisa rodona. Amb l'ajuda d'un corró l'estirem una mica mantenint la forma.\xa0"", 'Emmotllem la pasta brisa en un motlle rodó de 25 cm , encaixant-la bé a les parets. Si sobresurt una mica pels laterals, es pot tallar amb un ganivet.\xa0', 'Aboquem el farcit al motlle i fem dues coccions: la primera a 220º durant 15 minuts amb escalfor dalt i baix. La segona, a 175 graus durant 45 minuts amb funció ventilador.\xa0', 'Desenfornem i temperem el pastís i ja el podem servir.\xa0']","['Carbassa', 'Ous de gallina', 'Farina de blat', 'Nata']"
Crestes de cabell d'àngel,https://www.3cat.cat/tv3/cuines/recepta/crestes-de-cabell-dangel/42217/,23,https://img.3cat.cat/multimedia/jpg/4/9/1699956004094_326.jpg,Baixa,Menys de 30 minuts,,"[""12 crestes1 poma Granny Smith180 g cabell d'àngelOli d'oliva verge extraCanyella en polsSucre llustre"", '12 crestes', '1 poma Granny Smith', ""180 g cabell d'àngel"", ""Oli d'oliva verge extra"", 'Canyella en pols', 'Sucre llustre', '']","[""Barregem, en un bol, el cabell d'àngel, juntament amb un polsim de canyella i mitja poma que haurem tallat a dauets."", 'Omplim les crestes amb una mica de la barreja, i les tanquem marcant les vores amb una forquilla.', 'Les fregim en abundant oli, i les anem reservant en paper absorbent.', 'Les emplatem amb una mica de sucre llustre per damunt.']","['Pomes', 'Canyella', 'Melmelades i confitures']"
Cuscús amb fruits secs,https://www.3cat.cat/tv3/cuines/recepta/cuscus-amb-fruits-secs/42096/,23,https://img.3cat.cat/multimedia/jpg/1/2/1698228194521_326.jpg,Baixa,Menys de 30 minuts,Vegetariana,"['300 g cuscús90 g formatge feta30 g anacards al natural20 g panses4 dàtils de branca1 cullerada de ras-alhanutMentaJulivertOli OVEPebre negreSal', '300 g cuscús', '90 g formatge feta', '30 g anacards al natural', '20 g panses', '4 dàtils de branca', '1 cullerada de ras-alhanut', 'Menta', 'Julivert', 'Oli OVE', 'Pebre negre', 'Sal']","[""Escalfem 350 ml d'aigua en un pot. Hi afegim sal, pebre i 1 culleradeta de ras-alhanout. Ho integrem remenant amb una cullera.\xa0"", ""En un recipient que puguem tapar, hi afegim 300 g de cuscús precuit. Quan bull l'aigua, l'aboquem sobre el cuscús repartint-la bé. Tapem i deixem reposar 5 minuts.\xa0"", 'Un cop han passat els 5 minuts, separem el cuscús cuit rascant-lo amb una espàtula de fusta o una forquilla i el deixem temperant.\xa0', 'Espinyolem i tallem menuts 4 dàtils de branca i els afegim a un bol.\xa0', ""Maltallem amb ganivet 30 g d'anacards al natural i també els afegim al bol.\xa0\xa0"", 'Piquem unes fulles de menta i unes fulles de julivert i les incorporem al bol.\xa0\xa0', ""Aboquem al bol 20 g de panses i ho amanim amb pebre i un raig d'oli. Ho remenem.\xa0"", 'Afegim al bol 90 g de formatge feta, que hem tallat a\xa0 daus i acabem el plat afegint-hi el cuscús temperat. Ho barregem bé i ja ho podem servir.\xa0\xa0']","['Cuscús', 'Formatge', 'Panses']"
Crostata de xocolata amb gerds,https://www.3cat.cat/tv3/cuines/recepta/crostata-de-xocolata-amb-gerds/42317/,23,https://img.3cat.cat/multimedia/jpg/5/3/1700485099935_326.jpg,Baixa,Més d'una hora,,"['Pasta brisa250 g farina140 g mantega125 g sucre40 g cacau en pols2 ousSal300 g cigronsPer al farcit500 ml llet300 g xocolata amb gerds80 g sucre40 g Maizena4 ousSucre llustre', 'Pasta brisa', '250 g farina', '140 g mantega', '125 g sucre', '40 g cacau en pols', '2 ous', 'Sal', '300 g cigrons', '', 'Per al farcit', '500 ml llet', '300 g xocolata amb gerds', '80 g sucre', '40 g Maizena', '4 ous', 'Sucre llustre']","[""Tamisem dins un bol gran 250 g de farina i 40 g de cacau. Afegim al mateix bol 125 g sucre, un pessic de sal, 1 ou que trenquem i el rovell d'un altre ou. La clara d'aquest altre ou la guardarem a la carmanyola per a una altra recepta."", 'Barregem la massa amb una llengua pastissera. \xa0', ""Quan està tot integrat, anem afegint al bol 140 g mantega pomada a daus. Ho integrem i ho pastem a mà fins que ens quedi una massa homogènia. Mirem de no pastar-ho massa, perquè no volem que s'activi el gluten. \xa0"", ""Posem un full de paper sulfurat sobre la superfície de treball i hi estenem la pasta brisa. Tapem la pasta brisa amb un altre full sulfurat i l'estirem amb el corró fins que obtinguem un rectangle aproximat de 35 x 40 cm. \xa0"", 'Deixem reposar aquesta massa a la nevera 30 minuts. \xa0', 'Passat el temps de repòs, tallem la pasta a la mida del nostre motlle. Nosaltres ho fem amb un de 24 cm diàmetre.', 'Untem el motlle amb mantega. Desenganxem la massa dels papers sulfurats.', 'Retallem la massa –primer, en forma de cercle per a la base i després, els costats, amb els rectangles necessaris per fer les vores. En el nostre cas és de 35 x 30 cm. La resta de la massa la guardarem per a decoració.', 'Encaixem la massa al motlle: primer, la base i després, les parets.', 'Foradem la base de la massa brisa amb una forquilla. \xa0', 'Posem sobre la base de la brisa 1 full sulfurat. \xa0', ""Escampem una quantitat generosa de cigrons crus a la base. Això és perquè la base no s'infli. \xa0"", ""Enformem 15' a 180 ºC."", 'Passat aquest temps, traiem la crostata del forn i deixem que es temperi.', ""Posem a escalfar 400 ml llet. Un cop estigui calenta, hi afegim 4 rovells d'ou i 80 g de sucre. \xa0"", 'Barregem, a part, 40 g de midó de blat de moro i 50 ml llet', 'Afegim el midó al bol amb la llet i els ous.', 'Barregem bé amb la vareta manual i ho coem fins que tinguem una textura de crema.', 'Amb aquesta textura, hi afegim 300 g de xocolata amb gerds o alguna altra xocolata que tinguem. Cal fer-ho a talls petits perquè es fongui bé. \xa0', 'Farcim la crostata amb el farcit. És a dir, aboquem la crema de xocolata sobre el pastís temperat.', 'Decorem la crostata per sobre amb tires de pasta brisa sobrant. \xa0', ""Enfornem 30' a 180º. Un cop cuita, la deixarem reposar fora del forn en una reixeta i després la portarem a la nevera."", ""Abans de servir, empolsem la crostata amb sucre llustre amb ajuda d'un colador""]","['Ous', 'Farina', 'Mantega', 'Llet', 'Xocolata']"
Amanida de cogombre,https://www.3cat.cat/tv3/cuines/recepta/amanida-de-cogombre/42178/,23,https://img.3cat.cat/multimedia/jpg/2/4/1698922440942_326.jpg,Baixa,Menys de 10 minuts,Vegetariana,"['Amanida de cogombre', 'Amanida de cogombre', '4 cogombres', '50 ml llet de coco', '40 g cacauet torrat', '1 iogurt natural', '4 rodelles xili de Xalapa envinagrat', '1 llimona', 'Gingebre fresc pelat', 'Coriandre fresc', 'Pebre negre', 'Sal']","['Tallem 4 rodelles de xilis de Xalapa envinagrats a brunesa i pelem un dit de gingebre. Posem els xilis en un bol i hi ratllem un dit de gingebre pelat.\xa0\xa0', 'Tallem de qualsevol manera una mica de coriandre fresc. Ho integrem.\xa0\xa0', 'Afegim al bol un iogurt natural i 50 ml de llet de coco. Abans, mirem que estigui ben barrejada.\xa0\xa0', ""Hi afegim la ratlladura d'una llimona i unes gotes de suc. Ho integrem bé.\xa0\xa0"", 'Pelem 4 cogombres a ratlles i els tallem a macedònia. Els afegim al bol. Salpebrem i ho integrem.\xa0\xa0', 'Afegim al bol 40 g de cacauets torrats matxucats amb morter.\xa0', 'Emplatem\xa0']","['Cogombre', 'Coco', 'Iogurt', 'Coriandre', 'Pebre negre', 'Gingebre', 'Cacauets']"
Mongetes saltades amb pernil,https://www.3cat.cat/tv3/cuines/recepta/mongetes-saltades-amb-pernil/42216/,23,https://img.3cat.cat/multimedia/jpg/5/2/1699955056925_326.jpg,Baixa,Menys de 10 minuts,,"[""750 g mongeta tendra50 g pernil ibèric8 cirerols2 grans d'allReducció de vinagreOlivadaOli d'oliva verge extraSal"", '750 g mongeta tendra', '50 g pernil ibèric', '8 cirerols', ""2 grans d'all"", 'Reducció de vinagre', 'Olivada', ""Oli d'oliva verge extra"", 'Sal']","['Tallem la mongeta a mida mossegada\xa0i la coem en aigua bullent, amb un polsim de sal, durant 2 minuts.', ""Fem una vinagreta, emulsionant una cullerada d'olivada amb una cullerada de reducció de vinagre balsàmic i un raig d'oli OVE."", ""Saltem els alls, laminats, en una paella amb un raig d'oli. Quan ballen, hi afegim les mongetes cuites\xa0i el pernil, tallat\xa0a\xa0tires, i ho saltem conjuntament, fins que veiem que el greix del pernil es desfà."", 'Hi afegim els cirerols, que partirem pel mig, i ho saltem amb la resta un parell de minuts.', 'Ho emplatem amb la vinagreta.']","['Tomàquets', 'All', 'Mongetes', 'Porc', ""Oli d'oliva verge extra""]"
Arròs melós amb marisc,https://www.3cat.cat/tv3/cuines/recepta/arros-melos-amb-marisc/41997/,23,https://img.3cat.cat/multimedia/jpg/7/6/1696943563167_326.jpg,Baixa,Menys d'una hora,,"['400 g espines de peix de roca320 g arròs rodó de Pals200 g cloïsses200 g ceba rossa2 l aigua16 gambes vermelles8 galeres3 calamars de potera3 tomacons2 cebes de Figueres1 porro1 ouAllBrandiOli OVEPolpa de nyoraSafràVi ranciPebre negreSal', '400 g espines de peix de roca', '320 g arròs rodó de Pals', '200 g cloïsses', '200 g ceba rossa', '2 l aigua', '16 gambes vermelles', '8 galeres', '3 calamars de potera', '3 tomacons', '2 cebes de Figueres', '1 porro', '1 ou', 'All', 'Brandi', 'Oli OVE', 'Polpa de nyora', 'Safrà', 'Vi ranci', 'Pebre negre', 'Sal']","[""Torrem al forn 1 porro a bresa, 2 cebes de Figueres, 6 grans d'all amb pell, les closques de 16 gambes, 8 galeres i 400 g d'espines de peix de roca. Ho tindrem 20 minuts a 180º. Els caps de les gambes els farem servir per fer un allioli.\xa0"", 'Ho aboquem tot en una olla amb un raig de brandi. Ho flamegem.\xa0', ""Després ho cobrim amb 2 litres d'aigua i ho courem 30 minuts a foc mitjà. Després ho deixarem reposar 2 hores i ho colarem.\xa0"", ""Posem en un pot petit els caps de les gambes, que haurem aixafat en un morter. Els cobrim d'oli d'oliva. Ho infusionem 10 minuts a foc fluix. Ho deixem refredar i ho colem.\xa0"", ""En una cassola hi marquem 3 calamars de potera a rodelles amb oli d'oliva. Després els reservem. Allà mateix hi fem ballar 2 grans d'all aixafats.\xa0"", 'Hi afegim 200\xa0 g de ceba enrossida. Hi ratllem 3 tomacons. Ho integrem i hi afegim mitja cullerada de polpa de nyora.\xa0', 'Hi afegim brins de safrà i un raig de vi ranci per aixecar els sucres.\xa0', ""A la cassola ara hi aboquem els calamars marcats i 320 g d'arròs. Ho perlem durant dos minuts.\xa0"", ""Hi aboquem 1,2 litres de fumet calent que hem fet abans. Ho deixarem coure 15 minuts a foc mitjà. Reservarem una mica de fumet per si quedés sec, afegir-n'hi. Quan fa 8 minuts que cou, hi afegim 200 g de cloïsses purgades.\xa0"", ""En un got batedor, hi posem 2 grans d'all escalivats, 1 ou, brins de safrà i part de l'oli dels caps de gamba. Ho emulsionem fins a la textura que volem.\xa0"", ""Un cop passat el temps, apaguem foc i afegim els cossos de les gambes sobre l'arròs. Ho tapem i deixem reposar 3 minuts.\xa0"", ""Emplatem l'arròs amb uns punts de l'allioli que hem fet amb els caps de gamba.\xa0""]","['Peix', 'Arròs i cereals', 'All', 'Calamar', 'Gamba vermella', 'Cloïsses', 'Ceba']"
Estofat de cigrons amb bacallà,https://www.3cat.cat/tv3/cuines/recepta/estofat-de-cigrons-amb-bacalla/42016/,25,https://img.3cat.cat/multimedia/jpg/4/0/1697611194704_326.jpg,Baixa,,,"['500 g cigrons cuits', '500 g cigrons cuits', ""2 grans d'all"", '80 g de xoriço', '1 ceba de Figueres', '400 ml brou de bacallà', '300 g bacallà esqueixat', 'Oli OVESal', 'Sal', 'Fonoll fresc', 'Pebre']","[""Posem una paella a escalfar. Hi tirem un raig d'oli i 80 g de xoriço sense pell.\xa0"", ""Hi posem 2 grans d'alls aixafats.\xa0"", 'Ho deixem suar 1 minut.\xa0\xa0', 'Mentrestant tallem a juliana una ceba de Figueres pelada. La tirem a la paella i deixem que agafi color.\xa0', 'Ho tapem i ho deixem coure 3 minuts.\xa0', 'Passat aquest temps, hi tirem 500 g de cigrons cuits i 400 ml de brou de bacallà. Aquest brou també podria ser de pollastre, de vegetals i si no tenim cap brou, aigua.\xa0', 'Ho deixem coure 5 minuts a foc suau.\xa0\xa0', 'Afegim 300 g de bacallà esqueixat fresc, una mica de pebre i sal, si cal.\xa0\xa0', 'Ho coem 1 minut.', ""Acabem el plat amb una mica d'anet fresc.\xa0""]","['Ceba', 'All', 'Cigró', 'Bacallà']"
Crema de carbassó amb pera i tomàquet,https://www.3cat.cat/tv3/cuines/recepta/crema-de-carbasso-amb-pera-i-tomaquet/41836/,25,https://img.3cat.cat/multimedia/jpg/3/6/1695136664863_326.jpg,Baixa,Menys d'una hora,Vegetariana,"['2 carbassons2 tomàquets pera2 peres conference2 pera ercolini1 ceba de Figueres1 porro600 ml brou vegetalMantega clarificadaMentaOli OVEPebreSal', '2 carbassons', '2 tomàquets pera', '2 peres conference', '2 pera ercolini', '1 ceba de Figueres', '1 porro', '600 ml brou vegetal', 'Mantega clarificada', 'Menta', 'Oli OVE', 'Pebre', 'Sal']","[None, ""En una cassola hi posem un raig d'oli d'oliva verge extra i els vegetals: la ceba a juliana, el carbassó a rodelles i el porro, que també haurem tallat a rodelles. Ho mig tapem i deixem que vagi suant durant uns 10 minuts."", ""Passat aquest temps, hi afegim el brou vegetal, ho mig tapem, apugem el foc i ho deixem coure durant 20 minuts. El brou l'hem fet amb porro, xiitake i pastanaga."", ""Hi afegim sal, una mica d'oli i ho triturem fins que tinguem la textura desitjada. Sempre és millor que reservem una mica de brou, per poder anar jugant amb la textura de la crema."", ""Per fer els entrebancs, socarrimem la pell dels tomàquets amb un bufador: això fa que es pelin més bé i ens hi aporta un perfum de torrat. Un cop pelats, els tallem a dauets, descartant-ne les llavors. Els reservem amb un rajolí d'oli perquè quedin més amorosits, juntament amb la pera ercolini, que també tallem a dauets, sense pell ni cor."", ""Emplatem una ració de crema, els entrebancs, una mica de menta, un raig d'oli i una mica de pebre.""]","['Tomàquets', 'Ceba', 'Carbassó', 'Peres', 'Pebre negre']"
Bonítol amb tomàquet,https://www.3cat.cat/tv3/cuines/recepta/bonitol-amb-tomaquet/41859/,25,https://img.3cat.cat/multimedia/jpg/0/5/1695716505950_326.jpg,Baixa,Menys d'una hora,,"['2 ventresques de bonítol', '300 ml oli OVE', '50 g ametlla marcona fregida', '4 tomàquets pebrots', ""1 cullerada sopera d'ous de llengua de bacallà (maruca)"", 'Tiges de tàperes', 'Cibulet', 'Oli OVE', ""Sal d'Añana"", 'Pebre negre', '', 'Per a la vinagreta', '60 ml oli OVE', '30 ml vinagre de xerès', 'Pebre negre', '']","['Posem dues ventresques de bonítol en una cassola fonda i les cobrim amb oli OVE. Seran uns 300 ml, però depèn de la cassola.\xa0', ""Engeguem els fogons i deixem que l'oli arribi als 75 graus. Un cop així, ho courem uns 14 minuts i després deixarem que reposi fora del foc uns 5 minuts més.\xa0\xa0"", ""Deixem que les ventresques es refredin i després les portem a la nevera. Si la recepta l'acabem avui, les traurem de l'oli i ho escorrerem bé. Si volem guardar el bonítol uns dies, el deixarem a la nevera amb l'oli.\xa0"", 'Cremem la pell de 4 tomàquets pebrot amb un bufador.\xa0\xa0', 'Amb un paper de cuina, enretirem la pell dels tomàquets.\xa0', 'Tallem els tomàquets per la meitat i els retirem la part blanca i dura.\xa0\xa0', 'Tallem a mida mossegada els tomàquets.\xa0', ""Preparem una vinagreta amb el doble d'oli que de vinagre de xerès. (60 ml i 30 ml). Una mica de sal i una mica de pebre negre.\xa0"", 'Barregem la vinagreta amb les varetes.\xa0\xa0', 'Barregem bé tomàquets i vinagreta.\xa0\xa0', 'Desfem amb els dits la ventresca confitada.\xa0\xa0\xa0', 'Emplatem amb els tomàquets amanits, la ventresca, uns ous de maruca tallats a tires, unes ametlles marcona fregides i picades i unes tiges de tàperes.\xa0']","['Tomàquets', 'Ametlles', 'Bonítol']"
Costelles de xai arrebossades,https://www.3cat.cat/tv3/cuines/recepta/costelles-de-xai-arrebossades/41858/,25,https://img.3cat.cat/multimedia/jpg/2/7/1695714147972_326.jpg,Baixa,Més d'una hora,,"[""20 costelles de xai150 ml brou de gallina150 ml llet30 g mantega20 g farina3 grans d'all1 dit de gingebrePa ratllatFarina de galeta250 g mongeta rodona1 caienaComíSafràVermut negreRomaníOli oveSalPebre"", '20 costelles de xai', '150 ml brou de gallina', '150 ml llet', '30 g mantega', '20 g farina', ""3 grans d'all"", '1 dit de gingebre', 'Pa ratllat', 'Farina de galeta', '250 g mongeta rodona', '1 caiena', 'Comí', 'Safrà', 'Vermut negre', 'Romaní', 'Oli ove', 'Sal', 'Pebre']","[""Fem una beixamel d'all. Escalfem en un pot 150 ml de brou de gallina, 150 ml de llet, un branquilló de romaní i un dit ratllat de gingebre fresc. Ho escalfem tot fins que arribi a bullir.\xa0"", 'Mentrestant, posem al foc 30 g mantega perquè es fongui.\xa0', ""Pelem 1 gra d'all i el ratllem al pot de la llet i el brou. Fem el mateix amb un dit de gingebre. \xa0"", 'Posem 20 g de farina a enrossir amb la mantega, amb el foc baix. Seran uns 10 minuts.\xa0', 'Colem la llet i el brou, que ha bullit i reposat, i ho afegim al roux de mantega i farina.\xa0', ""Ho integrem amb varetes manuals fins que agafi cos, hauria de tenir una textura similar a la d'una crema de verdures.\xa0"", 'Escampem la beixamel per una safata perquè baixi la temperatura ràpidament.\xa0\xa0', 'Posem una cassola fonda amb oli a escalfar.\xa0\xa0', ""Preparem un plat per arrebossar. Per una banda, la safata amb paper absorbent on posarem les costelles. Per l'altra, una safata amb farina de galeta, un bol amb la beixamel temperada i una altra safata amb farina.\xa0"", 'Passem totes les costelles per la safata amb farina, després per la beixamel i acabem al plat amb la farina de galeta. \xa0', 'Fregim les costelles arrebossades.\xa0', 'I un cop fregides, les posem una estona a la safata amb el paper absorbent.\xa0', ""Mentrestant, posem una paella al foc amb un raig d'oli ove, una caiena trencada i un gra d'all pelat i laminat. Escalfem l'all i la caiena a l'oli. Un cop estiguin calents, hi tirem 250 g mongeta del cuc netes i tallades a 5 cm.\xa0"", ""Un cop estiguin saltades, hi tirem una cullerada de comí i un raig de vermut negre, sal i pebre. Deixem que l'alcohol s'evapori.\xa0"", 'Emplatem amb 5 costelles arrebossades i un grapat de mongetes.']","['All', 'Xai', 'Farina', 'Mantega', 'Llet', 'Safrà', 'Comí', 'Gingebre', 'Romaní', 'Brou de carn']"
Pollastre amb blat de moro,https://www.3cat.cat/tv3/cuines/recepta/pollastre-amb-blat-de-moro/41916/,25,https://img.3cat.cat/multimedia/jpg/9/0/1696504993909_326.jpg,Baixa,Menys de 30 minuts,,"[""4 contracuixes de pollastre150 g de blat de moro cuit2 grans d'all1 llimonaSalsa de sojaFarinaBlat de moro gegant fregitGingebre en polsCoriandre frescOli OVE"", '4 contracuixes de pollastre', '150 g de blat de moro cuit', ""2 grans d'all"", '1 llimona', 'Salsa de soja', 'Farina', 'Blat de moro gegant fregit', 'Gingebre en pols', 'Coriandre fresc', 'Oli OVE']","[""Barregem, en un bol gros, el suc d'una llimona, una culleradeta de gingebre en pols, dos grans d'all que ratllem i tres cullerades de salsa de soja.\xa0\xa0"", 'Hi afegim el pollastre perquè hi marini uns dos minuts.\xa0', ""Triturem el blat de moro cuit a mesura que hi anem afegint oli d'oliva verge extra, fins que tinguem una textura de crema. Ho colem.\xa0"", ""Eixuguem el pollastre, per treure'n l'excés de marinada, l'enfarinem i el fregim en oli ben calent.\xa0"", ""L'emplatem posant una mica de cremós de blat de moro a la base del plat. A sobre, hi posem una contracuixa, que tallarem en quatre o cinc trossos. Ho acabem amb una mica de blat de moro gegant fregit.\xa0\xa0""]","['All', 'Llimona', 'Pollastre', 'Blat de moro', 'Gingebre']"
Aletes amb salsa cajun,https://www.3cat.cat/tv3/cuines/recepta/aletes-amb-salsa-cajun/41956/,25,https://img.3cat.cat/multimedia/jpg/3/7/1696853166173_326.jpg,Baixa,Més d'una hora,,"['8 aletes de pollastre30 g de mostassa antigaPebre vermell dolçAll en polsFarigola secaOrenga secaPebre de Caiena molt1 apiMitja ceba de Figueres1 ouWhiskyCibuletOli OVEPebre negreSal', '8 aletes de pollastre', '30 g de mostassa antiga', 'Pebre vermell dolç', 'All en pols', 'Farigola seca', 'Orenga seca', 'Pebre de Caiena molt', '1 api', 'Mitja ceba de Figueres', '1 ou', 'Whisky', 'Cibulet', 'Oli OVE', 'Pebre negre', 'Sal']","[""Cremem al foc viu 8 aletes de pollastre per treure'n les plomes. Un cop tallades, les posarem en un bany de sal. Les deixarem 15 minuts en 1 litre d'aigua i 100 g de sal. \xa0"", ""Per preparar la marinada, en un got triturador hi posem 10 g d'all en pols, 15 g de pebre vermell dolç, mitja cullerada de farigola seca, mitja cullerada d'orenga seca, mitja cullerada de caiena, 30 g de mostassa antiga, un raig de whisky i 100 ml d'oli d'oliva. Ho triturem i ho passem a un bol on hi càpiguen les aletes.\xa0"", ""A la marinada també hi afegim 1 branca d'api i mitja ceba de Figueres tallades a brunesa. \xa0Per últim, ho barregem tot bé.\xa0"", 'Haurem eixugat les aletes després del bany de sal i les incorporem al bol. \xa0', 'Posem les aletes en una safata pel forn, les tapem i les coem 30 minuts a 180º. \xa0', 'Ara destapem la safata, les barregem i tornem a coure 15 minuts més a 200º.\xa0', ""En un morter hi posem la salsa de coure les aletes. Hi posem 1 rovell d'ou i barregem fins a tenir una textura de salsa. \xa0"", 'Ja podem emplatar les aletes amb la salsa i una mica de cibulet tallat.\xa0']","['Pollastre', 'Farigola', 'Pebre vermell dolç', 'Bitxo', 'Ceba', 'Orenga', 'Api']"
Flamenquins,https://www.3cat.cat/tv3/cuines/recepta/flamenquins/42297/,25,https://img.3cat.cat/multimedia/jpg/6/3/1700209414236_326.jpg,Baixa,Menys de 30 minuts,,"['8 talls de llom de porc8 talls de pernil dolç16 talls de brie16 cirerols3 ousBlat de moro gegant fregitPa ratllatFarinaRucaOli OVEPebreSal', '8 talls de llom de porc', '8 talls de pernil dolç', '16 talls de brie', '16 cirerols', '3 ous', 'Blat de moro gegant fregit', 'Pa ratllat', 'Farina', 'Ruca', 'Oli OVE', 'Pebre', 'Sal']","['Aplanem els talls de llom de porc de manera que quedin fins i enrotllables.\xa0', 'Aplanem els talls de llom de porc de manera que quedin fins i enrotllables.\xa0', 'Els salpebrem, els farcim amb pernil dolç i formatge brie, els enrotllem i els fregim.\xa0', 'Els salpebrem, els farcim amb pernil dolç i formatge brie, els enrotllem i els fregim.\xa0', 'Triturem blat de moro gegant fregit, el barregem amb pa i ho ratllem.', 'Triturem blat de moro gegant fregit, el barregem amb pa i ho ratllem.', 'Arrebossem cada flamenquí, passant-lo primer per farina, després per ou batut i, finalment, per la barreja de pa ratllat i blat de moro que hem fet.\xa0', 'Arrebossem cada flamenquí, passant-lo primer per farina, després per ou batut i, finalment, per la barreja de pa ratllat i blat de moro que hem fet.\xa0', 'Fregim els flamenquins.\xa0', 'Fregim els flamenquins.\xa0', ""Els emplatem acompanyant-los d'una amanida que fem amb ruca, cirerols, oli i sal.\xa0"", ""Els emplatem acompanyant-los d'una amanida que fem amb ruca, cirerols, oli i sal.\xa0""]","['Ous', 'Porc', 'Formatge']"
Pannacotta de fonoll avellanes torrades,https://www.3cat.cat/tv3/cuines/recepta/pannacotta-de-fonoll-avellanes-torrades/41896/,25,https://img.3cat.cat/multimedia/jpg/0/8/1696334721280_326.jpg,Baixa,Més d'una hora,Vegetariana,"['400 ml de nata del 35%100 g de sucre blanc3 fulls de gelatinaBulb de fonollPréssecs en almívar1 iogurt grecAnís secPebre negreAvellanes torrades', '400 ml de nata del 35%', '100 g de sucre blanc', '3 fulls de gelatina', 'Bulb de fonoll', 'Préssecs en almívar', '1 iogurt grec', 'Anís sec', 'Pebre negre', 'Avellanes torrades']","['Aboquem 400 ml de nata del 35% de matèria grassa en un pot i la coem a foc baix.\xa0\xa0\xa0', 'Mentrestant posem a hidratar tres fulls de gelatina i tallem a juliana mig bulb de fonoll.\xa0 Reservem les fulles per emplatar-ho.\xa0', 'Afegim al pot de la nata el fonoll, hi apugem el foc i ho coem tres minuts. Ho remenem.\xa0', 'Afegim a la nata i el fonoll 100 g de sucre i ho remenem fins que es desfaci.\xa0', 'Ho passem a un got batedor i ho turbinem. Després ho colem.\xa0', 'Escorrem els fulls de gelatina i els dissolem a dins la gerra amb la nata amb una vareta manual.\xa0\xa0', 'Hi afegim un iogurt grec.\xa0', 'Posem la pannacotta calenta en quatre flameres i les deixem refredar una hora a la nevera.\xa0', 'Tallem tres meitats de préssecs en almívar i els posem en una paella a foc baix durant cinc minuts.\xa0', ""Hi aboquem un raig d'anís sec i una mica de pebre negre. Ho integrem.\xa0"", 'Piquem en un morter avellanes torrades.\xa0', ""Un cop les pannacottes són fredes, les traiem de la nevera i les desemmotllem. A sobre hi posem el préssec rostit, l'avellana trencada i una mica de les fulles del fonoll.\xa0""]","['Fonoll', 'Préssec', 'Nata', 'Sucre']"
Plàtan amb toffee de cafè,https://www.3cat.cat/tv3/cuines/recepta/platan-amb-toffee-de-cafe/41877/,25,https://img.3cat.cat/multimedia/jpg/2/0/1695813384802_326.jpg,Baixa,,,"['4 plàtans madurs75 g sucre10 ml rom1 llimona1 canonet de canyella10 ml cafè75 ml nata75 ml lletAmetlla picadaMenta fresca', '4 plàtans madurs', '75 g sucre', '10 ml rom', '1 llimona', '1 canonet de canyella', '10 ml cafè', '75 ml nata', '75 ml llet', 'Ametlla picada', 'Menta fresca']","[""Preparem 75 g de sucre. Posem una paella al foc i afegim una tercera part del sucre preparat. Quan es desfà, n'afegim una mica més i després, l'acabem d'afegir tot."", 'El coem vigilant que no es torri massa i, si cal, el podem apartar del foc.', ""Mentrestant, en una cassola al foc, hi tirem 10 ml de rom. Deixem que s'evapori l'alcohol i després hi tirem 75 ml de llet i 75 ml nata del 35%. Hi tirem un canonet de canyella i la pela d'una llimona. Ho integrem. I ho escalfem just fins a l'ebullició. \xa0"", ""Fem toffee: quan el sucre ja s'ha convertit en caramel, hi tirem el pot de la llet calenta i ho coem 4 minuts. \xa0"", 'Pelem 4 plàtans madurs.', 'Els tallem del llarg.', 'Passats els 4 minuts, tirem una tassa petita de cafè a la salsa de toffee.', 'Després posem els plàtans tallats per la meitat i els napem bé amb la salsa. Deixem que es coguin 4 minuts a foc suau.', ""Emplatem un plàtan amb una fulla de menta i un grapat petit d'ametlla torrada esmicolada.""]","['Plàtans', 'Nata', 'Llet', 'Sucre', 'Ametlles']"
Banda de crema i fruita,https://www.3cat.cat/tv3/cuines/recepta/banda-de-crema-i-fruita/41857/,25,https://img.3cat.cat/multimedia/jpg/5/0/1695713819505_326.jpg,Baixa,Més d'una hora,,"['1/2 placa de pasta de full2 ous16 gerds8 mores2 figues150 ml de suc de taronja60 g sucre20 g mantega10 g farina de blat de moroRatlladura de taronja40 g sucre20 ml aigua1 tira de pell de llimona', '1/2 placa de pasta de full', '2 ous', '16 gerds', '8 mores', '2 figues', '150 ml de suc de taronja', '60 g sucre', '20 g mantega', '10 g farina de blat de moro', 'Ratlladura de taronja', '40 g sucre', '20 ml aigua', '1 tira de pell de llimona']","[""Ratllem la pell d'una taronja neta i la reservem.\xa0\xa0"", ""Traiem el suc de la mateixa taronja. Hem d'aconseguir 150 ml. Si amb una taronja no en fem prou, n'obrim una altra.\xa0"", 'Trenquem un ou i el barregem amb la pell de taronja ratllada.\xa0\xa0', 'Ho batem.\xa0', 'Afegim al bol 10 g de farina de blat de moro.\xa0\xa0\xa0', 'Afegim 60 g de sucre i el suc de taronja. Ho integrem tot.\xa0\xa0\xa0', ""Ho posem en un pot i ho escalfem a foc mitjà mentre anem remenant tota l'estona.\xa0"", 'Ho anem coent uns 4-5 minuts, fins que quedi una mica més espès.\xa0\xa0', 'Quan tingui la textura que volem, de crema, ho retirem del foc i hi afegim 20 g mantega.\xa0', 'Ho integrem tot perquè tingui una textura fina i un aspecte brillant.\xa0\xa0', ""Passem la crema de taronja feta a una safata perquè es refredi i l'estenem amb llengua pastissera.\xa0"", ""Cobrim la crema amb un full sulfurat perquè no se'ns ressequi la part superior i ho portem a la nevera.\xa0"", 'Posem el forn a escalfar a 180º amb la funció ventilador, si en tenim. Si no, no passa res.\xa0\xa0\xa0', 'Partim per la meitat un full de pasta de full.\xa0', ""Fem molts forats amb la forquilla a la part central del full. És la part que no volem que s'infli quan posem el full al forn. Les vores, no les punxem. Sobre la zona on hem punxat amb la forquilla hi posem dos pesos, que poden ser uns motlles amb un pes a dins, com ara cigrons o arròs.\xa0\xa0"", ""Trenquem i batem 1 ou. Pintem els laterals de la pasta de full amb l' ou batut.\xa0"", 'Portem la pasta de full al forn, 16 minuts a 180º amb el ventilador.\xa0', 'Passat aquest temps, traiem la pasta de full de forn i la deixem sobre una reixeta perquè es refredi.\xa0\xa0', ""Posem 40 g de sucre en un pot al foc, hi afegim 20 ml d'aigua i un twist de pell de llimona.\xa0"", 'Escalfem la barreja perquè es fongui el sucre i després ho deixem refredar en una gerreta. Quan baixi més la temperatura, ho portarem a la nevera.\xa0', 'Recuperem la crema de taronja de la nevera i la posem en un bol. La batem amb les varetes manuals per canviar-ne la textura.\xa0', 'Passem la crema a una mànega pastissera amb broquet rodó.\xa0', 'Tallem a rodelles 2 figues netes i unes mores.\xa0\xa0\xa0', 'Recuperem la pasta de full i hi posem \x96a la part central- una quantitat generosa de crema de taronja. Distribuïm 8 mores tallades per un dels costats, les figues a rodelles i 4 gerds.\xa0', ""Recuperem l'almívar de la nevera i amb un pinzell pintem les bandes de la pasta de full i la fruita.\xa0\xa0""]","['Ous', 'Taronja', 'Llimona', 'Fruita del bosc', 'Figues', 'Farina de blat de moro', 'Mantega', 'Sucre']"
Arròs de guatlla,https://www.3cat.cat/tv3/cuines/recepta/arros-de-guatlla/41856/,25,https://img.3cat.cat/multimedia/jpg/1/7/1695713294171_326.jpg,Baixa,Més d'una hora,,"[""4 guatlles250 g arròs bomba750 ml brou de pollastre2 cebes tendres2 grans d'all1 grapat de trompetes de la mort seques1 raig brandi1 nyoraSalPebreOli OVE"", '4 guatlles', '250 g arròs bomba', '750 ml brou de pollastre', '2 cebes tendres', ""2 grans d'all"", '1 grapat de trompetes de la mort seques', '1 raig brandi', '1 nyora', 'Sal', 'Pebre', 'Oli OVE']","['Escalfem 750 ml brou de pollastre.\xa0', 'Salpebrem 4 guatlles netes i tallades pel mig.\xa0', ""Posem un raig d'oli en una cassola ampla i, un cop calent, hi posem les 4 guatlles amb la pell tocant la paella.\xa0\xa0"", 'Deixem que les guatlles es marquin pel costat de la pell i les girem. Un cop estiguin marcades pels dos costats, les retirem i les reservem.\xa0\xa0\xa0', 'Separem la part blanca de la verda de dues cebes tendres i tallem a brunesa la part blanca. La part verda, la guardem per a després.\xa0\xa0', ""Posem la ceba tallada a brunesa la cassola on hi havia les guatlles i si cal, hi posem més oli. Afegim dos grans d'all aixafats i deixem que la ceba i l'all es facin un mínim de 10 minuts a foc mitjà.\xa0\xa0"", 'Obrim 1 nyora i li buidem les llavors. La triturem fins a fer-ne pols i la reservem.\xa0', 'Posem al molinet un grapat de trompetes de la mort seques i barregem aquesta pols amb la de la nyora.\xa0\xa0', 'Quan el sofregit de ceba i all està fet, hi tirem un raig de brandi.\xa0\xa0', ""Quan el brandi s'hagi evaporat, hi tirem l'arròs i deixem que es perli.\xa0"", 'Un cop perlat, hi tirem la barreja de pols de nyora i bolets.\xa0', ""Ho integrem bé i repartim l'arròs a la cassola.\xa0\xa0"", ""Posem les guatlles per sobre l'arròs i hi tirem 750 ml de brou bullint.\xa0\xa0"", ""Deixem que l'arròs es cogui 15 minuts a foc mitjà amb les guatlles.\xa0\xa0"", 'Passat aquest temps, apaguem el foc i tapem la cassola.\xa0\xa0', ""Deixem que l'arròs reposi 2 minuts.\xa0"", 'Tallem a rodelles molt fines la part verda de la ceba tendra.\xa0\xa0', ""Emplatem l'arròs i hi posem unes rodelles de ceba tendra que acabem de tallar.\xa0\xa0""]","['Ceba', 'Bolets', 'Arròs bomba', 'Brou de carn']"
Feijoada,https://www.3cat.cat/tv3/cuines/recepta/feijoada/41936/,25,https://img.3cat.cat/multimedia/jpg/6/6/1696579652166_326.jpg,Baixa,Més d'una hora,,"[""1 peu de porcMitja orella de porc400 g mongeta negra200 g arròs rodó cuit amb all200 g costella de porc180 g xoriço crioll150 g cansalada fresca100 g cansalada viada salada4 cullerades de farofa de mandioca3 fulles de col2 cebes tendres2 grans d'all1 taronjaCachaçaLlorerPebre vermell fumat dolçMantegaOli OVEPebre negreSal"", '1 peu de porc', 'Mitja orella de porc', '400 g mongeta negra', '200 g arròs rodó cuit amb all', '200 g costella de porc', '180 g xoriço crioll', '150 g cansalada fresca', '100 g cansalada viada salada', '4 cullerades de farofa de mandioca', '3 fulles de col', '2 cebes tendres', ""2 grans d'all"", '1 taronja', 'Cachaça', 'Llorer', 'Pebre vermell fumat dolç', 'Mantega', 'Oli OVE', 'Pebre negre', 'Sal']","['Comencem escalfant oli en una olla. Salpebrem un peu de porc partit en dues meitats, mitja orella de porc tallada a mida mossegada, 150 g de papada de porc i 200 g de costella de porc desossada i tallada a talls grossos.\xa0', ""Quan l'oli està calent, afegim les carns a l'olla i les marquem. Un cop marcades, les reservem en un plat.\xa0"", ""Tallem 2 cebes tendres a brunesa i un all a microbrunesa. Ho afegim a l'olla i ho fem suar a foc suau fins que la ceba queda transparent.\xa0\xa0"", ""Afegim a l'olla una cullerada de pebre vermell fumat dolç i aixequem sucres amb un raig de cachaça.\xa0"", ""Aboquem a l'olla 400 g de fesols negres que hem hidratat 12 hores en aigua mineral i escorregut. També 180 g de xoriço criollo, les carns marcades i una fulla de llorer. Cobrim amb aigua i un cop bulli, baixarem el foc i courà una hora.\xa0"", ""Un cop ha passat l'hora de cocció, retirem el xoriço criollo, el tallem a rodelles grans i els tornem a afegir a l'olla. Mantenim el foc baix i fem una segona cocció de 30 minuts. A continuació, retirarem del foc i deixarem reposar 6 hores.\xa0"", ""Coem 200 g d'arròs rodó curt netejant primer l'arròs sota la pica. A continuació enrossim un all laminat en un pot amb oli. Quan l'all agafa color, afegim l'arròs net, una mica de sal i ho integrem. Cobrim amb aigua i tapem el pot. Quan l'aigua bull, coem a foc fort durant 2 minuts, a continuació baixem el foc al mínim i coem 12 minuts més. Tanquem el foc i reservem.\xa0"", ""Traiem el tronc a una fulla de col, l'enrotllem i tallem a juliana molt fina.\xa0"", ""Escalfem una paella amb oli OVE i un all, que tallem ben menut. Quan l'all comença a ballar, afegim la col i una mica de sal a la paella. Saltem un parell de minuts i reservem en un plat.\xa0"", 'Agafem una nou generosa de mantega i la desfem en una paella, afegim 100 g de cansalada viada que hem tallat a tires i la saltem a foc fort.\xa0', 'Quan la cansalada està ben marcada, hi afegim 4 cullerades de farina de mandioca, una mica de sal i coem a foc mitjà tot remenant fins que la farina queda torrada.\xa0\xa0', 'Tallem a grills una taronja traient la pell de cada grill i reservem en un plat.\xa0', 'Emplatem posant fesols i carn en un plat, una mica de col saltada, arròs, farofa i acabem amb un parell de grills de taronja. I ja tenim la feijoada a punt per menjar.\xa0\xa0']","['Col', 'Mongeta negra', 'Porc', 'Arròs rodó']"
Xips de plàtan,https://www.3cat.cat/tv3/cuines/recepta/xips-de-platan/42296/,25,https://img.3cat.cat/multimedia/jpg/0/7/1700208902070_326.jpg,Baixa,Menys de 30 minuts,,"['2 plàtans mascle verds2 alvocats1 llimaTabascoOli OVEPebreSal', '2 plàtans mascle verds', '2 alvocats', '1 llima', 'Tabasco', 'Oli OVE', 'Pebre', 'Sal']","['Pelem i laminem els plàtans.\xa0', 'Pelem i laminem els plàtans.\xa0', ""Els fregim amb oli d'oliva verge extra\xa0fins que quedin ben cruixents. Els reservem sobre paper absorbent i els salpebrem.\xa0"", ""Els fregim amb oli d'oliva verge extra\xa0fins que quedin ben cruixents. Els reservem sobre paper absorbent i els salpebrem.\xa0"", ""Turbinem els alvocats amb una mica d'oli, suc de llima, sal i unes gotes de tabasco, fins que obtinguem una textura untable.\xa0\xa0"", ""Turbinem els alvocats amb una mica d'oli, suc de llima, sal i unes gotes de tabasco, fins que obtinguem una textura untable.\xa0\xa0"", ""Emplatem la salsa d'alvocat, amb una mica de llima que hi ratllem per sobre\xa0i un raig d'oli d'oliva verge extra. Emplatem les xips de manera que tinguem la salsa a la vora per anar-les-hi sucant.\xa0\xa0"", ""Emplatem la salsa d'alvocat, amb una mica de llima que hi ratllem per sobre\xa0i un raig d'oli d'oliva verge extra. Emplatem les xips de manera que tinguem la salsa a la vora per anar-les-hi sucant.\xa0\xa0""]","['Plàtans', 'Llima', 'Alvocat']"
Vegetals amanits,https://www.3cat.cat/tv3/cuines/recepta/vegetals-amanits/41876/,25,https://img.3cat.cat/multimedia/jpg/2/9/1695813152092_326.jpg,,Menys d'una hora,,"[""15 espàrrecs verds1 ceba\xa0tendra2 pebrots verds2 pastanagues1 carbassó80 ml de salsa de sojaSèsam blanc torratOrenga secaFarigola secaPebre negreAll en pols40 g d'anacards naturals1 llimaOli OVE"", '15 espàrrecs verds', '1 ceba\xa0tendra', '2 pebrots verds', '2 pastanagues', '1 carbassó', '80 ml de salsa de soja', 'Sèsam blanc torrat', 'Orenga seca', 'Farigola seca', 'Pebre negre', 'All en pols', ""40 g d'anacards naturals"", '1 llima', 'Oli OVE']","['Buidem i tallem a juliana 2 pebrots verds nets, tallem 1 ceba tendra\xa0neta, 2 pastanagues pelades i un carbassó net.\xa0', 'Tallem pel mig en vertical i en horitzontal 15 espàrrecs verds nets.\xa0', ""Posem una paella a escalfar i quan sigui ben calenta, hi tirem un raig d'oli OVE.\xa0"", ""Quan l'oli sigui ben calent, hi tirem els vegetals reservats. Si la paella no és prou grossa, s'hauria de fer en dues o tres tandes.\xa0\xa0"", ""Mentrestant, podem preparar la salsa. Dins un bol gros, on servirem els vegetals, tirem 80 ml de salsa de soja, un polsim d'orenga seca, un polsim de farigola seca, unes voltes de pebre negre, un polsim d'all deshidratat i un raig de suc de llima. Ho barregem bé.\xa0"", 'Si els vegetals ja estan lleugerament torrats, els posem al bol amb la salsa i ho integrem tot.\xa0', ""En un morter triturem un grapat petit de sèsam blanc torrat i després hi barregem 40 g d'anacards naturals que també triturarem.\xa0"", 'Emplatem.\xa0']","['All', 'Pastanagues', 'Carbassó', 'Espàrrecs', 'Soja', 'Llima', 'Farigola', 'Ceba', 'Orenga', 'Pebrot verd']"
Endívies amb formatge,https://www.3cat.cat/tv3/cuines/recepta/endivies-amb-formatge/41816/,25,https://img.3cat.cat/multimedia/jpg/0/0/1695119949000_326.jpg,Baixa,Menys de 30 minuts,Vegetariana,"['4 endívies vermelles100 g de formatge blauCacauets fregits amb mel i salOli OVEMentaPebreSal', '4 endívies vermelles', '100 g de formatge blau', 'Cacauets fregits amb mel i sal', 'Oli OVE', 'Menta', 'Pebre', 'Sal']","[""Tallem les endívies pel mig, de llarg. Les salpebrem i les enrossim per banda i banda, amb un raig d'oli d'oliva verge extra."", ""Posem les endívies enrossides en una safata de forn. Per sobre, hi posem daus grossos de formatge blau, sense la pela. Les enfornem 4' a 200 ºC."", ""Les emplatem amb una picada que farem amb cacauets fregits amb mel i sal, menta fresca i oli d'oliva verge extra.""]","['Verdures i hortalisses', 'Formatge', 'Cacauets']"
Banderilles,https://www.3cat.cat/tv3/cuines/recepta/banderilles/41660/,27,https://img.3cat.cat/multimedia/jpg/3/5/1689849086253_326.jpg,Baixa,,,"[""12 olives mançanenques sense pinyol8 olives farcides de pebrot60 g formatge anyenc en oli d'oliva20 g cecina4 anxoves en oli OVE4 piparres2 cogombrets en vinagre8 cebetes envinagrades12 escuradents"", '12 olives mançanenques sense pinyol', '8 olives farcides de pebrot', ""60 g formatge anyenc en oli d'oliva"", '20 g cecina', '4 anxoves en oli OVE', '4 piparres', '2 cogombrets en vinagre', '8 cebetes envinagrades', '12 escuradents']","['Banderilla de formatge i cecina:', 'Tallem a daus 60 g de formatge anyenc en oli oliva.\xa0\xa0', 'Tallem a tires 20 g de cecina de vaca.\xa0', 'Enfilem en un escuaradents 1 tira de cecina girada sobre si mateixa,\xa01 oliva mançanenca sense pinyol, 1 dau de formatge i\xa01 tira de cecina girada sobre si mateixa.\xa0', ""Si l'escuradents és molt llarg, podem repetir l'operació.\xa0\xa0"", None, 'Tallem 4 piparres per la meitat.\xa0', 'En un escuradents enfilem\xa01 oliva mançanenca sense pinyol, 1/2 piparra, 1 anxova\xa0i\xa01 oliva mançanenca sense pinyol.\xa0', '\xa0\xa0', 'Banderilla vegana:', 'Tallem a làmines 2 cogombres en vinagre.\xa0', 'Emboliquem 1 cebeta envinagrada amb la làmina de cogombre.\xa0\xa0', 'Enfilem el cogombre i la ceba amb un escuradents. Tot seguit, enfilem 1 oliva farcida de pebrot i ho repetim 3 cops.\xa0', 'Si fem més banderilles de les que necessitem, les cobrirem en oli i les guardarem a la nevera.']","['Cogombre', 'Anxoves', 'Formatge', 'Olives']"
Empedrat amb bacallà fumat,https://www.3cat.cat/tv3/cuines/recepta/empedrat-amb-bacalla-fumat/41657/,27,https://img.3cat.cat/multimedia/jpg/5/9/1689846319295_326.jpg,Baixa,,,"['130 g mongeta vermella130 g mongeta blanca130 g mongeta ""pinta""\xa0(tacada)3 l aigua1 paquet de bacallà fumat8 cirerols1 ceba de Figueres1/2 pebrot verd1/2 pebrot vermell2 ous80 g formatge feta40 g tàperes grossesPorradellOli OVEPebre negreSal', '130 g mongeta vermella', '130 g mongeta blanca', '130 g mongeta ""pinta""\xa0(tacada)', '3 l aigua', '1 paquet de bacallà fumat', '8 cirerols', '1 ceba de Figueres', '1/2 pebrot verd', '1/2 pebrot vermell', '2 ous', '80 g formatge feta', '40 g tàperes grosses', 'Porradell', 'Oli OVE', 'Pebre negre', 'Sal']","['Cobrim amb 3\xa0litres d\'aigua mineral 130 g de mongeta vermella, 130 de mongeta blanca hidratada i 130 g de mongeta ""pinta"" (amb taquetes).\xa0', 'Les deixem així un mínim de 8 hores a la nevera. \xa0', 'Un cop hidratades, les escorrem.\xa0\xa0', ""Posem aigua a bullir i les mongetes, a l'olla. Les mongetes han de quedar cobertes d'aigua, amb més aigua que mongetes, entre dos i tres dits.\xa0"", ""Quan bulli l'aigua, abaixem el foc. Afegim sal a l'olla.\xa0"", ""Sense que deixi de fer xup-xup, ho deixem bullint uns 50 minuts, però anem enretirant l'escuma que es vagi formant.\xa0 \xa0"", 'Tastem les mongetes i, quan estiguin fetes, apaguem el foc i deixem els llegums reposant en la seva aigua de cocció un mínim de 20 minuts.\xa0\xa0', 'Deixem que les mongetes es vagin refredant\xa0i, quan ja estiguin a temperatura ambient, les portem a la nevera. \xa0', 'Posem un pot amb aigua a escalfar per coure dos ous, que els deixarem durs (8 minuts de cocció). \xa0', 'Piquem a brunesa 1 ceba de Figueres, 1/2 pebrot verd i 1/2 pebrot vermell.\xa0\xa0', 'Tallem per la meitat 8 cirerols.\xa0', 'Posem en un bol gran la ceba, els pebrots i els cirerols.\xa0', 'Tallem 40 g de tàperes i els afegim al bol.\xa0', 'Tallem a daus 80 g de formatge feta.\xa0', 'Aboquem al bol les mongetes fredes.\xa0', ""Barregem l'empedrat amb cura per no trencar les mongetes.\xa0"", ""Piquem una mica de porradell i l'afegim al bol.\xa0"", 'Ho amanim amb sal, pebre negre al gust i oli OVE.\xa0', 'Ho integrem amb cura.\xa0', 'Pelem i tallem a quarts els 2 ous bullits.\xa0', 'Posem unes llesques de bacallà fumat i ho servim.\xa0']","['Ous', 'Tomàquets', 'Mongetes vermelles', 'Mongeta negra', 'Mongeta blanca', 'Bacallà', 'Formatge', 'Pebrot vermell']"
Xistorra a la sidra,https://www.3cat.cat/tv3/cuines/recepta/xistorra-a-la-sidra/41617/,27,https://img.3cat.cat/multimedia/jpg/7/2/1689058780127_326.jpg,Baixa,Menys d'una hora,,"[""440 g de xistorra250 ml de sidraLlorer2 grans d'allOli OVE"", '440 g de xistorra', '250 ml de sidra', 'Llorer', ""2 grans d'all"", 'Oli OVE']","[""Posem un gra d'all aixafat en una paella amb oli i l'hi saltem.\xa0"", ""Tallem 440 g de xistorra i l'afegim a paella on hi ha l'all. Ho saltem dos minuts a foc fort. \xa0"", ""En retirem l'excés d'oli amb una cullera. Hi afegim dues fulles de llorer i 250 ml de sidra. Ho bullim a foc mitjà fort durant set minuts.\xa0"", ""Un cop passat aquest temps, la sidra s'haurà reduït i ja ho podem servir.\xa0""]","['All', 'Porc', 'Llorer']"
Galetes de civada amb xocolata,https://www.3cat.cat/tv3/cuines/recepta/galetes-de-civada-amb-xocolata/41497/,27,https://img.3cat.cat/multimedia/jpg/4/4/1687766557144_326.jpg,Baixa,Menys d'una hora,Vegetariana,"['150 g de crema de cacauet75 g de farina de civada60 g de sucre panela60 g de flocs de civada20 g de perles de xocolata2 ousImpulsorCanyella en polsSal', '150 g de crema de cacauet', '75 g de farina de civada', '60 g de sucre panela', '60 g de flocs de civada', '20 g de perles de xocolata', '2 ous', 'Impulsor', 'Canyella en pols', 'Sal']","[""En un bol hi posem 150 g de crema de cacauet, 60 g de panela, 1 ou, 1 rovell, sal, 1 culleradeta d'impulsor, 1 culleradeta de canyella en pols i 75 g de farina de civada que tamisem. Ho barregem tot.\xa0"", 'A continuació, hi afegim 20 g de perles de xocolata i 60 g de flocs de civada. Ho integrem.\xa0', 'Anem fent boletes i les aixafem en forma de galeta. Les anirem posant en una safata amb paper sulfurat.\xa0\xa0', 'Portem la safata al forn a 180º durant 10 minuts.\xa0']","['Ous', 'Farina de civada', 'Canyella', 'Xocolata', 'Cacauets', 'Sucre panela']"
"Entrepà de ""mandonguilles""",https://www.3cat.cat/tv3/cuines/recepta/entrepa-de-mandonguilles/41536/,27,https://img.3cat.cat/multimedia/jpg/0/2/1687955070220_326.jpg,Baixa,Menys de 30 minuts,,"[""600 g botifarra de pagès200 g cacauets fregits salats4 panets allargats2 cebes1 llimonaCoriandreTabascoOli d'oliva verge extraPebreSal"", '600 g botifarra de pagès', '200 g cacauets fregits salats', '4 panets allargats', '2 cebes', '1 llimona', 'Coriandre', 'Tabasco', ""Oli d'oliva verge extra"", 'Pebre', 'Sal']","['Traiem el farcit de les botifarres, fent forma de mandonguilles petites i les fregim amb oli.', 'A mig fregir, hi afegim la ceba que haurem tallat a juliana fina. Ho saltem tot junt, i ho corregim de sal i pebre.', ""Fem una salsa de cacauets: triturem els cacauets i, un cop triturats, hi incorporem el suc de mitja llimona, unes gotes de tabasco, pebre negre i una mica d'aigua, i ho tornem a triturar. Hem d'aconseguir una salsa cremosa."", 'Obrim els nostres panets, els untem amb la salsa de cacauets, els omplim amb les mandonguilles amb ceba i\xa0unes\xa0fulles de coriandre.']","['Ceba', 'Llimona', 'Porc', 'Coriandre', 'Oli', 'Cacauets']"
Falàfel amb maionesa de safrà,https://www.3cat.cat/tv3/cuines/recepta/falafel-amb-maionesa-de-safra/41678/,27,https://img.3cat.cat/multimedia/jpg/8/6/1690193409868_326.jpg,Baixa,Menys d'una hora,Vegetariana,"[""300 g cigrons2 grans d'all2 cebes tendres1 ou1 llimonaCoriandre frescComíSalPebreCaiena moltaOli d'oliva 0,4Oli OVEFarina de cigróBrins de safràJulivert"", '300 g cigrons', ""2 grans d'all"", '2 cebes tendres', '1 ou', '1 llimona', 'Coriandre fresc', 'Comí', 'Sal', 'Pebre', 'Caiena molta', ""Oli d'oliva 0,4"", 'Oli OVE', 'Farina de cigró', 'Brins de safrà', 'Julivert']","['Posem a hidratar 300 g de cigrons pedrosillano secs amb aigua mineral fins a cobrir-los del tot. Ho duem a la nevera durant 12 hores.\xa0 Un cop passat aquest temps, els escorrem, els posem en un bol gros i els triturem.\xa0', ""Tallem dues cebes tendres i separem la part blanca de la verda. La verda la reservem per al final. Tallem a micro la part blanca i l'afegim al bol.\xa0"", 'Trinxem coriandre i julivert i també ho afegim al bol.\xa0', ""Pelem dos grans d'all, en traiem els germinats i els ratllem al bol.\xa0"", 'Hi afegim una cullerada de comí, sal, pebre i caiena molta. Ho integrem bé, ho tapem amb un plat i ho duem 30 minuts a la nevera.\xa0', ""Per fer la maionesa, posem en un got batedor una cullerada comí en pols, un ou, oli d'oliva, un raig de llimona que espremem, brins de safrà i sal. Ho emulsionem. També hi posem julivert trinxat, que integrem amb una llengua.\xa0"", ""Fem boletes amb la pasta del falàfel freda de nevera. Les aplanem una mica. Després les passem per farina de cigró i les fregim en oli ben calent. Les anem deixant a sobre d'un paper absorbent.\xa0"", 'Ho servim amb la part de la ceba verda que hem tallat al principi i amb la maionesa al costat.\xa0']","['Ous', 'All', 'Cigró', 'Julivert', 'Safrà', 'Comí', 'Ceba']"
Plàtan rostit amb gelat de nata,https://www.3cat.cat/tv3/cuines/recepta/platan-rostit-amb-gelat-de-nata/41776/,27,https://img.3cat.cat/multimedia/jpg/9/5/1694506762059_326.jpg,Baixa,Menys d'una hora,Vegetariana,"['30 g mantega4 plàtans de Canàries1 beina de vainillaSucre morèBrandiGelat de nata', '30 g mantega', '4 plàtans de Canàries', '1 beina de vainilla', 'Sucre morè', 'Brandi', 'Gelat de nata']","[""Desfem 30 g de mantega en una cassola. Quan s'ha desfet, hi afegim 4 plàtans de Canàries pelats i els fregim per totes bandes.\xa0"", ""Quan el plàtan s'ha enrossit, hi afegim 1 cullerada de sucre morè i caramel·litzem.\xa0"", 'Hi afegim 1 raig de brandi i 1 beina de vainilla que obrim i buidem. Ho courem fins que agafi densitat.\xa0', ""Agafem un gelat de nata i a l'hora d'emplatar en posarem una quenelle al costat del plàtan.\xa0""]","['Plàtans', 'Nata', 'Sucre panela']"
Carpaccio de remolatxa,https://www.3cat.cat/tv3/cuines/recepta/carpaccio-de-remolatxa/41616/,27,https://img.3cat.cat/multimedia/jpg/9/4/1689058547549_326.jpg,Baixa,Menys d'una hora,Vegetariana,"[""2 remolatxes grosses cuites200 g de ricotta25 ml d'oli OVE2 llimesRas-alhanutMentaSal en escates"", '2 remolatxes grosses cuites', '200 g de ricotta', ""25 ml d'oli OVE"", '2 llimes', 'Ras-alhanut', 'Menta', 'Sal en escates']","['En un bol, hi posem mitja cullerada de ras-alhanut i 200 g de ricotta i ho barregem.\xa0', ""En un altre bol, hi posem una llima espremuda i oli d'oliva, uns 25 ml. Ho integrem amb unes varetes.\xa0"", 'Laminem en un plat rodelles de dues remolatxes ja cuites i pelades. Amb guants no us tacareu.\xa0', 'Per sobre de la remolatxa, hi escampem la barreja de ricotta. \xa0', ""Tallem menta a la juliana i també l'hi escampem per sobre. \xa0"", ""Per últim, hi ratllem la pela de llima i hi afegim la salsa d'oli i llima i sal en escates.\xa0""]","['Herbes, espècies, llavors i condiments', 'Llima', 'Formatge', 'Oli', 'Remolatxa']"
Baklava,https://www.3cat.cat/tv3/cuines/recepta/baklava/41697/,27,https://img.3cat.cat/multimedia/jpg/5/7/1690541395875_326.jpg,Baixa,Més d'una hora,Vegetariana,"[""9 fulls de pasta fil·lo100 g de festucs naturals pelats50 g de nous pelades100 g de mantega100 g de sucre50 ml de suc de taronja100 ml d'aigua1 branca de canyella30 g de mel"", '9 fulls de pasta fil·lo', '100 g de festucs naturals pelats', '50 g de nous pelades', '100 g de mantega', '100 g de sucre', '50 ml de suc de taronja', ""100 ml d'aigua"", '1 branca de canyella', '30 g de mel']","[""Agafem 9 fulls de pasta fil·lo i la base d'un motlle rodó de pinça de 20 cm de diàmetre. Posem la base sobre un dels extrems dels fulls de pasta i, amb l'ajuda d'un ganivet, resseguim la vora retallant-la. Reservem els discos en un plat i repetim l'operació posant la base del motlle a l'altre extrem dels fulls de pasta fil·lo. Un cop reservats al mateix plat, ho tapem amb un drap humit per evitar que s'assequin.\xa0"", 'En una picadora hi aboquem 100 g de festucs naturals pelats i 20 g de nous pelades. Ho triturem fins a tenir una textura de sorra amb alguns trossets més grossos.\xa0', 'Posem un pot al foc i hi fonem 100 g de mantega. No cal que arribi a bullir.\xa0', 'Comencem a muntar el baklava encaixant la base del motlle amb la pinça. Pintem la base amb mantega fosa i hi posem dos fulls de pasta fil·lo. Ho pintem de nou i hi posem dos fulls més. Repetim aquesta operació un tercer cop.\xa0', ""Repartim per sobre un terç de la barreja de fruita seca triturada. A continuació hi posem dos fulls de pasta, ho pintem i repetim l'operació dos cops més.\xa0"", ""Tornem a repartir un terç de la fruita seca per sobre. Posem de nou 2 fulls més de pasta fil·lo i ho pintem amb mantega. Repetim aquesta operació i ho acabem posant-hi un full de pasta, ho pintem, i després l'últim full de pasta que ens queda, i ho tornem a pintar.\xa0"", 'Un cop tenim el baklava muntat dins del motlle, el tallem fent un tall vertical per la meitat. Tot seguit, fem un tall més a cada meitat en vertical. A continuació, fem tres talls a les parts de dins en horitzontal, de manera que aconseguim vuit porcions. I acabem fent tres talls a les parts més exteriors. En total, haurem fet catorze porcions.\xa0\xa0', 'Enfornem el baklava 30 minuts a 180º amb la funció de ventilador. A continuació, el deixarem temperar dins del mateix motlle.\xa0', ""Fem un almívar amb 50 ml de suc de taronja, 100 g de sucre, 100 ml d'aigua, una branca de canyella i 30 g de mel. Ho coem a foc mitjà-baix 8 minuts.\xa0"", ""Traiem el canonet de canyella de l'almívar. Posem un plat sota el motlle i aboquem l'almívar per sobre el baklava fent que quedi tot xopat.\xa0"", ""Repartim l'últim terç de fruita seca triturada per sobre i ho deixem reposar 1 hora a temperatura ambient.\xa0"", 'Desmotllem el baklava i passem els trossos a un plat. Ja està a punt per menjar.\xa0']","['Farina de blat', 'Mantega', 'Nous']"
Pâté en croûte,https://www.3cat.cat/tv3/cuines/recepta/pate-en-croute/41596/,27,https://img.3cat.cat/multimedia/jpg/5/4/1690561019045_326.jpg,Mitjana,Més d'una hora,,"['PER A 8 PERSONESPer fer la pasta brisa250 g farina125 g mantega50 ml aigua3 ousSalPer fer el paté400 g cuixa de pollastre300 g cansalada100 g peu de porc cuit100 g festucs100 ml glaça de porc50 ml nata del 35%3 ousPebreSal', 'PER A 8 PERSONES', 'Per fer la pasta brisa', '250 g farina', '125 g mantega', '50 ml aigua', '3 ous', 'Sal', '', 'Per fer el paté', '400 g cuixa de pollastre', '300 g cansalada', '100 g peu de porc cuit', '100 g festucs', '100 ml glaça de porc', '50 ml nata del 35%', '3 ous', 'Pebre', 'Sal']","['Comencem fent la pasta brisa. En un bol, tamisem la farina i la barregem amb la mantega pomada, que tindrem tallada a daus. Hem de notar que aconseguim una textura de sorra.', ""Hi afegim 50 ml d'aigua, 3 rovells d'ou i un pessic de sal, i ho pastem fins que tinguem una pasta\xa0homogènia.\xa0Ho tapem amb un drap humit i ho deixem a la nevera, on ha de reposar 30 minuts."", 'Per fer el paté, barregem els 400 g de cuixa de pollastre, que haurem tallat a macedònia, amb els 100 g de peu de porc (bullit i tallat a la\xa0brunesa), els 300 g de cansalada (tallada també a la\xa0brunesa), 2 ous, 50 ml de nata, 100 g de festucs, sal i pebre. Ho integrem bé i ho reservem a la nevera.', 'Estirarem la pasta brisa\xa0ajudant-nos de paper sulfurat i corró, fins a 3 mm de gruix. Un cop estirada, en tallem 4 parts segons les mides del motlle (una part grossa, que cobrirà el fons i els laterals més amples, dues parts que cobriran els laterals estrets i una última part que farà de tapa). A la part que ens farà de tapa, hi fem dos forats col·locats de manera proporcional, fent servir uns broquets de mànega pastissera, o bé un ganivet.', ""Folrem el motlle amb la part més grossa de pasta brisa. Pintem els laterals de la pasta, amb ou batut, i hi encaixem les parts de pasta brisa més petites, cobrint els laterals. L'ou batut ajudarà a unir les parts. Ho omplim amb el farcit, aplanant-ho\xa0i procurant que no hi quedin espais d'aire. Dobleguem les parts de pasta brisa que sobresurten, mig tapant el paté. Pintem de nou els extrems amb ou i ho acabem de tapar del tot, amb la part de pasta brisa que té els forats. Ho pressionem per assegurar que queda ben segellat. Posem els broquets als forats, perquè faran de xemeneia. Si no tenim broquets, cargolem dos bocins de paper sulfurat, de manera que encaixin als forats. Ho enfornem 60 minuts a 180ºC. I, després, a reposar\xa024 hores a la nevera."", ""Aboquem, a l'interior dels dos forats, 100 ml de glaça de porc\xa0calenta\xa0i ho tornem a ficar a la nevera 30 minuts."", 'Ho tallem a llesques i ho emplatem. \xa0']","['Ous', 'Pollastre', 'Porc', 'Farina de blat', 'Mantega', 'Nata', 'Festucs']"
Espatlla de cabrit lacada,https://www.3cat.cat/tv3/cuines/recepta/espatlla-de-cabrit-lacada/41620/,27,https://img.3cat.cat/multimedia/jpg/8/0/1689068806608_326.jpg,Mitjana,Més d'una hora,,"[""2 espatlles de cabrit30 g de mel milflors15 g de sal fina1 taronja1 llimona1 cabeça d'allsBranca de romaníCanonet de canyellaVinagre de xerèsOli OVEPebre negrePer al brou:500 g de garretes de xai500 ml d'aigua mineral1 pastanagaMig porro1 gra d'allBrandi"", '2 espatlles de cabrit', '30 g de mel milflors', '15 g de sal fina', '1 taronja', '1 llimona', ""1 cabeça d'alls"", 'Branca de romaní', 'Canonet de canyella', 'Vinagre de xerès', 'Oli OVE', 'Pebre negre', 'Per al brou:', '500 g de garretes de xai', ""500 ml d'aigua mineral"", '1 pastanaga', 'Mig porro', ""1 gra d'all"", 'Brandi']","[""Torrem al forn 15 minuts a 220º una pastanaga a la bresa, mig porro a la bresa, 500 g de garretes de xai i un raig d'oli. Ho posem tot a dins d'una olla de pressió amb un raig de brandi i, quan l'alcohol se n'hagi evaporat, hi afegim un gra d'all i 500 ml d'aigua. Ho tapem i, quan xiuli, ho coem 20 minuts. Després ho deixem reposar deu minuts més. Per últim, ho colem un cop reposat.\xa0"", ""Fem un bany de sal a dues espatlles de cabrit. Les tenim durant una hora a la nevera amb una dissolució de 15 g de sal per litre d'aigua. Després les eixugarem, les posem en una safata per anar al forn i les pebrem.\xa0"", ""Tallem per la meitat una cabeça d'alls i l'afegim a la safata juntament amb un canonet de canyella i una branca de romaní. \xa0"", 'Hi afegim 500 ml de brou ja colat i ho enfornem 90 minuts a 160º. Quan hagin passat 45 minuts, girem les espatlles. Un cop passat aquest temps, posem el suc de la cocció en un recipient.\xa0', ""Pelem unes quantes làmines de pela de taronja. En repelem les parts blanques. La tallem a juliana molt fina i la posem en un pot amb aigua. Hi encenem el foc i, quan hi arrenqui el bull, ho colem amb un colador. Descartem l'aigua del blanquejat.\xa0"", ""En un pot, hi posem el suc de cocció de les espatlletes, el suc d'una taronja que espremem i colem, i el suc d'una llimona que espremem i colem. \xa0"", ""També hi posem 30 g de mel milflors. Hi afegim un raig de vinagre de xerès. Ho coem deu minuts tot junt fins que n'obtinguem una textura de glaça.\xa0"", 'Pintem les espatlletes amb la glaça. Ho fiquem al forn deu minuts a 200º. Quan hagin passat cinc minuts, tornem a pintar les espatlles.\xa0', 'Un cop cuites, les tornem a lacar amb la resta de la glaça. Ho emplatem.\xa0']","['All', 'Taronja', 'Cabrit', 'Canyella', 'Romaní', 'Mel', 'Brou de carn']"
Pessic de polenta i taronja,https://www.3cat.cat/tv3/cuines/recepta/pessic-de-polenta-i-taronja/41658/,27,https://img.3cat.cat/multimedia/jpg/7/8/1689846832487_326.jpg,Baixa,,,"[""170 g farina d'ametlla100 g polenta100 g mel3 ous2 taronges de taula2 taronges de suc2 beines de vainilla5 g impulsor químicMantegaSal100 g mantega (pomada)40 g sucre de llustre30 ml aigua7 g cafè soluble"", ""170 g farina d'ametlla"", '100 g polenta', '100 g mel', '3 ous', '2 taronges de taula', '2 taronges de suc', '2 beines de vainilla', '5 g impulsor químic', 'Mantega', 'Sal', '100 g mantega (pomada)', '40 g sucre de llustre', '30 ml aigua', '7 g cafè soluble']","['Ratllem la pell de 2 taronges. Un cop ratllades, els traiem el suc.\xa0\xa0', 'En un bol mitjà batem 2 ous. Afegim al bol 100 g de mel, la ratlladura de les taronges i el suc de taronja sense colar. Ho integrem tot amb la vareta manual.\xa0', ""Afegim al bol 170 g de farina d'ametlla, 100 g de polenta, 5 g d'impulsor químic, l'interior de 2 beines de vainilla i un pessic de sal.\xa0"", 'Ho integrem bé.\xa0', 'Untem amb una mica de mantega un motlle de pinça rodó de 20 cm de diàmetre. Tallem un paper sulfurat amb la forma de la base del motlle i de les parets i ho enganxem amb la mantega. \xa0', 'Aboquem la massa del pa de pessic al motlle amb el paper. \xa0', 'Pelem a sang 2 taronges de taula i tallem les rodelles del mig. Hem de tenir 8 rodelles en total i han de ser de mig centímetre de gruix.\xa0', 'Distribuïm sobre la massa les rodelles de taronja.\xa0', 'Enfornem a 180º 40 minuts.\xa0', ""Passat aquest temps, traiem el pastís del forn i hi clavem un escuradents. Si surt sec, el podem treure del tot i, si no, el deixem 5 minuts més fins que l'escuradents surti sec.\xa0\xa0"", 'Un cop el pastís està cuit, el deixem temperar fora del forn. \xa0', ""Mentrestant, podem fer el farcit. Escalfem 30 ml d'aigua.\xa0"", ""Quan l'aigua fumegi, hi tirem 7 g de cafè soluble.\xa0"", 'Refredem el cafè canviant-lo a una tassa grossa. \xa0', 'Posem en un bol 100 g de mantega pomada i ho batem amb el braç elèctric uns dos minuts. Passat aquest temps, hi anem afegint 40 g de sucre llustre i anem batent fins a tenir una textura cremosa.\xa0', 'Afegim el cafè temperat al bol de mica en mica i seguim batent. \xa0', ""Desmotllem el pessic i l'obrim per la meitat.\xa0\xa0"", 'Posem el farciment de cafè al pessic i el tornem a tapar.\xa0', 'Servim.\xa0']","['Ous', 'Taronja', 'Mantega', 'Mel', 'Sucre', 'Polenta']"
Sopa de pa amb mandonguilles,https://www.3cat.cat/tv3/cuines/recepta/sopa-de-pa-amb-mandonguilles/41756/,27,https://img.3cat.cat/multimedia/jpg/8/2/1694506901928_326.jpg,Baixa,Menys d'una hora,,"[""200 g de mandonguilles80 g de pa sec sense crosta5 grans d'allFarinaFarigolaOli OVESal"", '200 g de mandonguilles', '80 g de pa sec sense crosta', ""5 grans d'all"", 'Farina', 'Farigola', 'Oli OVE', 'Sal']","[""Tallem a rodelles molt fines 5 grans d'all.\xa0 \xa0"", ""Fregim a la cassola 80 g de pa sec sense crosta i quan comenci a estar ros hi afegim l'all fins que s'enrosseixi.\xa0"", 'Hi afegim farigola i una mica de sal.\xa0', ""Ho cobrim amb aigua i trinxem el pa amb l'espàtula durant 5 minuts. \xa0"", 'Mentrestant, enfarinem 200 g de mandonguilles. Un cop enfarinades, les fregim poca estona. Afegim a la sopa les pilotetes fregides i ho coem 2 minuts i ja podem emplatar.\xa0']","['Carn', 'All', 'Farina', 'Farigola']"
Fideus d'arròs amb gambes,https://www.3cat.cat/tv3/cuines/recepta/fideus-darros-amb-gambes/41496/,27,https://img.3cat.cat/multimedia/jpg/9/5/1687766223359_326.jpg,Baixa,Menys d'una hora,,"[""400 g de fideus d'arròs250 g de cues de gamba pelada40 g de cacauets torrats3 cebes tendres1 llimaMelSalsa sojaCibuletBitxo piri-piri"", ""400 g de fideus d'arròs"", '250 g de cues de gamba pelada', '40 g de cacauets torrats', '3 cebes tendres', '1 llima', 'Mel', 'Salsa soja', 'Cibulet', 'Bitxo piri-piri']","[""Remullem durant 8 minuts 400 g de fideus en 1 litre d'aigua tèbia.\xa0\xa0"", 'Per fer la salsa, posarem en un bol 1 cullerada de mel, 2 cullerades de soja, una mica de bitxo piri-piri i 1 llima que espremem.\xa0 Ho integrem.\xa0', 'Tallem a rodelles la part verda de 3 cebes tendres i les saltem en una paella amb oli durant 2 minuts.\xa0', 'Afegim a la paella 250 g de gamba pelada i la saltem una mica. Apartem del foc i hi afegim la salsa reservada. Ho integrem.\xa0', 'Aboquem a la paella els fideus que escorrem amb les pinces i ho saltem fort 3 minuts.\xa0', 'Emplatem els fideus amb una mica de cibulet i cacauet torrat que tallem amb un ganivet.\xa0']","['Fideus', 'Gamba vermella', 'Ceba', 'Mel', 'Cacauets']"
Entrepà de crema de xocolata,https://www.3cat.cat/tv3/cuines/recepta/entrepa-de-crema-de-xocolata/41537/,27,https://img.3cat.cat/multimedia/jpg/0/3/1687956158330_326.jpg,Baixa,Menys de 10 minuts,,"['400 g ametlla garrapinyada120 g xocolata del 75%160 ml llet8 llesques de pa de motlle', '400 g ametlla garrapinyada', '120 g xocolata del 75%', '160 ml llet', '8 llesques de pa de motlle']","['Triturem les ametlles fins que tinguem una pasta.', 'Hi afegim la llet i la xocolata esmicolada, i ho tornem a triturar.\xa0', 'Torrem les llesques de pa de motlle.', 'Farcim els interiors de les llesques amb la nostra crema de xocolata\xa0i en fem entrepans.\xa0']","['Llet', 'Xocolata', 'Ametlles']"
Patates vídues,https://www.3cat.cat/tv3/cuines/recepta/patates-vidues/41316/,29,https://img.3cat.cat/multimedia/jpg/7/8/1685534634087_326.jpg,,Menys de 30 minuts,Vegetariana,"['800 g de patata monalisa', '3 cullerades de tomàquet ratllat', '4 ous', ""20 g d'ametlla torrada"", '1 llesca de pa de pagès', ""1 gra d'all"", 'Safrà', 'Julivert fresc', 'Oli OVE', 'Pebre negre', 'Sal']","['Foradem 4 ous amb una agulla de cap i els posem en una olla amb aigua fins a cobrir-los.\xa0', ""Encenem el foc i quan l'aigua comenci a bullir\xa0comptem 10 min. Passat aquest temps\xa0els deixem en aigua freda.\xa0"", ""Escalfem un raig d'oli dins una paella i hi posem un parell de grans d'all aixafats.\xa0"", 'Hi afegim també una llesca de pa tallada a mida mossegada.\xa0', ""Quan el pa i l'all estiguin torrats\xa0hi posem unes fulles de julivert tallades. \xa0"", ""Ho integrem tot. Posem en un morter 20 g d'ametlla torrada amb pell i sense sal, el contingut de la paella, uns brins de safrà, pebre negre i un polsim de sal.\xa0"", 'Ho piquem.\xa0 \xa0', 'Esqueixem 800 g de patata monalisa neta. Ha de quedar a mida mossegada. \xa0', ""En una paella hi posem un raig d'oli OVE i les patates escapçades.\xa0"", 'Remenem una mica i hi afegim 4 cullerades de tomàquet ratllat.\xa0', 'Ho salpebrem.\xa0', ""Deixem que cogui un minut i després hi posem mig litre d'aigua. Deixem que cogui uns 13 minuts. La majoria del líquid ha d'haver-se evaporat.\xa0"", 'Mentrestant\xa0pelem els ous.', 'Passat el temps de cocció de les patates\xa0tirem la picada a la paella.\xa0\xa0', ""Integrem perquè s'espesseixi.\xa0"", 'Apaguem el foc i servim amb els ous tallats a quarts.\xa0\xa0', 'Hi afegim una fulleta de julivert.\xa0']","['Ous', 'Tomàquets', 'All', 'Patates', 'Julivert', 'Safrà', 'Ametlles']"
Taronja gelada,https://www.3cat.cat/tv3/cuines/recepta/taronja-gelada/41296/,29,https://img.3cat.cat/multimedia/jpg/3/1/1684739999613_326.jpg,Baixa,Més d'una hora,Vegetariana,"['4 taronges150 g sucre100 g ametlla gra250 ml nata 35% MG80 ml aigua', '4 taronges', '150 g sucre', '100 g ametlla gra', '250 ml nata 35% MG', '80 ml aigua']","[""Farem un almívar posant a dins d'un pot 50 ml d'aigua i 50 g de sucre blanc. Ho escalfarem fins que el sucre es dissolgui. Apaguem el foc i ho reservem. Quan sigui més fred, ho posarem a la nevera.\xa0"", ""Agafem 4 taronges, en tallem la part superior i en traiem la polpa fins a buidar-les del tot. Si n'hi ha, traiem els pinyols.\xa0"", ""Posem la polpa de les taronges en un got batedor i les triturem. Ho colem fins a obtenir 180 ml de suc de taronja. Hi afegirem l'almívar que tenim fred a la nevera.\xa0"", 'En un bol fred, hi muntem 250 ml de nata 35% MG.\xa0', ""Acabarem de fer la mousse afegint a poc a poc a dins la nata muntada la barreja de suc de taronja i almívar. Ens ajudem d'unes\xa0varetes.\xa0"", 'Omplim les taronges amb la barreja que hem fet i les portarem al congelador durant 90 minuts.\xa0', ""Agafem una paella i hi posem 100 g de sucre i 30 ml d'aigua. Ho portem a ebullició i ho coem fins arribar a 121º (necessitem un termòmetre).\xa0"", ""A la mateixa paella, hi afegim 100 g d'ametlla en gra. Sense deixar de remenar veurem que el sucre cristal·litza. Després es caramel·litza. En una safata de forn amb una làmina de silicona o paper sulfurat, hi escampem l'ametlla garrapinyada i ho deixem refredar 10 minuts.\xa0"", ""Abans de servir, haurem tret les taronges del congelador i les haurem passat a la nevera 30 minuts perquè no siguin tan dures. Les servirem en un plat o copa i hi posarem l'ametlla garrapinyada per sobre. La tapem amb el barretet de la taronja i ja les podem servir.\xa0""]","['Taronja', 'Nata', 'Sucre', 'Ametlles']"
Panini amb rovellons,https://www.3cat.cat/tv3/cuines/recepta/panini-amb-rovellons/41196/,29,https://img.3cat.cat/multimedia/jpg/3/1/1683795018713_326.jpg,Baixa,Menys de 30 minuts,,"['180 g de rovellons en conserva', '2 formatges mozzarella', '100 g de salsitxa ibèrica', '1 pa de coca', 'Ruca']","['Tallem a rodelles 2 formatges mozzarella de 125 g. Els deixem en un colador amb un bol a sota perquè perdin part del xerigot.\xa0', 'Obrim un pot de 180 g de rovellons en conserva i els escorrem en un altre colador.\xa0', 'Tallem 100 g de salsitxes a talls de 2 cm.\xa0', 'Tallem pel mig 1 pa de coca i cada meitat la tallem en una altra meitat.\xa0', 'Posem el pa en una reixa de forn i omplim cada part amb les rodelles de mozzarella, uns bocins de rovellons i uns bocins de salsitxa.\xa0', 'Ho enfornem a la part del mig del forn 10 min\xa0a 220 ºC i 4 min\xa0al grill.\xa0', 'Un cop cuits, afegim unes fulles de ruca per damunt de cada panini.\xa0']","['Bolets', 'Porc', 'Formatge']"
Pollastre amb maionesa de curri,https://www.3cat.cat/tv3/cuines/recepta/pollastre-amb-maionesa-de-curri/41257/,29,https://img.3cat.cat/multimedia/jpg/7/3/1684322233137_326.jpg,Baixa,Menys de 30 minuts,,"['2 pits de pollastre3 ous1 cabdell1 llimaFarina de blatPa ratllatCurriOrenga secaAll en polsOli OVEPebreSal', '2 pits de pollastre', '3 ous', '1 cabdell', '1 llima', 'Farina de blat', 'Pa ratllat', 'Curri', 'Orenga seca', 'All en pols', 'Oli OVE', 'Pebre', 'Sal']","[""Comencem amanint 250 g de pa ratllat amb dues cullerades d'all en pols i una cullerada i mitja d'orenga seca. Ho barregem bé."", ""Salpebrem el pollastre, tallat a tires, i l'arrebossem fent el següent procés: el passem per farina de blat, seguidament per dos ous que haurem batut amb un polsim de sal, llavors ho passarem pel pa ratllat que hem amanit d'inici, el tornarem a passar per ou batut i finalment un altre cop per pa ratllat."", 'Fregim les tires de pollastre arrebossat, en oli calent. Un cop fregides, les anirem reservant en paper absorbent. Aquest paper, quan quedi oliós, descarteu-lo per evitar que us acabi estovant el pollastre.', ""Fem una maionesa amb un ou, suc de llima, una cullerada de curri en pols, un pessic de sal i oli d'oliva verge extra."", 'Ho presentem, posant tires de pollastre a dins de fulles de cabdell (com si la fulla fos el plat), i uns puntets de maionesa de curri per sobre.']","['Ous', 'Enciams', 'Llima', 'Pollastre', 'Curri', 'Orenga', ""Oli d'oliva verge extra""]"
Xocolatines de fruites seques,https://www.3cat.cat/tv3/cuines/recepta/xocolatines-de-fruites-seques/41137/,29,https://img.3cat.cat/multimedia/jpg/4/8/1683718386184_326.jpg,Baixa,Menys d'una hora,Vegetariana,"['80 g\xa0 xocolata negra per fondre80 g\xa0 xocolata blanca per fondre80 g\xa0 xocolata amb llet per fondre30 g de festucs torrats salats20 g de mango deshidratat', '80 g\xa0 xocolata negra per fondre', '80 g\xa0 xocolata blanca per fondre', '80 g\xa0 xocolata amb llet per fondre', '30 g de festucs torrats salats', '20 g de mango deshidratat', 'Flor de sal']","[""Posem al centre d'una safata amb paper sulfurat 80 g de xocolata negra per fondre que maltallem, 80 g de xocolata blanca per fondre que maltallem i 80 g de xocolata amb llet per fondre que maltallem. Ho enfornem 4 minuts a 150º.\xa0"", 'Esclovellem 30 g de festucs torrats salats. Els piquem amb el ganivet.\xa0', 'Tallem a tiretes 20 g de mango deshidratat. \xa0', 'Desenfornem les xocolates i movem amb un bastonet o forquilla per crear dibuixos amb la mescla de colors de les xocolates foses.\xa0', 'Empolsinem les xocolates amb la barreja de festucs i mango i hi afegim flor de sal. Deixem que es temperi i ho posem al congelador 5 minuts perquè agafi consistència.\xa0', 'Tallem les xocolates endurides a trossets i les emplatem per a compartir en una safata. \xa0']","['Fruita', 'Xocolata', 'Xocolata blanca', 'Festucs']"
Amanida de tomàquets amb chutney de nespres,https://www.3cat.cat/tv3/cuines/recepta/amanida-de-tomaquets-amb-chutney-de-nespres/41358/,29,https://img.3cat.cat/multimedia/jpg/8/9/1685692443698_326.jpg,Baixa,Menys d'una hora,Vegetariana,"[""100 g formatge Stilton100 g sucre150 ml aigua50 ml vinagre de poma20 ml vinagre balsàmic de Mòdena10 cirerols7 nespres2 cebes de Figueres2 claus d'olor1 gra d'all1 tomàquet rosa1 tomàquet blau1 tomàquet cor de bouGingebre en polsSalPebreOli OVE"", '100 g formatge Stilton', '100 g sucre', '150 ml aigua', '50 ml vinagre de poma', '20 ml vinagre balsàmic de Mòdena', '10 cirerols', '7 nespres', '2 cebes de Figueres', ""2 claus d'olor"", ""1 gra d'all"", '1 tomàquet rosa', '1 tomàquet blau', '1 tomàquet cor de bou', 'Gingebre en pols', 'Sal', 'Pebre', 'Oli OVE']","[""Comencem fent un chutney de nespres. Posem 2 cebes de Figueres tallades a la brunesa i un gra d'all a la microbrunesa en una cassola amb oli. Ho coem a foc baix uns 30 minuts fins que la ceba estigui tova, però no rossa.\xa0"", ""Pelem 7 nespres i en traiem el pinyol. Les tallem a mida de macedònia i les afegim a la cassola juntament amb 2 claus d'olor i una culleradeta de gingebre en pols. Ho coem 15 minuts a foc baix.\xa0"", ""Afegim a la cassola 150 ml d'aigua, 100 g de sucre blanc, 50 ml de vinagre de sidra, 20 ml de vinagre balsàmic de Mòdena i pebre molt. Ho coem a foc baix 10 minuts fins que es redueixi i ens quedi una textura homogènia.\xa0"", 'Escaldem 1 minut en una olla amb aigua bullent un tomàquet rosa, un tomàquet blau i un tomàquet cor de bou, als quals haurem fet una creu a la base. Quan ja hagi passat el minut, els posem dins un bol amb gel per tallar la cocció.\xa0', 'Els eixuguem i els pelem. Després, els tallem a mida de mossegada i els anem posant en un bol gros.\xa0', 'Agafem 10 cirerols, els tallem per la meitat i també els posem al bol. Ho salem.\xa0', 'Tallem a daus petits 100 g de formatge blau Stilton. \xa0', 'Ho emplatem posant una capa de chutney, els tomàquets i, finalment, els dauets de formatge.\xa0']","['Tomàquets', 'Nespra', 'Formatge', 'Sucre']"
Brandada de bacallà,https://www.3cat.cat/tv3/cuines/recepta/brandada-de-bacalla/41356/,29,https://img.3cat.cat/multimedia/jpg/2/6/1685689903762_326.jpg,Baixa,Menys d'una hora,,"[""225 g de bacallà esfilagarsat dessalat150 g de patata monalisa100 ml de llet200 ml d'oli OVE1 gra d'allMel de florsTorradesSal"", '225 g de bacallà esfilagarsat dessalat', '150 g de patata monalisa', '100 ml de llet', ""200 ml d'oli OVE"", ""1 gra d'all"", 'Mel de flors', 'Torrades', 'Sal']","['Escapcem 150 g de patates monalisa. Les posem en un pot al foc amb aigua que les cobreixi i les bullim a foc mitjà-alt 12 minuts.\xa0', ""En un altre pot hi aboquem 225 g de bacallà esfilagarsat dessalat, 1 gra d'all pelat i sense el germinat i 100 ml de llet fresca. Ho bullim 4 minuts.\xa0"", ""Traiem amb una aranya les patates bullides i les posem en un recipient per triturar-les. Allà mateix hi aboquem el bacallà bullit amb l'all i la llet. Posarem aquest recipient a dins d'una plata amb aigua i gel perquè en baixi la temperatura durant uns 5 minuts.\xa0"", ""Quan ja estigui temperat, triturem la barreja afegint-hi una mica de sal i hi anirem afegint 200 ml d'oli.\xa0"", 'Ho servim en un plat i per sobre hi afegim un raig de mel de flors i unes torradetes per untar.\xa0']","['All', 'Bacallà', 'Llet', 'Mel', 'Oli']"
Crema de xocolata blanca,https://www.3cat.cat/tv3/cuines/recepta/crema-de-xocolata-blanca/41197/,29,https://img.3cat.cat/multimedia/jpg/1/6/1683795337361_326.jpg,Baixa,Menys de 30 minuts,,"['50 g de midó de blat de moro', '50 g de midó de blat de moro', '700 ml de beguda de nous', '200 g de xocolata blanca', '25 g de sucre morè', '25 g caramels de mel']","['Portem a la nevera els 4 pots on servirem la crema.\xa0\xa0', ""Posem en un pot al foc 700 ml de beguda de nous i l'escalfem. \xa0"", 'Posem en un got un raig de beguda de nous i 50 g de midó de blat de moro\xa0', 'Ho dissolem.\xa0\xa0', 'Quan la beguda de nous sigui calenta, hi tirem 200 g de xocolata blanca i deixem que es desfaci.\xa0', ""Quan la xocolata s'hagi desfet hi afegim el midó de blat de moro dissolt. \xa0"", 'Ho remenem 5 minuts.\xa0', 'Apaguem el foc i deixem que es refredi durant uns minuts.\xa0\xa0', 'Després, agafem els pots que teníem refredant-se, els omplim\xa0i els tornem a portar a la nevera.\xa0', 'Posem al got triturador 25 g de caramels durs de mel i 25 g de sucre morè.\xa0', 'Els piquem fins a fer-ne pols.\xa0\xa0', None]","['Sucre', 'Nous', 'Xocolata blanca']"
Macarrons vegetals a la cassola,https://www.3cat.cat/tv3/cuines/recepta/macarrons-vegetals-a-la-cassola/41236/,29,https://img.3cat.cat/multimedia/jpg/2/8/1684311514682_326.jpg,Baixa,Menys d'una hora,Vegetariana,"[""400 g macarrons160 g ametlla fregida salada100 g formatge de vaca curat12 tomacons6 cebes de Figueres2 grans d'allNou moscadaVi ranciOrenga frescaOli OVEPebre negreSal"", '400 g macarrons', '160 g ametlla fregida salada', '100 g formatge de vaca curat', '12 tomacons', '6 cebes de Figueres', ""2 grans d'all"", 'Nou moscada', 'Vi ranci', 'Orenga fresca', 'Oli OVE', 'Pebre negre', 'Sal']","[""Tallem 6 cebes a la juliana. Les aboquem a una cassola amb un raig d'oli i les coem 40 minuts a foc mitjà amb la tapa posada. Ho anirem remenant de tant en tant.\xa0\xa0"", ""Tallem a la microbrunesa 2 grans d'all, que afegirem a la cassola.\xa0\xa0"", 'Afegim a la cassola un raig de vi ranci.\xa0\xa0', 'En un bol, ratllem 12 tomacons i també els afegim a la cassola. Ho salpebrem i ho coem a foc mitjà uns 8-10 minuts amb la cassola mig tapada.\xa0\xa0', ""Afegim a la cassola unes fulles d'orenga fresca, que piquem amb un ganivet, i també una mica de nou moscada, que ratllarem. Ho rectifiquem, si cal, de sal i pebre.\xa0\xa0"", ""Aboquem a un triturador 160 g d'ametlla fregida salada. Ho posem a la cassola i ho coem un minut més.\xa0\xa0"", ""Tenim al foc una olla amb 4 l d'aigua bullint. Hi posarem sal i 400 g de macarrons tipus rigatoni. Ho courem sense tapa 1 minut menys del que diu el fabricant.\xa0\xa0"", 'Amb una aranya, passarem els macarrons cuits a la cassola on tenim la salsa. Ho integrem i hi afegim aigua de cocció si és necessari.\xa0\xa0', ""Ratllem a la cassola 100 g de formatge de vaca curat (en reservem una mica per a l'emplatat).\xa0\xa0"", ""Emplatem els macarrons amb una mica més de formatge ratllat, fulles d'orenga i una mica més d'ametlles picades.\xa0\xa0""]","['Tomàquets', 'All', 'Macarrons', 'Formatge', 'Ceba', 'Ametlles']"
Pizza quatre formatges,https://www.3cat.cat/tv3/cuines/recepta/pizza-quatre-formatges/40976/,29,https://img.3cat.cat/multimedia/jpg/9/8/1683098088889_326.jpg,Baixa,Més d'una hora,,"[""400 g farina de blat200 ml aigua15 g llevat fresc3 tomàquets en oli2 cullerades de l'oli dels tomàquets4 g sal finaPa ratllat130 g formatge tetilla1 mozzarella70 g formatge rocafort50 g formatge manxego5 nous40 ml oli OVERucaPebre negre"", '400 g farina de blat', '200 ml aigua', '15 g llevat fresc', '3 tomàquets en oli', ""2 cullerades de l'oli dels tomàquets"", '4 g sal fina', 'Pa ratllat', '130 g formatge tetilla', '1 mozzarella', '70 g formatge rocafort', '50 g formatge manxego', '5 nous', '40 ml oli OVE', 'Ruca', 'Pebre negre']","[""Posem en un got batedor 3 tomàquets sencers en oli (o 6 meitats) i 2 cullerades de l'oli de conserva. Ho turbinem fins que tinguem una pasta.\xa0"", ""Posem en un bol gros la pasta de tomàquet, 400 g de farina de blat tamisada, 200 ml d'aigua, 15 g de llevat fresc i 4 g de sal. Ho integrem i pastem a mà fins que tinguem una massa uniforme, seran uns 10 o 15 minuts.\xa0"", ""Ho tapem i deixem que reposi a temperatura ambient 30' i després ho portem a la nevera perquè reposi 2 h.\xa0"", 'Tallem a rodelles 1 mozzarella fresca de búfala de 125 g. La reservem sobre un colador amb bol a sota perquè perdi líquid.\xa0\xa0', 'Tallem a trossos petits 130 g de formatge tetilla o un altre formatge tou de vaca.\xa0\xa0', 'Ratllem en un bol 50 g de manxego curat.\xa0\xa0', 'Tallem 70 g de formatge rocafort i reservem.\xa0\xa0', 'Posem un paper sulfurat sobre la fusta de treball i hi posem pa ratllat o sèmola de\xa0 blat. A sobre, la massa reposada, i sobre la massa, més pa ratllat.\xa0\xa0', 'Estirem la massa amb les mans.\xa0', 'Posem els 4 formatges barrejats sobre la massa.\xa0', ""Enfornem la pizza 12' a 250º sobre el terra del forn.\xa0\xa0"", ""Posem en un got batedor 5 nous pelades i 40 ml d'oli OVE, una mica de pebre negre i ruca neta.\xa0"", 'Ho turbinem.\xa0', ""Si ja han passat els 12' de forn, desenfornem la pizza i hi posem per sobre la salsa de ruca amb una cullera.\xa0""]","['Tomàquets', 'Farina', 'Formatge', 'Nous']"
Vichyssoise de poma,https://www.3cat.cat/tv3/cuines/recepta/vichyssoise-de-poma/41136/,29,https://img.3cat.cat/multimedia/jpg/3/6/1683718429363_326.jpg,Baixa,Menys d'una hora,Vegetariana,"['30 g de mantega800 ml de brou vegetal125 ml de crema de llet3 pomes Golden', '30 g de mantega', '800 ml de brou vegetal', '125 ml de crema de llet', '3 pomes Golden', '1 porroMitja ceba tendraSalPebreOli OVECibulet', 'Mitja ceba tendra', 'Sal', 'Pebre', 'Oli OVE', 'Cibulet']","[""Posem en una cassola 30 g de mantega i 25 ml d'oli d'oliva. Quan la mantega estigui desfeta hi posarem mitja ceba tendra tallada a juliana fina i 1 porro també tallat igual. Ho salem i ho courem a foc mitjà 8 minuts.\xa0"", 'Pelem 2 pomes golden i en traiem els cors. Després les tallem a trossets. Afegim les pomes a la cassola\xa0i les courem 3 minuts més.\xa0', 'També hi posarem 800 ml de brou vegetal. Ho courem 10 minuts. Un cop passat aquest temps, separarem la part sòlida de la part líquida, que posarem en una gerra. \xa0', 'Posem la part sòlida en un recipient que ens serveixi per triturar. Hi afegim 125 ml de crema de llet, sal i pebre. Ho turbinem fins a tenir textura fina i, si ens cal, hi afegirem una mica del líquid que hem reservat a la gerra.\xa0', 'Colem la barreja amb un sedàs fi.\xa0', ""Per emplatar, posarem la vichyssoise, tallarem a palla 1 poma golden sense el cor i hi afegirem una mica de cibulet i un raig d'oli.\xa0""]","['Porro', 'Pomes', 'Mantega', 'Llet', 'Ceba']"
Ous al niu amb sobrassada,https://www.3cat.cat/tv3/cuines/recepta/ous-al-niu-amb-sobrassada/41357/,29,https://img.3cat.cat/multimedia/jpg/6/9/1685690390896_326.jpg,Baixa,Menys d'una hora,,"['120 g de sobrassada100 ml de llet20 g de pinyons4 panets de Viena rodons4 ousOli suauSal', '120 g de sobrassada', '100 ml de llet', '20 g de pinyons', '4 panets de Viena rodons', '4 ous', 'Oli suau', 'Sal']","['Tallem un triangle a 4 panets de Viena rodons, prou gran perquè es puguin farcir. Els xoparem amb 100 ml de llet (25 ml cada un).\xa0', 'Separem el rovell i la clara de 4 ous. Posem els rovells a dins dels panets. \xa0', 'Posem les clares en un bol amb una mica de sal i les muntem a punt de neu. \xa0', 'Afegim 120 g de sobrassada als panets, uns 30 g a cada un.\xa0', 'Omplim els panets amb les clares a punt de neu i uns quants pinyons al damunt.\xa0', ""Posem un dit d'oli en una paella i quan estigui calent hi posem els panets. Els fregirem a foc baix i els anirem napant amb una cullera vigilant que no se'n cremi la base.\xa0"", 'Els anirem posant sobre un paper absorbent i ja els podrem servir.\xa0']","['Ous', 'Llet']"
Coca de Sant Joan amb massapà,https://www.3cat.cat/tv3/cuines/recepta/coca-de-sant-joan-amb-massapa/41416/,29,https://img.3cat.cat/multimedia/jpg/1/8/1687093241781_326.jpg,Baixa,Més d'una hora,,"[""250 g farina de força250 g cireres220 g sucre110 g farina d'ametlla60 g pinyons15 g llevat fresc120 ml llet4 ous1 beina de vainilla1 taronjaMantegaOli OVESal"", '250 g farina de força', '250 g cireres', '220 g sucre', ""110 g farina d'ametlla"", '60 g pinyons', '15 g llevat fresc', '120 ml llet', '4 ous', '1 beina de vainilla', '1 taronja', 'Mantega', 'Oli OVE', 'Sal']","[""Posem, en un bol, la farina, 60 g de sucre, el llevat fresc, un ou, la llet, un pessic de sal i la ratlladura d'una taronja. Ho pastem. Si ho fem amb una pastadora, ho posarem a velocitat baixa durant 20 minuts. Si ho fem a mà, ho integrem fins que veiem que ens queda una pasta homogènia, ho deixem 10 minuts a la nevera i ho pastem a mà fins que es desenganxa de les parets.\xa0\xa0"", ""Tant si ho fem a mà o a màquina, quan veiem que la massa se'ns desenganxa de les parets, hi afegim la mantega, freda, i tallada daus. Si ho fem a màquina, anem afegint la mantega a mesura que la pastadora l'integra, a velocitat mitja, de 3 a 5 minuts. Si ho fem a mà, posem la massa a la taula de treball que haurem untat d'oli: l'estirem, hi afegim la mantega, la tanquem, i l'anem estirant i doblegant fins que aconseguim que el greix s'integri.\xa0"", ""Untem la taula de treball amb oli, hi la massa, en fem una boleta, l'untem amb oli, i la deixem reposar en un bol, tapada amb un drap humit, 30 minuts.\xa0\xa0"", ""Posem la massa a una safata amb sulfurat, l'estirem amb les mans fins que tingui la forma de coca, la tapem amb un drap humit i la reposem 1 hora.\xa0\xa0"", 'Remullem els pinyons amb aigua, mentre fem el farcit.\xa0', 'Per fer el farcit, partim les cireres pel mig i les posem a una cassola, amb el pinyol. Hi afegim una nou de mantega, una beina de vainilla que buidem, 50 g de sucre, i ho coem amb el foc mitjà-baix, uns 15 minuts. Un cop cuita, li traurem els pinyols.\xa0', ""Per fer el massapà líquid, posem, en un bol, 110 g de sucre, 110 g de farina d'ametlla i dues clares. Ho integrem bé i ho passem a una mànega pastissera perquè ens sigui més fàcil d'escampar.\xa0\xa0"", 'Pintem la part superior de la coca amb un ou batut. A damunt, hi afegim unes tires de massapà, fent una mena de reixa. Hi repartim els pinyons hidratats, i ho enfornem 12 minuts a 170ºC.\xa0', 'Obrim la coca, un cop la tinguem temperada, i la farcim amb la compota de cirera.\xa0 \xa0']","['Ous', 'Cirera', 'Farina de blat', 'Llet', 'Llevat', 'Oli', 'Ametlles']"
Cremós de gerds,https://www.3cat.cat/tv3/cuines/recepta/cremos-de-gerds/41258/,29,https://img.3cat.cat/multimedia/jpg/4/6/1684322358764_326.jpg,Baixa,Menys de 10 minuts,,"['500 g formatge fresc batut500 g ametlles garapinyades350 g gerds4 galetes digestives', '500 g formatge fresc batut', '500 g ametlles garapinyades', '350 g gerds', '4 galetes digestives']","['Triturem 300 g de gerds.', 'Incorporem, als gerds triturats, 500 g de formatge fresc batut. Ho barregem bé, amb cura.', ""Piquem lleugerament 500 g d'ametlla garapinyada."", ""Emplatem, posant una galeta digestiva al fons d'un got. Hi afegim una mica d'ametlla garapinyada, el cremós de gerds, una mica més d'ametlla garapinyada, i algun gerd fresc per coronar-ho. Aquesta recepta també us funcionaria si teniu els gerds congelats.""]","['Fruita del bosc', 'Formatge', 'Ametlles']"
Menjar blanc fregit,https://www.3cat.cat/tv3/cuines/recepta/menjar-blanc-fregit/41216/,29,https://img.3cat.cat/multimedia/jpg/8/2/1684234724328_326.jpg,Baixa,Més d'una hora,Vegetariana,"[""200 g d'ametlla crua sense pela90 g de maizena50 g d'ametlla torrada sense sal20 g de sucre800 ml d'aiguaCanyella en pols1 ou1 llimonaFarinaCanonet de canyellaOli OVE"", ""200 g d'ametlla crua sense pela"", '90 g de maizena', ""50 g d'ametlla torrada sense sal"", '20 g de sucre', ""800 ml d'aigua"", 'Canyella en pols', '1 ou', '1 llimona', 'Farina', 'Canonet de canyella', 'Oli OVE']","[""Farem una beguda d'ametlles posant a hidratar 200 g d'ametlla natural sense pell durant 12 hores. Passat aquest temps, les colarem per descartar-ne l'aigua i les posarem en un got batedor amb 800 ml d'aigua. Ho triturem. Un cop triturades, les passem per un sedàs fi. Posarem la beguda en una olla però en separarem una mica en un got.\xa0\xa0"", ""A l'olla hi posarem mig canonet de canyella, una pela de llimona i farem que arrenqui el bull. Després ho apartarem del foc i ho taparem 10 minuts amb un plat a sobre perquè infusioni.\xa0\xa0"", ""Agafem 90 g de maizena i l'afegim al got on hem reservat la beguda d'ametlles. Ho dissolem.\xa0\xa0"", ""Traiem de l'olla la pela de llimona i la canyella i hi afegim la farina dissolta en la beguda d'ametlles. Ho tornem a posar a foc mitjà i ho remenem fins que s'espesseixi durant 5 minuts.\xa0\xa0"", ""Ho abocarem a una safata de 22 x 17 cm amb paper sulfurat, deixant un gruix d'1,5 cm. Ho durem a la nevera 3 hores fins que qualli.\xa0\xa0"", ""Pelem 50 g d'ametlla torrada sense sal. També hi afegirem una cullerada de canyella en pols i ho picarem tot junt en una picadora. Després ho posarem en un plat amb 20 g de sucre. Ho barregem tot.\xa0\xa0"", 'Desemmotllem el menjar blanc quallat i el tallem en quadradets de 5 x 5 cm, aproximadament. \xa0\xa0', 'Batem un ou i el posem en un plat. \xa0\xa0', ""Anirem passant els quadradets de menjar blanc per un plat amb farina i després per l'ou. Els anirem fregint en una paella amb oli ben calent. Després els reservem en una plata amb paper absorbent. \xa0\xa0"", ""Passem els quadradets fregits pel plat on tenim l'arrebossat d'ametlles i sucre. \xa0\xa0"", 'Finalment, emplatem en una safata tots els quadradets junts.\xa0\xa0']","['Llimona', 'Farina de blat de moro', 'Canyella', 'Sucre', 'Ametlles']"
Sardina amb cremós de bròcoli,https://www.3cat.cat/tv3/cuines/recepta/sardina-amb-cremos-de-brocoli/41116/,31,https://img.3cat.cat/multimedia/jpg/4/7/1683713913574_326.jpg,Baixa,Menys d'una hora,,"['250 g de sal fina250 g de sucre60 g de formatge tendre de vaca20 g de grana padano600 ml de brou vegetal3 patates monalisa2 sardines2 tomàquets en oli1 bròcoli gros1 llimona1 ceba de FigueresLlardPebreOli', '250 g de sal fina', '250 g de sucre', '60 g de formatge tendre de vaca', '20 g de grana padano', '600 ml de brou vegetal', '3 patates monalisa', '2 sardines', '2 tomàquets en oli', '1 bròcoli gros', '1 llimona', '1 ceba de Figueres', 'Llard', 'Pebre', 'Oli']","['Escalfem 600 ml de brou vegetal, que haurem bullit 20 minuts amb els següents ingredients: 1 porro, 4 xiitakes, una rodanxa de llimona i un manat de julivert.\xa0', ""En una cassola amb 1 nou de llard hi posem 1 ceba de Figueres tallada a juliana. Hi posem pebre i sal. Tapem i l'ofeguem 10 minuts.\xa0"", 'Escapcem a mida petita 3 patates monalisa i també les afegim a la cassola juntament amb sal, pebre i els 600 ml de brou vegetal calent. Ho courem 10 minuts.\xa0', ""Laminem 1 bròcoli gros i l'afegim a la cassola. Ho courem 10 minuts més.\xa0"", ""Prepararem unes sardines curades. Agafem en un bol gros 250 g de sal fina, 250 g de sucre i la ratlladura d'una llimona. Ho barregem. En un altre recipient hi posem la meitat d'aquesta barreja, els lloms de 2 sardines (que haurem congelat abans) i, per últim, la resta de la barreja fins que quedin enterrades. Ho tapem i duem a la nevera 15 minuts.\xa0"", ""Un cop passat el temps, desenterrem les sardines i hi passem aigua per netejar-les. Després les eixuguem i els traiem les espines amb pinces. Hi afegim un raig d'oli i reservem.\xa0"", 'Ajuntem tots els ingredients per fer la crema. En un got americà hi posem tot el contingut de la cassola, 20 g de formatge grana padano, 60 g de formatge tendre de vaca, i el suc de mitja llimona (la que hem fet servir abans per a la pell). Ho triturem fins a obtenir una textura fina.\xa0', 'Per a emplatar, posarem la crema, al damunt les sardines tallades a biaix, uns dauets que haurem tallat de 2 tomàquets en oli i, per últim, uns talls de grana padano laminat.\xa0']","['Patates', 'Sardina', 'Formatge', 'Ceba', 'Sucre', 'Bròcoli']"
Maduixes al pebre,https://www.3cat.cat/tv3/cuines/recepta/maduixes-al-pebre/41098/,31,https://img.3cat.cat/multimedia/jpg/8/8/1683707894588_326.jpg,Baixa,Menys d'una hora,Vegana,"['300 g maduixes', '100 ml aigua', '50 g sucre', '1 branca de romaní', 'Crema balsàmica de Mòdena', ""Licor d'ametlla"", 'Pebre negre en gra', 'Menta fresca']","[""Comencem per fer un almívar perfumat. En un pot hi posem 100 ml d'aigua, 2 cullerades de sucre, 1 raig de licor d'ametlles, 1 branca de romaní i 8 boles de pebre negre, que aixafem. Ho escalfarem fins que el sucre es dissolgui.\xa0"", 'Tallarem 300 g de maduixes i en traurem la part verda.\xa0', ""Posarem les maduixes a dins del pot de l'almívar amb una mica de crema balsàmica de Mòdena. Ho traiem del foc i ho integrem bé. Després ho passem a un bol sense la branca de romaní. Deixem refredar les maduixes a la nevera durant 10 minuts.\xa0"", 'Posarem en un plat les maduixes amb el seu suc, una mica de fulles de menta i unes gotes de crema balsàmica de Mòdena.\xa0']","['Maduixa', 'Pebre negre', 'Romaní', 'Sucre']"
Onglet amb salsa de rave picant,https://www.3cat.cat/tv3/cuines/recepta/onglet-amb-salsa-de-rave-picant/40997/,31,https://img.3cat.cat/multimedia/jpg/5/8/1683100620285_326.jpg,Baixa,Més d'una hora,,"[""2 onglets1 kg de sal1 kg de sucre100 g de mantega60 g de raifort100 ml de caldo de pollastre25 ml de caldo de pollastre concentrat2 grans d'all1 branca de romaní1 c/s de pebre vermell dolç1 fulla de llorer1 ouVi ranciVinagre chardonnayOli OVE"", '2 onglets', '1 kg de sal', '1 kg de sucre', '100 g de mantega', '60 g de raifort', '100 ml de caldo de pollastre', '25 ml de caldo de pollastre concentrat', ""2 grans d'all"", '1 branca de romaní', '1 c/s de pebre vermell dolç', '1 fulla de llorer', '1 ou', 'Vi ranci', 'Vinagre chardonnay', 'Oli OVE']","['Barregem en un bol gros\xa01 kg de sal\xa0 i 1 kg de sucre.\xa0\xa0', ""Posem a la base d'un recipient un mica de la barreja de sal i sucre, suficient per fer un terra. Hi posem els 2 onglets nets i la resta de barreja de sal i sucre, assegurant que quedin ben coberts.\xa0"", 'Els deixem així 45 minuts. \xa0', ""Posem una paella al foc amb un raig d'oli. Hi posem 2 grans d'all aixafats.\xa0\xa0"", 'Afegim a la paella 1 cullerada grossa de pebre vermell dolç i deixem que es torri, però amb cura perquè no volem que es cremi. \xa0', ""Tirem vi ranci a la paella i deixem que s'evapori l'alcohol.\xa0"", 'Hi afegim 100 ml de caldo de pollastre i\xa0una 1 fulla de llorer.\xa0', 'Deixem que tot plegat es vagi reduint.\xa0', 'Afegim a la reducció un raig de vinagre de chardonnay.\xa0', 'Ho integrem i ho reservem.\xa0\xa0', 'Afegim 100 g de mantega a la paella i una branca de romaní. Deixem que la mantega es fongui.\xa0', 'Si han passat 45 minuts des que hem cobert els onglets, els traiem de la barreja i els submergim en un bol amb aigua perquè no quedi ni sal ni sucre enganxats a la carn.\xa0', 'Eixuguem els onglets amb un drap.\xa0\xa0', 'Posem els onglets a la paella on hem fos la mantega i els coem tirant-los mantega líquida per sobre. La cocció durarà uns 5 minuts.\xa0', ""Passat aquest temps, retirem els onglets de la cassola i els tapem per mantenir l'escalfor. \xa0"", ""Mentrestant, podem preparar la maionesa de raifort. Posem en un got batedor un\xa0ou i hi ratllem 60 g de raifort fresc. Hi posem 25 ml de caldo de pollastre concentrat. Ho turbinem amb el braç elèctric i hi anem afegint l'oli de mica en mica fins que tinguem una textura de maionesa.\xa0"", 'Ho posem al biberó per poder servir.\xa0\xa0', None]","['Carn', 'Naps', 'Vedella']"
Pasta amb salsa aurora,https://www.3cat.cat/tv3/cuines/recepta/pasta-amb-salsa-aurora/41077/,31,https://img.3cat.cat/multimedia/jpg/5/0/1683105675605_326.jpg,Baixa,Menys d'una hora,,"[""500 g de tortiglioni75 g de formatge curat75 g de formatge emmental60 g de farina d'ametlla200 g de sofregit ja fet de ceba4 tomacons500 ml de nata del 35%300 g de carn picada (50% de vedella i 50% de porc)250 g de brou de carn reduïtSalPebre blancOli OVE1 gra d'allOrenga fresca en plantaBrandi"", '500 g de tortiglioni', '75 g de formatge curat', '75 g de formatge emmental', ""60 g de farina d'ametlla"", '200 g de sofregit ja fet de ceba', '4 tomacons', '500 ml de nata del 35%', '300 g de carn picada (50% de vedella i 50% de porc)', '250 g de brou de carn reduït', 'Sal', 'Pebre blanc', 'Oli OVE', ""1 gra d'all"", 'Orenga fresca en planta', 'Brandi']","['Posem a escalfar 200 g de ceba sofregida.\xa0Hi afegim 4 tomacons ratllats i els deixem coure 15 minuts.', 'Mentrestant, posem en un pot ample 500 ml de nata del 35%. La reduïm fins a la meitat, per aconseguir una doble nata.', 'Posem a bullir una olla grossa amb aigua.', ""Posem en un pot el sofregit de ceba i tomata, la nata doble, 60 g de farina d'ametlla, 250 g brou de carn reduït i 75 g formatge curat, que tallem."", 'Ho deixem coure tot 20 minuts a foc baix.', 'Salpebrem 300 g de carn picada (50% de vedella i 50% de porc).', ""En una cassola calenta hi posem un raig d'oli, un\xa0gra d'all aixafat i la carn salpebrada."", 'Ho sofregim tot.', 'Quan comenci a quedar enrossida la carn, hi tirem un raig de brandi.', ""Quan l'alcohol s'hagi evaporat, posem la salsa aurora a la cassola i ho integrem."", ""Si l'aigua de l'olla ja bull, hi tirem 500 g de tortiglioni o una altra pasta curta\xa0amb espirals o estries."", ""Quan la pasta estigui gairebé cuita, la pesquem amb l'aranya i la posem a la cassola amb la salsa."", 'Hi ratllem 75 g de formatge emmental.', 'Portem la pasta al forn a 220 ºC amb el gratinador\xa03 minuts.', ""La servim amb una mica d'orenga.""]","['Carn', 'Pasta', 'Tomàquets', 'All', 'Nata', 'Formatge', 'Ceba', 'Orenga', 'Ametlles']"
Bol asiàtic,https://www.3cat.cat/tv3/cuines/recepta/bol-asiatic/40936/,31,https://img.3cat.cat/multimedia/jpg/0/1/1683021175310_326.jpg,Baixa,Menys d'una hora,,"[""800 ml aigua600 g salmó400 g arròs bomba25 g gingebre fresc50 ml salsa teriyaki1 pastanaga1 gra d'allRucaSèsam torrat blancOli OVESal"", '800 ml aigua', '600 g salmó', '400 g arròs bomba', '25 g gingebre fresc', '50 ml salsa teriyaki', '1 pastanaga', ""1 gra d'all"", 'Ruca', 'Sèsam torrat blanc', 'Oli OVE', 'Sal']","[""Per marinar el salmó, necessitem ratllar a dins d'un bol gran un gra d'all i 25 g de gingebre fresc que haureu de pelar. També hi abocarem 50 ml de salsa teriyaki. Ho barregem.\xa0\xa0"", 'Salpebrem 600 g de supremes de salmó i les passem pel bol. Ho tapem i ho deixarem marinar uns minuts.\xa0\xa0', ""Posarem a bullir 400 g d'arròs bomba en 800 ml d'aigua i una mica de sal. Courà a foc lent i tapat 12 minuts.\xa0\xa0"", ""Per coure el salmó, posarem un paper sulfurat damunt una planxa al foc amb un raig d'oli. Quan sigui calenta, hi posem les supremes de salmó i les coem per les dues cares.\xa0\xa0"", ""Laminem a bastonets una pastanaga que ens servirà per a l'emplatat.\xa0\xa0"", ""Per emplatar, posem l'arròs cuit, la pastanaga, el salmó, la ruca i ho acabem amb una mica de sèsam torrat per sobre.\xa0\xa0""]","['Arròs i cereals', 'All', 'Pastanagues', 'Salmó', 'Gingebre']"
Hamburguesa a la napolitana,https://www.3cat.cat/tv3/cuines/recepta/hamburguesa-a-la-napolitana/41277/,31,https://img.3cat.cat/multimedia/jpg/7/5/1684393445157_326.jpg,Baixa,Menys de 30 minuts,,"[""400 g carn picada vedella100 ml de llet70 g molla de pa de pagès2 mozzarelles fresques3 tomàquets secs confitats1 ou1 gra d'all1 llesca de pa de sègolJulivertAlfàbrega frescaOli OVEPebre negreSal"", '400 g carn picada vedella', '100 ml de llet', '70 g molla de pa de pagès', '2 mozzarelles fresques', '3 tomàquets secs confitats', '1 ou', ""1 gra d'all"", '1 llesca de pa de sègol', 'Julivert', 'Alfàbrega fresca', 'Oli OVE', 'Pebre negre', 'Sal']","['Agafem una llesca de pa de pagès mitjana, en traiem la crosta i la tallem a trossos. Passem els trossos de pa a la picadora.', ""Aboquem a la picadora 100 ml de llet, 1 gra d'all que pelem i unes fulles de julivert. Ho triturem fins tenir una barreja amb una textura fina."", 'Agafem un bol i hi aboquem 400 g de carn de vedella picada, un ou i la barreja triturada. Salpebrem i ho barregem o bé a mà o bé amb una forquilla fins a tenir-ho tot ben integrat.', ""Tapem el bol i el deixem a la nevera durant 10 minuts perquè tot s'acabi d'integrar bé."", ""Ens untem les mans amb una mica d'oli i formem 4 hamburgueses fent primer una pilota i després, aplanant-la amb les mans."", ""Escalfem una cassola o paella que puguem tapar amb una mica d'oli OVE."", 'Afegim les hamburgueses a la cassola i les coem per una cara.', 'Mentre es couen les hamburgueses, agafem 2 boles de mozzarella fresques i les escorrem sobre un colador. A continuació, les tallem a rodelles.', ""Quan les hamburgueses estan cuites d'una cara, les tombem i hi distribuïm per sobre la mozzarella."", 'Agafem 3 tomàquets secs confitats, els tallem a tires primes i els repartim per sobre de les rodelles de mozzarella.', 'Tapem la cassola i coem fins que les hamburgueses estan al punt que ens agrada.', ""Servim posant una llesca de pa de sègol en un plat, a sobre una hamburguesa i acabem amb unes fulles d'alfàbrega fresca. I ja està, ho tenim a punt per menjar.""]","['Vedella', 'Ous de gallina', 'Farina de blat', 'Formatge', 'Llet']"
Lasanya d'escalivada,https://www.3cat.cat/tv3/cuines/recepta/lasanya-descalivada/41176/,31,https://img.3cat.cat/multimedia/jpg/9/9/1683794408499_326.jpg,Baixa,Més d'una hora,Vegetariana,"['12 làmines de pasta de lasanya', '12 làmines de pasta de lasanya', '6 tomàquets pera', '2 pebrots vermells', '3 albergínies', '2 cebes de Figueres', ""1 cabeça d'alls"", 'Formatge gorgonzola', '60 g de ceba rossa', 'Tàperes en vinagre', 'Oli OVE', 'Pebre negre', 'Sal']","[""Posem en una safata per al forn un full de paper de forn i, a sobre, les verdures netes: dos pebrots vermells, tres albergínies, sis tomàquets, dues cebes de Figueres i una cabeça d'alls\xa0"", 'Posem el forn a 180º i escalivem les verdures 45 minuts, menys els alls, que els traurem del forn\xa0 \xa0', ""Amb les verdures encara calentes, posem els pebrots en un contenidor tancat perquè allà es temperin. D'aquesta manera serà més fàcil pelar-los.\xa0\xa0"", 'Pelem la resta de les verdures: les cebes, els tomàquets, les albergínies i, després, els pebrots.\xa0', 'Posem en un got batedor els tomàquets escalivats i pelats i els alls, que funyim.\xa0', 'Ho triturem.\xa0\xa0', ""Posem una paella a escalfar i hi aboquem 60 g de ceba rossa feta d'un altre dia. \xa0"", 'Posem a la paella el triturat de tomàquet i all, una mica de pebre negre i sal. Deixem que es cogui set minuts.\xa0', 'Tallem del llarg els pebrots i les albergínies, i ho reservem. Fem el mateix amb les cebes escalivades\xa0', 'Afegim un grapat de tàperes a la salsa de tomàquet. Ho integrem i hi apaguem el foc.\xa0', 'Bullim la pasta de la lasanya segons el temps del fabricant amb aigua abundant i sal. \xa0', 'Tallem 150 g de formatge gorgonzola.\xa0', ""Un cop la pasta sigui cuita, la submergim en aigua amb gel per parar-hi la cocció i després l'eixuguem amb un drap de cotó.\xa0"", ""Untem amb oli una safata de forn i hi anem muntant la lasanya. Amb una capa de pasta,\xa0 una capa d'escalivada, la salsa de tomata i després ho cobrim amb més pasta. Repetim l'operació. Han de quedar dos pisos de farcit i tres de pasta.\xa0\xa0"", ""L'últim pis el cobrim amb el formatge tallat a daus i ben escampat.\xa0\xa0"", ""Fiquem la lasanya al forn i l'hi deixem 8' a 180º."", 'Servim.']","['Pasta', 'Tomàquets', 'Albergínies', 'Formatge', 'Ceba', 'Pebrot vermell']"
Espaguetis amb cloïsses,https://www.3cat.cat/tv3/cuines/recepta/espaguetis-amb-cloisses/41096/,31,https://img.3cat.cat/multimedia/jpg/1/6/1683708025561_326.jpg,Baixa,Menys d'una hora,,"[""500 g espaguetis d'ou"", ""500 g espaguetis d'ou"", '500 g cloïsses', ""15 g mantega2 grans d'all"", ""2 grans d'all"", '1 bitxo', 'Julivert', 'Oli OVEPebre negre', 'Pebre negre', 'Sal']","[""Pelem 2 grans d'all i els tallem a microburnesa. Els afegim a una paella amb un raig d'oli d'oliva i 1 bitxo (sense llavors) i els saltem. \xa0"", ""A la paella hi posem 500 g d'espaguetis d'ou i els enrossim durant 2 minuts. Passat aquest temps, que els haurem anat separant amb una forquilla de fusta, hi afegim 1 litre d'aigua bullint amb una mica de sal. Rectifiquem de sal."", 'Ho deixem coure 5 minuts i quan en quedin 3 hi afegirem 500 g de cloïsses purgades.\xa0', 'Piquem fulles de julivert i les hi afegim.\xa0', 'Agafem 1 cullerada de mantega i la desfem a la paella. Ho movem i lliguem bé.\xa0', 'Emplatem els espaguetis amb cloïsses i també\xa0 hi posarem una mica de pebre per sobre.\xa0']","['All', 'Espaguetis', 'Cloïsses', 'Mantega', 'Julivert', 'Pebre negre', 'Oli']"
Beguda de xia,https://www.3cat.cat/tv3/cuines/recepta/beguda-de-xia/41157/,31,https://img.3cat.cat/multimedia/jpg/6/2/1683721141326_326.jpg,Baixa,Menys de 10 minuts,Vegana,"['3 cullerades de xia750 ml de quefir de coco1 mango madur2 llimes8 gerdsMenta fresca', '3 cullerades de xia', '750 ml de quefir de coco', '1 mango madur', '2 llimes', '8 gerds', 'Menta fresca']","['Pelem un mango madur.', 'Posem en un got batedor el mango pelat i tallat i 750 ml de quefir de coco.', ""Ho turbinem fins que s'integri bé. \xa0"", ""Afegim al got batedor el suc d'una llima i tres cullerades de xia."", ""Ho integrem i deixem que la xia s'hidrati cinc minuts."", 'Acabem la beguda amb dos gerds, una mica de ratlladura de llima i una fulla de menta fresca.']","['Fruites exòtiques', 'Fruita del bosc', 'Llima', 'Coco', 'Xia']"
Pancakes amb toffee de moca,https://www.3cat.cat/tv3/cuines/recepta/pancakes-amb-toffee-de-moca/40956/,31,https://img.3cat.cat/multimedia/jpg/9/6/1683025320069_326.jpg,,Menys d'una hora,,"[""180 g de plàtan madur160 g de farina de blat100 g de sucre blanc80 g d'alvocat madur40 g de sucre morè250 ml de beguda de civada150 ml de nata 35% MGMantega CadíImpulsor químicGrans de cafè2 ousCacau en polsSalCardamomAmetlla laminada"", '180 g de plàtan madur', '160 g de farina de blat', '100 g de sucre blanc', ""80 g d'alvocat madur"", '40 g de sucre morè', '250 ml de beguda de civada', '150 ml de nata 35% MG', 'Mantega Cadí', 'Impulsor químic', 'Grans de cafè', '2 ous', 'Cacau en pols', 'Sal', 'Cardamom', 'Ametlla laminada']","['Comencem per fer la massa dels pancakes. Pelem i tallem 180 g de plàtan madur i el posem en un got americà. En reservem una mica per a la presentació final. \xa0\xa0', ""En el got també hi posem 80 g d'alvocat madur, 250 ml de beguda de civada, 2 ous, 40 g de sucre morè i 1 culleradeta de sal. Ho triturem tot fins a obtenir una pasta.\xa0\xa0"", ""Tamisem en un bol 160 g de farina de blat i una culleradeta d'impulsor. Després ho afegim al got americà i ho integrem. Reservarem la massa en un bol que tapem durant 10 minuts.\xa0\xa0"", 'Comencem a fer el toffee posant en un pot al foc 150 ml de nata 35% MG, grans de cafè, 1 cardamom esclafat i una cullerada de cacau en pols. Ho portem a ebullició, ho retirem del foc i ho deixem infusionar.\xa0\xa0', 'En una paella al foc hi afegim 100 g de sucre blanc que desfem a foc fluix. Quan el caramel té un color fosc, el retirem del foc. Afegim a la paella 1 nou de mantega Cadí pomada i deixem que es desfaci.\xa0\xa0', ""Colem a la paella la nata infusionada, que ha d'estar calenta. Ho remenem i portem de nou al foc. Ho courem 2 minuts a foc fort remenant tota l'estona. Ens ha de quedar una textura densa.\xa0\xa0"", 'Escalfem una paella al foc amb una mica de mantega Cadí. Recuperem la massa dels pancakes i la remenem amb una cullera. Quan la mantega està desfeta, aboquem a la paella la massa amb un cullerot. En podem fer dos o tres alhora, però que no es toquin. Migtapem i coem a foc baix dos minuts per banda i banda. Anirem reservant els pancakes en un plat tapats amb un drap de cotó.\xa0\xa0', 'Tallem a daus el tros de plàtan que havíem reservat i emplatem. Primer posarem un pancake, el toffee, un altre pancake, toffee, pancake... fins a fer una torre. Al damunt hi posem els daus de plàtan, ametlla laminada i, per últim, més toffee. \xa0\xa0']","['Plàtans', 'Farina', 'Mantega', 'Nata', 'Xocolata', 'Sucre', 'Alvocat']"
Col al forn,https://www.3cat.cat/tv3/cuines/recepta/col-al-forn/40856/,31,https://img.3cat.cat/multimedia/jpg/2/0/1682503513502_326.jpg,Baixa,Menys d'una hora,,"[""500 ml suc de vegetals8 grans pebre negre1 col arrissada2 grans d'allOli OVESafràVinagre de xerèsVermut negrePernil de glaSalLlorer"", '500 ml suc de vegetals', '8 grans pebre negre', '1 col arrissada', ""2 grans d'all"", 'Oli OVE', 'Safrà', 'Vinagre de xerès', 'Vermut negre', 'Pernil de gla', 'Sal', 'Llorer']","[""Separem 16 fulles d'una col arrissada. En repolim la part gruixuda del tall.\xa0\xa0"", 'Escalfem un pot amb aigua i quan bulli, hi afegim les fulles de col i la sal. Escaldem les fulles de col.\xa0\xa0', ""Posem en un pot al foc 500 ml de brou vegetal i també les restes gruixudes de la col. Ho bullim uns 15 minuts fins que es redueixi a la meitat. El brou, l'haurem fet amb moniato rostit al forn 40 minuts. Després hi hem afegit 500 g de porros durant 10 minuts més fins que ha quedat tot ben rostit. A continuació, ho hem posat tot en una olla amb xampinyons portobello i ho hem deixat bullir mitja hora. Ho hem deixat reposar i, finalment, ho hem colat.\xa0\xa0"", ""Eixuguem les fulles de col i les dobleguem en 4 plecs fent un farcell. Les anirem posant totes en una safata on a la base hi haurem posat oli d'oliva. \xa0\xa0"", 'En una paella hi posem brins de safrà que torrem. Els reservem en un plat.\xa0\xa0', ""Pelem i laminem 2 grans d'all, que enrossirem en la mateixa paella on hem fet el safrà amb una mica d'oli.\xa0\xa0\xa0"", ""A la paella hi afegirem 8 grans de pebre negre, llorer, el safrà torrat, un raig de vermut negre i un raig de vinagre de xerès. Deixem que l'alcohol s'evapori.\xa0\xa0"", 'Hi abocarem la reducció del brou de vegetals colat. Ho integrem.\xa0\xa0', 'Afegim a la plata on tenim la col tot el suc i ho enfornem 15 minuts a 180º.\xa0\xa0', 'Ho emplatarem amb uns talls de pernil ibèric per sobre.\xa0\xa0']","['All', 'Col', 'Safrà', 'Oli', 'Pebre blanc']"
Crema de carbassó,https://www.3cat.cat/tv3/cuines/recepta/crema-de-carbasso/41276/,31,https://img.3cat.cat/multimedia/jpg/0/2/1684392994420_326.jpg,Baixa,Menys d'una hora,Vegana,"[""1,3 kg carbassons750 ml d'aigua40 ml d'oli OVESafràMix de pebresGingebre en polsCoriandre frescOli OVESal"", '1,3 kg carbassons', ""750 ml d'aigua"", ""40 ml d'oli OVE"", 'Safrà', 'Mix de pebres', 'Gingebre en pols', 'Coriandre fresc', 'Oli OVE', 'Sal']","[""Netegem i tallem per la meitat 1,3 kg de carbassons. Amb l'ajuda d'una cullera en traiem les llavors. Un cop tretes, els tallem a trossos."", ""Posem una cassola al foc i hi afegim una mica d'oli OVE. Quan està calent, incorporem els carbassons tallats i els saltem uns minuts fins que comencen a agafar color."", 'Cobrim els carbassons amb aigua, tapem la cassola i ho coem 8 minuts un cop arrenquin a bullir.', ""Passem els carbassons i l'aigua a un got americà o a un got batedor i ho turbinem fins a tenir textura d'una crema."", ""En aquest punt afegim a la crema 40 ml d'aigua i ho emulsionem. Reservem la crema un moment."", ""Preparem un oli aromatitzat agafant una ampolleta o pot de vidre. Dins hi posem uns brins de safrà i unes boles de mix de pebres que aixafem amb el ganivet. Ho omplim d'oli OVE i deixem macerar. Com més temps passi, més s'impregnarà l'oli del sabor del safrà i els pebres."", ""Servim posant crema de carbassó en un plat, un rajolí de l'oli aromatitzat, un polsim de gingebre en pols i acabem amb unes fulles de coriandre fresc. I ja ho tenim.""]","['Carbassó', 'Coriandre', 'Gingebre']"
Galetes de músic,https://www.3cat.cat/tv3/cuines/recepta/galetes-de-music/41158/,31,https://img.3cat.cat/multimedia/jpg/8/8/1683721510988_326.jpg,,Menys d'una hora,,"[""100 g de farina d'ametlla100 g de farina de blat100 g de mantega25 g de sucre morè10 g d'avellanes torrades10 g de panses sultanes10 g d'orellanes30 ml de vi dolçSucre de llustreSal"", ""100 g de farina d'ametlla"", '100 g de farina de blat', '100 g de mantega', '25 g de sucre morè', ""10 g d'avellanes torrades"", '10 g de panses sultanes', ""10 g d'orellanes"", '30 ml de vi dolç', 'Sucre de llustre', 'Sal']","[""Posem 10 g de panses sultanes en un bol i les cobrim amb 30 ml de vi dolç. Deixem que s'hidratin mentre fem la resta.\xa0\xa0"", 'Pesem i tamisem 100 g de farina de blat.\xa0\xa0', ""Posem al bol 25 g de sucre morè, 100 g de mantega pomada, 100 g de farina d'ametlla i un pessic de sal.\xa0\xa0"", 'Ho treballem bé amb una llengua pastissera fins que obtinguem una massa homogènia. Tapem la massa amb un plat i ho deixem reposar deu minuts.\xa0', ""Tallem amb un ganivet 30 g d'avellanes i 60 g d'orellanes.\xa0\xa0"", 'Escorrem les panses hidratades amb un colador.\xa0\xa0', 'Arrebossem les panses amb sucre de llustre.\xa0', ""Traiem l'excés de sucre de les panses amb un colador a sobre d'un bol net.\xa0"", 'Afegim les panses arrebossades de sucre i les orellanes i avellanes picades al bol de la massa i ho barregem amb la llengua pastissera.\xa0', 'Amb una cullera fem boletes de 30 g de massa i les anem deixant a la safata de forn, coberta amb un full de paper de forn o amb un full de silicona.\xa0\xa0', 'Aixafem les boles per donar-los forma de galeta.\xa0', 'Fiquem la safata al forn i ho coem 15 minuts a 180 graus.\xa0', ""Deixem que les galetes es refredin una mica i després les posem a sobre d'una reixeta perquè s'acabin de refredar.\xa0\xa0""]","['Fruita seca', 'Farina de blat', 'Mantega', 'Sucre', 'Ametlles', 'Avellanes', 'Panses']"
Guisat de mongetes,https://www.3cat.cat/tv3/cuines/recepta/guisat-de-mongetes/41156/,31,https://img.3cat.cat/multimedia/jpg/8/6/1683720457968_326.jpg,Baixa,Menys de 30 minuts,,"[""800 g de mongeta cuita1 ceba2 grans d'allJulivert150 g de cansalada curada180 g de xoriç1 fulla de llorer1 cullerada de pebre vermell dolç fumat100 ml de brou de pollastre"", '800 g de mongeta cuita', '1 ceba', ""2 grans d'all"", 'Julivert', '150 g de cansalada curada', '180 g de xoriç', '1 fulla de llorer', '1 cullerada de pebre vermell dolç fumat', '100 ml de brou de pollastre']","['Tallem a tires 150 g de cansalada i, a llesques gruixudes, 180 g de xoriç fumat pelat.', 'Posem la cansalada i el xoriç en una cassola calenta i ho enrossim.', ""Un cop enrossit el tall, el traiem de la cassola i el reservem, però hi deixem l'oli."", 'En un recipient, escalfem 100 ml de brou de pollastre.', ""Tallem a la brunesa una ceba de Figueres pelada i la sofregim amb l'oli de la cansalada, cinc minuts, a foc alt. Si hi falta oli, n'hi tirem un raig."", ""Pelem i tallem a la microbrunesa dos grans d'all i els posem a la cassola amb la ceba. Abaixem el foc. Després d'un minut, posem a la mateixa cassola una culleradeta de pebre vermell dolç fumat. Ho integrem i deixem que es cogui dos minuts."", ""Passem 800 g de mongetes de pot per sota l'aigua amb un colador per netejar-les."", 'Tirem a la cassola el brou calent i, tot seguit, les mongetes, una fulla de llorer i el xoriç i la cansalada que havíem reservat. Ho integrem i deixem que es cogui deu minuts des del moment en què arrenqui el bull.', 'Ho emplatem amb una mica de julivert picat.']","['All', 'Mongeta blanca', 'Porc', 'Julivert', 'Ceba', 'Brou de carn', 'Pebre vermell fumat']"
Copa de iogurt,https://www.3cat.cat/tv3/cuines/recepta/copa-de-iogurt/40937/,31,https://img.3cat.cat/multimedia/jpg/0/0/1683021550000_326.jpg,Baixa,Menys d'una hora,,"['4 iogurts grecs250 g llet condensada sencera1 llimona petitaXocolata negra 72%', '4 iogurts grecs', '250 g llet condensada sencera', '1 llimona petita', 'Xocolata negra 72%']","['Agafem ben fred de nevera 4 iogurts grecs, 250 g de llet condensada i una llimona petita. \xa0\xa0', 'Abocarem els iogurts i la llet condensada en un bol que també haurà de ser fred. Ho integrem.\xa0\xa0', 'Hi espremem la llimona colada i ho tornem a integrar.\xa0\xa0', 'Repartim la barreja en diferents gots amb un cullerot.\xa0\xa0', 'Per sobre hi afegim xocolata negra 72% que ratllem.\xa0\xa0']","['Llimona', 'Iogurt', 'Llet condensada']"
Llenguado amb taronja,https://www.3cat.cat/tv3/cuines/recepta/llenguado-amb-taronja/40616/,33,https://img.3cat.cat/multimedia/jpg/1/0/1681469983301_326.jpg,Baixa,Menys d'una hora,,"['16 filets de llenguado50 g festucs torrats15 g mantega sense sal10 g maizena3 taronges2 grans all1 ceba tendraFarigola llimoneraOli OVESal', '16 filets de llenguado', '50 g festucs torrats', '15 g mantega sense sal', '10 g maizena', '3 taronges', '2 grans all', '1 ceba tendra', 'Farigola llimonera', 'Oli OVE', 'Sal']","['Salem 16 filets de llenguado. Els enrotllem i clavem en una broqueta de quatre en quatre. Els marcarem en una planxa amb oli, tomba i tomba. Un cop fets, els hi traiem les broquetes de fusta.\xa0\xa0', ""Preparem la salsa i començarem tallant a brunesa 2 grans d'all. També tallem a brunesa una ceba tendra i els coem amb un raig d'oli uns 3-4 minuts, que no agafin gaire color.\xa0\xa0"", ""Espremem 3 taronges per fer-ne suc i n'aboquem tres quartes parts a la paella amb un colador. Hi afegim també 1 branca de farigola de llimona. S'ha de reduir a la meitat.\xa0\xa0"", 'Per espessir la salsa, agafem el quart de suc de taronja que hem reservat i el barregem amb 10 g de farina fina de blat de moro. Ho aboquem a la paella i ho portem a ebullició tot remenant fins que agafi consistència. Un cop espessit, hi afegim 15 g de mantega sense sal. \xa0\xa0', 'Emplatem posant els 4 filets de llenguado amb la salsa de taronja. Per últim, hi afegim 50 g de festucs torrats i mal tallats. \xa0\xa0']","['Taronja', 'Llenguado', 'Farina', 'Mantega', 'Farigola', 'Ceba', 'Festucs']"
Cafè vietnamita,https://www.3cat.cat/tv3/cuines/recepta/cafe-vietnamita/40417/,33,https://img.3cat.cat/multimedia/jpg/5/0/1680002039105_326.jpg,Baixa,Menys d'una hora,,"['100 g llet condensada3 ousCafè moltAigua', '100 g llet condensada', '3 ous', 'Cafè molt', 'Aigua']","[""Posem un pot al foc i hi aboquem 50 ml d'aigua aproximadament, en funció de la vostra cafetera. L'escalfem.\xa0\xa0"", ""Agafem una cafetera italiana, l'obrim i hi aboquem l'aigua calenta. Després, posem al filtre 15 g de cafè molt. Tanquem i fem el cafè.\xa0\xa0"", 'Separem clares i rovells de 3 ous. Reservem les clares i posem els rovells en un bol.\xa0\xa0', 'Blanquegem els rovells amb 100 g de llet condensada.\xa0\xa0\xa0', 'Posarem en un got transparent la crema i després hi aboquem el cafè acabat de fer.\xa0\xa0\xa0\xa0']","['Ous', 'Llet condensada', 'Sucre']"
Hamburguesa de peus de porc,https://www.3cat.cat/tv3/cuines/recepta/hamburguesa-de-peus-de-porc/40536/,33,https://img.3cat.cat/multimedia/jpg/9/1/1681313574419_326.jpg,Baixa,Més d'una hora,,"[""2 peus de porc1 garró de porc4 fulles de col4 panets d'hamburguesa2 porros1 branca d'api4 cardamoms2 bitxos200 g ceba enrossidaPebre vermell dolçLlorerTàperesVi ranciOli OVEPebreSal"", '2 peus de porc', '1 garró de porc', '4 fulles de col', ""4 panets d'hamburguesa"", '2 porros', ""1 branca d'api"", '4 cardamoms', '2 bitxos', '200 g ceba enrossida', 'Pebre vermell dolç', 'Llorer', 'Tàperes', 'Vi ranci', 'Oli OVE', 'Pebre']","[""Comencem blanquejant els peus de porc i el garró: els posem en una olla, amb aigua freda, i els portem al bull. Quan veiem que comença a bullir i treu bromera, en descartem l'aigua."", ""Posem els peus i el garró blanquejats en una olla de pressió, juntament amb el porro i l'api, tallats a bresa, una fulla de llorer, dos bitxos secs, pebre i ho cobrim amb aigua. Ho tapem i quan sentim que xiula ho abaixem al mínim, ho coem 50 minuts i ho deixem reposar dues hores."", ""Per una banda, reduïm el brou resultant de la cocció fins que tinguem una textura de mel, i de l'altra, desossem els peus i el garró."", 'Tallem els peus i el garró a una mida ben menuda. Ho salpebrem, hi afegim dues culleradetes de pebre vermell fumat dolç, les llavors de 4 cardamoms que trinxarem bé i ho barregem en un bol. Compactem bé la barreja, fent forma de cilindre gros i ho deixem dues hores a la nevera perquè qualli.', ""La primera guarnició serà de col: escaldem uns segons, en aigua bullent i una mica de sal, quatre fulles de col, sense el nervi intern de la base. Les eixuguem i les tallem a tiretes. Les reservem en un bol amb una mica d'oli."", ""La segona guarnició serà de ceba: escalfem una ceba que ja tinguem ben enrossida fins que es comenci a enganxar a la paella. Hi aboquem un raig de vi ranci i quan l'alcohol s'hagi evaporat, la reservem."", ""Tallem la barreja que ja tindrem compactada, amb forma d'hamburguesa, i les marquem en una paella amb un raig d'oli. Si les hem fet gruixudes, les marcarem dues vegades per banda."", ""Torrem el pa d'hamburguesa i l'emplatem posant una mica de la ceba reservada a la base interna d'una de les parts del pa. Hi posem l'hamburguesa al damunt, la col reservada, una cullerada del brou reduït i unes tàperes. Ho tapem amb l'altra part del pa i llestos.""]","['Ceba', 'Col', 'Porc', 'Pebre vermell dolç']"
Bacallà amb maionesa de codony,https://www.3cat.cat/tv3/cuines/recepta/bacalla-amb-maionesa-de-codony/40217/,33,https://img.3cat.cat/multimedia/jpg/7/8/1678699496387_326.jpg,Baixa,Menys d'una hora,,"['100 g codonyat100 g farina blat100 g midó blat de moro8 g impulsor químic200 ml cervesa4 supremes bacallà dessalat1 ouPebre vermell fumatOli suauOli \xa0OVE', '100 g codonyat', '100 g farina blat', '100 g midó blat de moro', '8 g impulsor químic', '200 ml cervesa', '4 supremes bacallà dessalat', '1 ou', 'Pebre vermell fumat', 'Oli suau', 'Oli \xa0OVE']","[""Comencem per fer una pastina per fregir el bacallà. Posem en un bol 100 g de farina de blat, 100 g de midó, 8 g d'impulsor, 200 ml de cervesa i ho barregem. També hi afegim 1 culleradeta de pebre vermell fumat i sal. Hem d'obtenir una textura densa. Ho deixarem reposar a la nevera.\xa0"", 'Eixuguem bé 4 talls de suprema de bacallà dessalat i sense pell. Els tallem a daus.\xa0', 'Fem la maionesa de codony: trenquem 1 ou i el posem al got batedor, hi afegim 400 g de codonyat i sal. Ho turbinem amb oli suau i ho emulsionem fins a tenir textura de maionesa.\xa0', ""Agafem la pastina de la nevera, hi posem el bacallà i l'anem fregint en una cassola amb oli calent. L'anem reservant sobre paper absorbent.\xa0"", 'Emplatem els daus de bacallà fregit i hi afegim la maionesa a puntets.\xa0']","['Ous', 'Bacallà', 'Farina', 'Melmelades i confitures']"
Rap a l'estil indi,https://www.3cat.cat/tv3/cuines/recepta/rap-a-lestil-indi/39936/,33,https://img.3cat.cat/multimedia/jpg/9/3/1677062017239_326.jpg,Baixa,Més d'una hora,,"['Per al rap marinat', 'Per al rap marinat', '2 cues de rap', '1 litre llet de coco', '6\xa0g sal', ""4 grans d'all"", '20 g gingebre', '20 g curri', '10 g mostassa de Dijon', '10 g crema de cacauet', '7 g pebre vermell dolç', '2 g comí', '5 g cúrcuma', '5 g pebre negre molt', 'Oli de coco', 'Cibulet', '', ""Per a l'arròs"", '300 g arròs basmati', '600 ml aigua', 'Oli de coco', 'Sal']","['Posem en un bol 1 litre de llet de coco, 10 g de mostassa de Dijon i 10 g de crema de cacauet. Ho barregem amb la vareta manual i ho integrem bé.', ""Tallem a la brunesa\xa04 grans d'all pelats. \xa0"", 'Afegim al bol els alls, 6\xa0g de sal, 2 g de comí, 5 g de cúrcuma, 20 g de curri, 7 g de pebre vermell dolç i 20 g de gingebre ratllat.', ""Aboquem dins d'un recipient amb tapa la marinada de llet de coco i dues cues de rap tallades a medallons."", 'Ho tapem i ho deixem a la nevera 12 hores.', ""Passat aquest temps, traiem el rap de la nevera i deixem que s'escorri."", 'Posem la marinada del rap en una paella al foc i fem que es redueixi.', ""Mentrestant, fem l'arròs. Rentem amb aigua abundant 300 g d'arròs basmati, fins que l'aigua surti transparent. \xa0"", ""Posem un pot al foc i hi afegim una cullerada d'oli de coco. Hi posem l'arròs i deixem que s'enrosseixi."", ""Un cop enrossit, hi tirem 600 ml d'aigua i una mica de sal. Deixem que l'aigua arribi a bullir i quan bulli, ho tapem. Primer deixem que cogui a foc viu durant dos minuts i, després, encara amb l'olla tapada, ho abaixem al mínim."", 'Ho deixem que es cogui així entre 12 i 13 minuts.', ""Passat aquest temps, traiem l'arròs del foc i el tapem amb un drap."", ""En una paella hi posem un raig d'oli de coco. Quan sigui calent, hi posem el rap i el marquem."", 'Quan el rap ja està marcat, aboquem a la paella la salsa de la marinada reduïda i deixem que tot cogui junt uns 2 minuts a foc mitjà.', ""Emplatem el rap amb l'arròs i una mica de cibulet picat.""]","['All', 'Coco', 'Rap', 'Arròs basmati', 'Curri', 'Comí', 'Pebre vermell dolç', 'Cúrcuma', 'Gingebre', 'Cacauets']"
Paté de pollastre amb picada d'ametlla,https://www.3cat.cat/tv3/cuines/recepta/pate-de-pollastre-amb-picada-dametlla/40716/,33,https://img.3cat.cat/multimedia/jpg/8/2/1681899187028_326.jpg,Baixa,Més d'una hora,,"[""250 g de fetge de pollastre250 g de mantega amb sal2 cullerades de pebre verd en salmorra6 escalunyes60 g d'ametlla fregida saladaTorrades de pa sardConyacVi ranciVi dolçPinot noirSalPebre"", '250 g de fetge de pollastre', '250 g de mantega amb sal', '2 cullerades de pebre verd en salmorra', '6 escalunyes', ""60 g d'ametlla fregida salada"", 'Torrades de pa sard', 'Conyac', 'Vi ranci', 'Vi dolç', 'Pinot noir', 'Sal', 'Pebre']","[""Posem un bon raig d'oli OVE a escalfar.\xa0\xa0"", 'Tallem 6 escalunyes pelades ben fines.\xa0', 'Les enrossim a la paella, durant uns 40 minuts.\xa0', ""Posem en un bol un litre d'aigua i hi dissolem 10 g de sal.\xa0"", 'Hi afegim uns quants glaçons.\xa0', ""Posem 250 g de fetge de pollastre a l'aigua salada amb gel i ho deixem així 20 minuts.\xa0"", 'Passem per aigua i deixem en remull 2 cullerades de pebre verd.\xa0\xa0', ""Posem 250 g de mantega salada a fondre i hi tirem el pebre verd sense l'aigua.\xa0\xa0"", 'Deixem la mantega i el pebre al pot escalfant-se, amb el foc al mínim, 10 minuts. Passat aquest temps, ho apartem del foc i deixem que es vagi refredant. Colem la mantega i descartem el pebre.\xa0', 'Guardem la mantega en un pot i la posem a la nevera.\xa0', 'Si les escalunyes ja estan caramel·litzades, podem apujar el foc i, abans que es comencin a torrar, hi tirem un raig de vi ranci.\xa0\xa0', ""Deixem que l'alcohol del vi ranci s'evapori i guardem les escalunyes a la nevera.\xa0"", 'Eixuguem els fetges dessagnats i hi tirem pebre negre.\xa0', ""Posem un raig d'oli a la paella i, quan sigui calent, hi afegim els fetges.\xa0"", 'Tirem un raig de vi negre (preferiblement pinot noir) a la paella i, tot seguit, un raig de conyac.\xa0', 'Flamegem el contingut de la paella.\xa0', 'Apaguem els focs i deixem que baixi la temperatura.\xa0\xa0', 'Guardem els fetges a la nevera.\xa0', ""Si ha passat com a mínim mitja hora i tot el que tenim a la nevera s'ha refredat, ja ho podem treure.\xa0\xa0"", 'Posem en un got batedor les escalunyes, els fetges, la mantega i un raig molt curt de vi dolç.\xa0', 'Ho turbinem tot junt.\xa0', ""Piquem amb ganivet 60 g d'ametlla fregida salada\xa0"", ""Posem a la base d'un motlle la meitat de les ametlles picades, un pis amb el paté, la resta de les ametlles picades i un altre pis amb el paté.\xa0"", 'Ho tapem i ho deixem\xa0a la nevera com a mínim 30 minuts.\xa0', 'Ho desemmotllem i ho servim amb pa sard o torradetes.\xa0']","['Pollastre', 'Mantega', 'Ametlles']"
Déntol al forn amb patates,https://www.3cat.cat/tv3/cuines/recepta/dentol-al-forn-amb-patates/40576/,33,https://img.3cat.cat/multimedia/jpg/9/4/1680604598349_326.jpg,Baixa,Menys d'una hora,,"[""1 déntol500 g patates blanques250 ml brou de gallina2 tomacons2 grans d'all1 ceba tendraVi ranciLlorerJulivertOli OVEPebreSal"", '1 déntol', '500 g patates blanques', '250 ml brou de gallina', '2 tomacons', ""2 grans d'all"", '1 ceba tendra', 'Vi ranci', 'Llorer', 'Julivert', 'Oli OVE', 'Pebre', 'Sal']","['Tallem una ceba tendra a juliana,\xa0i la posem en una safata de forn, que ja tindrem preparada amb un paper sulfurat.', ""Pelem 500 g de patata blanca, i la tallem a mida de patata brava. La col·loquem damunt de la ceba, juntament amb dos tomacons tallats a quarts, un polsim de sal, un raig d'oli, una fulla de llorer, una mica de vi ranci i 250 ml de brou de gallina. Ho coem al forn, 25 minuts a 180º."", ""Fem un bany de sal al déntol: posem en una safata fonda el déntol ja escatat sense tripa ni ganyes, i obert com un llibre, i deixem l'espina en\xa0una\xa0de les bandes. El cobrim amb una solució d'aigua i sal, a raó de 20 g de sal per litre d'aigua, i el deixem tapat, que reposi 15 minuts en aquest bany de sal."", ""Fem una picada d'all i julivert: tallem ben menut dos grans d'all i unes quantes fulles de julivert. Ho posem en un morter, hi afegim un bon raig d'oli, pebre i ho molem amb la mà de morter, tot afegint-hi més oli, com si féssim un allioli negat."", ""Col·loquem damunt de les patates cuites el peix, que haurem eixugat del bany de sal. La pell ha de quedar en contacte amb les patates. Aboquem l'oli d'all i julivert sobre el peix i l'enfornem. Comptem set minuts per quilo de peix, a 200º. En el cas de la recepta, com que feia 2 kg, s'estarà 14 minuts de cocció, i ja es podrà emplatar.""]","['Tomàquets', 'Ceba', 'All', 'Patates', 'Déntol', 'Julivert', 'Llorer', ""Oli d'oliva verge extra""]"
Tallarines amb bacallà i olives,https://www.3cat.cat/tv3/cuines/recepta/tallarines-amb-bacalla-i-olives/40416/,33,https://img.3cat.cat/multimedia/jpg/1/3/1680001943931_326.jpg,Baixa,Menys d'una hora,,"[""300 g tallarines fresques100 g bacallà fumat70 g olives negres sense pinyol40 g tàperes4 tomacons2 grans d'all1\xa0 bitxo secVinagre balsàmic de MòdenaOrenga secaOli OVESal"", '300 g tallarines fresques', '100 g bacallà fumat', '70 g olives negres sense pinyol', '40 g tàperes', '4 tomacons', ""2 grans d'all"", '1\xa0 bitxo sec', 'Vinagre balsàmic de Mòdena', 'Orenga seca', 'Oli OVE', 'Sal']","[""Comencem preparant la salsa. Pelem i tallem a microbrunesa dos grans d'all. Els courem en una cassola amb oli d'oliva i un bitxo sec. Els fem ballar a foc baix.\xa0\xa0\xa0\xa0"", 'Hi ratllem 4 tomacons 5 minuts també a foc baix.\xa0\xa0', ""A la cassola hi afegim 70 g d'olives negres sense pinyol laminades i 1 rajolí de vinagre balsàmic de Mòdena. Ho integrem i apartem del foc.\xa0\xa0"", ""Fregim 40 g de tàperes posant-les a dins d'un colador i submergint-les en oli calent. Les fregirem fins que quedin cruixents, uns 4 minuts. És important que prèviament estiguin eixutes. Quan estiguin fregides les reservarem en un paper absorbent.\xa0\xa0"", 'Bullim 300 g de tallarines fresques durant 4 minuts amb sal.\xa0\xa0', 'Un cop feta, la passarem a la cassola amb la salsa i ho acabarem de coure 2 minuts més.\xa0\xa0\xa0', 'Emplatarem posant una ració de pasta, làmines de bacallà fumat, les tàperes que hem fregit i orenga seca.\xa0\xa0']","['Pasta', 'Tomàquets', 'Bacallà', 'Orenga', 'Olives']"
Arròs sec de vegetals,https://www.3cat.cat/tv3/cuines/recepta/arros-sec-de-vegetals/40117/,33,https://img.3cat.cat/multimedia/jpg/5/2/1678188528625_326.jpg,Baixa,Més d'una hora,Vegetariana,"[""350 g d'arròs rodó750 ml de brou de verdures125 g de mongeta tendra70 g de fulla de col3 escalunyes3 tomacons3 tomàquets secs1 gra d'allBrins de safràUn raig de vi ranciOli OVEPebre negreSalPER AL BROU DE VERDURES2 l d'aigua250 g de xampinyons portobel·lo2 porros3 cullerades de salsa de soja5 branques de julivertUn grapat de cigrons"", ""350 g d'arròs rodó"", '750 ml de brou de verdures', '125 g de mongeta tendra', '70 g de fulla de col', '3 escalunyes', '3 tomacons', '3 tomàquets secs', ""1 gra d'all"", 'Brins de safrà', 'Un raig de vi ranci', 'Oli OVE', 'Pebre negre', 'Sal', '', 'PER AL BROU DE VERDURES', ""2 l d'aigua"", '250 g de xampinyons portobel·lo', '2 porros', '3 cullerades de salsa de soja', '5 branques de julivert', 'Un grapat de cigrons']","[""Comencem fent un brou vegetal. En una olla rostim lleugerament uns minuts dos porros tallats a mida de bresa, 250 g de xampinyons portobel·lo que tallem a quarts, una mica d'oli OVE i tres cullerades de salsa de soja.\xa0"", ""Afegim a l'olla 2 litres d'aigua, una malla amb 50 g de cigrons petits (pes en sec), que hem hidratat durant tota la nit, i unes branques de julivert. Ho tapem, i quan arrenqui el bull abaixarem el foc i ho courem al mínim 30 minuts. Després ho deixarem reposar 2 hores. Ho colarem i reduirem fins a tenir 750 ml de brou.\xa0"", ""Escalfem el brou reduït. Mentrestant, posem una cassola ampla al foc amb oli OVE. Mentre s'escalfa, traiem el germinat a un gra d'all i el laminem al llarg. Quan la cassola està calenta, hi afegim l'all i fem que balli.\xa0"", 'Afegim a la cassola uns brins de safrà, remenem un moment i hi aboquem un raig de vi ranci.\xa0', ""Ratllem 3 tomacons i aboquem\xa0 la polpa a la cassola. Quan canvia de color, hi afegim 350 g d'arròs rodó i el perlem.\xa0"", ""Quan l'arròs està perlat, afegim una mica de sal i pebre a la cassola, ho remenem i hi aboquem el brou calent. Ho distribuïm bé per la cassola i ho coem 12 minuts sense tocar l'arròs.\xa0"", ""Aprofitem la cocció de l'arròs per tallar a la juliana 70 g de col, a la qual hem tret el nervi, 125 g de mongeta tendra i 3 escalunyes.\xa0"", ""Quan han passat els 12 minuts,\xa0 distribuïm per la cassola la mongeta tendra tallada i les escalunyes i ho cobrim amb la col. Acabem la cocció de l'arròs al forn 4 minuts a 200º.\xa0"", 'Traiem la cassola del forn i la tapem amb un drap de cotó durant un parell de minuts. Aprofitem per laminar 3 tomàquets secs confitats amb oli que hem eixugat amb paper absorbent.\xa0', ""Destapem la cassola, repartim bé per la cassola el tomàquet confitat tallat i acabem amb un bon raig d'oli OVE. I ja el podem servir.\xa0""]","['Col', 'Mongetes', 'Arròs bomba']"
Amanida sueca,https://www.3cat.cat/tv3/cuines/recepta/amanida-sueca/40216/,33,https://img.3cat.cat/multimedia/jpg/7/6/1678699283867_326.jpg,Baixa,Menys d'una hora,,"[""350 g remolatxa cuita300 g patata70 g tàperes4 filets d'arengada fumada en oli1 poma Granny Smith1 escarola6 maduixesCrema balsàmicaPebre negreSal"", '350 g remolatxa cuita', '300 g patata', '70 g tàperes', ""4 filets d'arengada fumada en oli"", '1 poma Granny Smith', '1 escarola', '6 maduixes', 'Crema balsàmica', 'Pebre negre', 'Sal']","['Bullim 300 g de patates petites i després les refredem en aigua i gel durant 5 minuts perquè no ens quedin toves. Les eixuguem i les tallem. Ho posem en un bol.\xa0', 'Tallem 1 poma Granny Smith i ho afegim al bol.\xa0', 'Tallem 350 g de remolatxes cuites de la mateixa mida que les patates. Ho afegim al bol.\xa0', ""Traiem l'excés d'oli de 4 filets d'arengada fumada en oli i els tallem en trossets d'1 cm. Ho afegim al bol.\xa0"", 'Piquem amb un ganivet 70 g de tàperes i també ho afegim al bol.\xa0', ""Preparem l'amaniment: afegim al bol de l'amanida 1 raig de crema balsàmica, l'oli de conserva de les arengades, pebre negre i sal. \xa0"", 'Tallem 6 maduixes.\xa0', ""Ho emplatem posant fulles tendres d'escarola, hi afegim l'amanida, trossets de maduixa i un altre raig de crema balsàmica. \xa0""]","['Patates', 'Maduixa', 'Remolatxa', 'Escarola']"
Fajita de pollastre picant,https://www.3cat.cat/tv3/cuines/recepta/fajita-de-pollastre-picant/39916/,33,https://img.3cat.cat/multimedia/jpg/8/2/1677060809428_326.jpg,,Més d'una hora,,"[""4 tortillas integrals (placement)250 ml brou de pollastre2 pits de pollastre1 pebrot vermell1 pebrot verd1 ceba de Figueres2 grans d'all60 g tomàquet doble concentrat (placement)Gingebre (apareix congelat)1 cullerada pebre vermell fumat picant1 culleradeta caiena en pols1 culleradeta de comí en pols4 fulles d'enciamOli OVESalPer la ceba envinagrada300 ml aigua1 ceba vermella (tornillo)1/4 remolatxa cuita200 ml vinagre de vi blanc10 g sucre2 bitxos secsSal"", '4 tortillas integrals (placement)', '250 ml brou de pollastre', '2 pits de pollastre', '1 pebrot vermell', '1 pebrot verd', '1 ceba de Figueres', ""2 grans d'all"", '60 g tomàquet doble concentrat (placement)', 'Gingebre (apareix congelat)', '1 cullerada pebre vermell fumat picant', '1 culleradeta caiena en pols', '1 culleradeta de comí en pols', ""4 fulles d'enciam"", 'Oli OVE', 'Sal', '', 'Per la ceba envinagrada', '300 ml aigua', '1 ceba vermella (tornillo)', '1/4 remolatxa cuita', '200 ml vinagre de vi blanc', '10 g sucre', '2 bitxos secs', 'Sal']","[""Posem a escalfar 300 ml d'aigua."", 'Mentrestant, tallem a juliana no massa fina 1 ceba vermella (les capes han de quedar ben separades) i 1/4 de remolatxa cuita.', 'Posem la ceba vermella i la remolatxa dins un pot de vidre de coll ample amb tapa.', ""A l'aigua calenta \x96no cal que bulli\x96 hi tirem 10 g de sucre, 200 ml de vinagre de vi blanc, 2 bitxos secs partits per la meitat i un polsim de sal. Ho dissolem bé i ho afegim al pot amb la ceba i la remolatxa."", 'Deixem que baixi la temperatura i ho posem a la nevera 12 hores.', ""Passat aquest temps, posem una cassola al foc amb una mica d'oli."", 'Tallem per la meitat i a juliana 2 pits de pollastre.', 'Marquem el pollastre a la cassola.', ""Laminem i reservem 2 grans d'all pelats. Fem el mateix amb una ceba de Figueres, un pebrot vermell i un pebrot verd."", ""Tirem un raig d'oli a la mateixa cassola on hem marcat el pollastre. Hi afegim els alls laminats i ratllem gingebre a la mateixa cassola. Quan els alls han agafat color, incorporem la ceba a juliana i la saltem a foc mitjà alt. Afegim a la cassola el pebrot vermell i el pebrot verd tallats. Tapem la cassola i ho coem uns 12 minuts."", 'Posem 250 ml de brou de pollastre a escalfar.', 'A la cassola amb les verdures hi afegim 1 cullerada de pebre vermell fumat picant, 1 culleradeta de pebre de Caiena molta, 1 culleradeta de comí en pols i un polsim de sal. Ho integrem tot.', 'A la mateixa cassola hi incorporem 60 g de tomàquet concentrat.', ""Si el brou de pollastre ja és calent, l'aboquem a la mateixa cassola. També hi agreguem el pit de pollastre a tires."", ""Coem tot plegat, destapat 20' a foc mitjà alt, fins que s'evaporin els líquids."", 'Posem una paella grossa al foc i la fem servir per escalfar una tortilla a banda i banda.\xa0', ""Muntem les fajitas posant els ingredients per aquest ordre: 1 tortilla calenta, 1 fulla d'enciam, el farcit de verdures i pollastre, i la ceba i la remolatxa envinagrades.""]","['Tomàquets', 'Enciams', 'Pollastre', 'Comí', 'Bitxo', 'Ceba', 'Brou de carn', 'Pebrot verd', 'Pebrot vermell', 'Remolatxa']"
Pasta alla Norma,https://www.3cat.cat/tv3/cuines/recepta/pasta-alla-norma/39896/,33,https://img.3cat.cat/multimedia/jpg/7/7/1676980216377_326.jpg,,,Vegetariana,"[""500 g de pasta tortiglioni2 albergínies2 grans d'all1 kg de tomàquet de penjar1 cullerada de pasta de tomàquetVi ranciSalPebra\xa0negraAlfàbrega frescaOrenga frescaFormatgeOli OVE"", '500 g de pasta tortiglioni', '2 albergínies', ""2 grans d'all"", '1 kg de tomàquet de penjar', '1 cullerada de pasta de tomàquet', 'Vi ranci', 'Sal', 'Pebra\xa0negra', 'Alfàbrega fresca', 'Orenga fresca', 'Formatge', 'Oli OVE']","['Tallem 2 albergínies netes a bastonets.\xa0\xa0', 'Posem en un bol aigua i un polsim de sal i ho remenem amb el batedor perquè es dissolgui.\xa0', 'Posem al bol les albergínies tallades a bastonets.\xa0', 'Deixem les albergínies en remull 15 minuts. \xa0', 'Mentrestant, comencem a fer la salsa de tomata i ratllem un 1 kg de tomata de penjar net.\xa0\xa0', 'Posem la tomata ratllada en una una cassola al foc sense oli. Hi afegim dues cullerades de tomàquet concentrat. Deixem que cogui 15 minuts a foc baix. \xa0', ""Si l'albergínia ha passat els 15 minuts en remull, la traiem de l'aigua salada i l'assequem.\xa0\xa0"", 'Posem una altra paella al foc i hi posem oli OVE.\xa0\xa0', ""Pelem i laminem 2 grans d'all i els posem a la paella perquè es torrin.\xa0\xa0\xa0"", ""Afegim a la paella dels alls l'albergínia eixuta i una mica de pebre.\xa0"", 'Ho saltem uns minuts i després hi afegim la salsa de tomata. Hi posem orenga esmicolada.\xa0\xa0', 'Deixem la salsa de tomata amb albergínia 15 minuts al foc.\xa0', 'Quan les verdures es comencin a torrar, hi tirem un raig de vi ranci.\xa0', 'Deixem que cogui uns cinc minuts.\xa0\xa0', ""Posem una olla al foc plena d'aigua i sal. Mínim 1 litre d'aigua.\xa0\xa0"", 'Quan bulli, hi tirem 500 g de tortiglioni.\xa0', 'Ho deixem coure 7 minuts, remenant de tant en tant. \xa0', 'Un cop cuita, recollim la pasta amb una aranya.\xa0\xa0', ""Aprofitem l'aigua de la cocció de la pasta per tirar-la a la salsa de tomata i albergínia perquè quedi més amorosida.\xa0\xa0"", ""Ratllem una mica de formatge curat d'ovella.\xa0\xa0"", ""Servim amb una mica d'alfàbrega fresca.\xa0""]","['Pasta', 'Tomàquets', 'Albercoc', 'Formatge']"
Tiramisú amb cremós de xocolata,https://www.3cat.cat/tv3/cuines/recepta/tiramisu-amb-cremos-de-xocolata/40436/,33,https://img.3cat.cat/multimedia/jpg/8/9/1680006378798_326.jpg,Baixa,Menys d'una hora,,"['200 g xocolata 72%25 g sucre225 ml llet200 ml cafè25 ml nata del 35%24 melindros durs2 ousLicor de cafèCacau en pols', '200 g xocolata 72%', '25 g sucre', '225 ml llet', '200 ml cafè', '25 ml nata del 35%', '24 melindros durs', '2 ous', 'Licor de cafè', 'Cacau en pols']","['Comencem per fer una crema anglesa. Separem clares i rovells de 2 ous, reservem les clares i posem els rovells en un bol. Hi afegim 25 g de sucre i els blanquegem amb unes varetes.\xa0\xa0', 'En un pot aboquem 225 ml de llet, 25 ml de nata del 35% i els rovells blanquejats, i ho integrem bé. Després posarem el pot al foc i el courem remenant sense parar fins a obtenir una textura densa almenys 5 minuts.\xa0\xa0', 'Tallarem 200 g de xocolata 70% i la desfarem al mateix pot de la barreja.\xa0\xa0', 'Estirem en una safata la barreja i la tapem amb un paper sulfurat. La deixem 30 minuts a la nevera i després la passem a una mànega pastissera.\xa0\xa0', 'Barregem en una gerreta 200 ml de cafè calent i un raig de licor de cafè.\xa0\xa0', 'Mullarem 24 melindros durs amb la barreja de cafè i licor en una safata.\xa0\xa0', 'Agafarem quatre motlles individuals. A baix, hi posarem 3 melindros, després la barreja de cafè i licor, una capa de la crema que tenim ja freda, una nova capa de 3 melindros, novament cafè i licor i per últim la resta de la crema. Ho durem 1 hora a la nevera perquè agafi cos. Això ho farem amb els 4 motlles.\xa0\xa0', 'Els portarem 1 hora a la nevera. \xa0\xa0', 'Desemmotllem els tiramisús, els empolsinem de cacau en pols i ja els podem servir.\xa0\xa0']","['Ous', 'Nata', 'Llet', 'Xocolata', 'Sucre']"
Mona de xocolata amb melmelada,https://www.3cat.cat/tv3/cuines/recepta/mona-de-xocolata-amb-melmelada/40256/,33,https://img.3cat.cat/multimedia/jpg/8/7/1678781503378_326.jpg,Baixa,Més d'una hora,,"['170 g de farina de blat', '150 g de sucre', '100 g de xocolata negra per fondre', '100 g de melmelada de préssec', '50 g de sucre de llustre', '170 ml de suc de taronja colat', ""80 ml d'oli OVE"", '30 ml de suc llimona', '4 ous', '1 full de gelatina', 'Aigua', 'Impulsor', 'Mantega', 'Sal']","[""En un bol, hi posarem 80 ml d'oli d'oliva i 170 ml de suc de taronja colat. Ho escalfarem a foc mínim fins als 50º. Quan arribi a aquesta temperatura hi afegirem 170 g de farina i ho barrejarem fins que n'obtinguem una beixamel. \xa0"", ""Apartarem el pot del foc i hi afegirem un sobre d'impulsor (14 g), ho integrarem bé i ho deixarem reposar cinc minuts perquè es temperi. \xa0"", 'Separarem quatre clares dels quatre rovells. Començarem a muntar les clares amb un polsim de sal. A mig muntar hi afegirem 50 g de sucre blanc. \xa0\xa0', 'Blanquejarem els rovells i, a mig fer, hi afegirem 50 g de sucre blanc. \xa0', 'Afegirem a poc a poc al vol dels rovells la beixamel ja temperada. Ho integrarem amb la vareta fins que tinguem una textura fina. \xa0', 'Afegirem al bol de les clares muntades la massa del pa de pessic i ho integrarem de nou amb cura perquè no baixi de volum. \xa0', ""Agafarem un motlle rodó d'uns 20 cm, l'untarem amb mantega i hi abocarem la massa del pa de pessic. Ho enfornarem 50 minuts a 180º. Un cop cuit el deixarem refredar i el desemmotllarem. \xa0"", 'Hidratarem un full de gelatina en aigua freda. \xa0', ""També tindrem preparat un almívar que haurem fet amb 50 g de sucre de llustre i 30 ml de suc de llimona. Tallarem el pastís i pintarem l'interior amb l'almívar de llimona amb l'ajuda d'un pinzell. \xa0"", ""Després untarem l'interior amb 100 g de melmelada de préssec, amb una mànega o amb un ganivet. Taparem el pastís. \xa0"", ""Posem al foc un pot i hi afegirem 50 g de sucre i 50 ml d'aigua. Ho escalfarem fins que el sucre es dissolgui. Aleshores, hi afegirem el full de gelatina i ho desfarem. Al final hi afegirem 100 g de xocolata negra per fondre i la desfarem amb l'ajuda d'una llengua. \xa0\xa0"", 'Banyarem el pastís abocant-hi la xocolata desfeta. Ho deixarem temperar. \xa0', 'Decorarem la mona amb plomalls, pollets i ous de xocolata. \xa0']","['Ous', 'Llimona', 'Farina', 'Melmelades i confitures', 'Xocolata', 'Sucre']"
Mousse de formatge blau i mató,https://www.3cat.cat/tv3/cuines/recepta/mousse-de-formatge-blau-i-mato/40396/,33,https://img.3cat.cat/multimedia/jpg/9/0/1679982097509_326.jpg,,Menys de 30 minuts,,"['300 ml de beguda de nous3 ous4 làmines de gelatina250 ml de nata del 35%70 g de sucre100 g de formatge blauUn polsim de sal90 g de nous pelades15 g de nous peladesFarigola', '300 ml de beguda de nous', '3 ous', '4 làmines de gelatina', '250 ml de nata del 35%', '70 g de sucre', '100 g de formatge blau', 'Un polsim de sal', '90 g de nous pelades', '15 g de nous pelades', 'Farigola']","['Posem al got batedor 90 g de nous pelades i 300 ml de beguda de nous.', 'Ho triturem fins que quedi ben cremós.', 'Colem el suc del got batedor amb un sedàs fi i descartem els sòlids.', 'Posem en un recipient 4 làmines de gelatina i les cobrim amb aigua freda.', 'Separem les clares i els rovells de 3 ous.', 'En un pot al foc hi tirem 250 ml nata del 35% i 70 g de sucre.', 'Tallem a daus 100 g de formatge blau i els afegim al pot de la nata.', 'Deixem que bulli perquè el formatge es fongui.', 'Apaguem el foc i deixem que es refredi.', 'Afegim un polsim de sal al bol de les clares i les muntem.', 'Batem els rovells fins que canviïn de color.', 'Afegim al bol dels rovells la nata amb formatge.', 'Afegim a la barreja la gelatina hidratada i escorreguda. Ho triturem tot.', 'Afegim a la barreja el combinat de llet de nous i nous.', 'Hi afegim les clares muntades molt a poc a poc i per tandes.', 'Passem la barreja als gots on ho servirem.', 'Ho portem a la nevera una hora com a mínim.', 'Esmicolem amb ganivet o morter 15 g de nous.', 'Afegim les nous a sobre la mousse.', 'Tallem unes branques de farigola i les posem per sobre.']","['Nata', 'Formatge', 'Farigola', 'Sucre', 'Nous']"
Llobarro amb espinacs i api-rave,https://www.3cat.cat/tv3/cuines/recepta/llobarro-amb-espinacs-i-api-rave/39856/,35,https://img.3cat.cat/multimedia/jpg/5/6/1676376723565_326.jpg,,,,"[""500 g d'espinacs100 g de ceba rossa80 g de panses Golden ja remullades en vi ranci80 g de pinyons50 g mantega20 g de mostassa de Dijon120 ml de nata4 supremes de llobarro salvatge1 api-rave1 gra d'allSalicòrniaPebreSalOli OVE"", ""500 g d'espinacs"", '100 g de ceba rossa', '80 g de panses Golden ja remullades en vi ranci', '80 g de pinyons', '50 g mantega', '20 g de mostassa de Dijon', '120 ml de nata', '4 supremes de llobarro salvatge', '1 api-rave', ""1 gra d'all"", 'Salicòrnia', 'Pebre', 'Sal', 'Oli OVE']","[""Comencem fent el puré d'api-rave. En tallem un a rodelles de 3 cm.\xa0"", 'El marquem en una cassola amb oli calent a banda i banda. Després el bullim en una olla durant 20 minuts a foc suau.\xa0', ""Un cop bullit, posem l'api-rave en un got batedor juntament amb 120 ml de nata ja infusionada amb 20 g de mostassa de Dijon. Ho triturem.\xa0"", 'Afegim al puré 50 g de mantega, sal i pebre. Ho lliguem i ho reservem.\xa0', ""Fem uns espinacs a la catalana. Afegim sal a 500 g d'espinacs ja nets. Els nyaufem perquè perdin el suc i els deixem escorrent-se.\xa0"", ""Enrossim amb una mica d'oli un gra d'all tallat a la microbrunesa. Afegim a la paella 100 g de ceba ja rossa a la brunesa i ho integrem. Quan vegem que s'aferra hi posem un raig de vi ranci. \xa0\xa0"", ""Quan l'alcohol s'ha evaporat, hi posem els espinacs escorreguts i 80 g de panses que hem tingut en remull amb vi ranci durant tota la nit. Ho saltem.\xa0"", 'Per últim hi afegim 80 g de pinyons torrats. \xa0', ""Agafem quatre supremes de llobarro salvatge i hi fem un bany de sal del 10% de sal per litre d'aigua durant 10 minuts. Hi afegim oli i ho deixem temperar. Un cop temperats els marquem cinc minuts per banda quan l'oli sigui molt calent.\xa0"", ""Saltem salicòrnia en una paella calenta amb un raig d'oli.\xa0"", ""Ho emplatem en un plat soper posant-hi puré, el llobarro, els espinacs, un raig d'oli i, per últim, la salicòrnia. \xa0""]",
Salmó amb salsa de parmesà,https://www.3cat.cat/tv3/cuines/recepta/salmo-amb-salsa-de-parmesa/39816/,35,https://img.3cat.cat/multimedia/jpg/5/4/1676294424745_326.jpg,Baixa,Menys de 30 minuts,,"[""4 medallons de salmó100 ml de nata 35%100 g parmesà ratllat1 manat d'espàrrecs verds2 grans d'all1 llimonaCirerolsMig manat d'anetMantegaOli OVEPebre negreSal"", '4 medallons de salmó', '100 ml de nata 35%', '100 g parmesà ratllat', ""1 manat d'espàrrecs verds"", ""2 grans d'all"", '1 llimona', 'Cirerols', ""Mig manat d'anet"", 'Mantega', 'Oli OVE', 'Pebre negre', 'Sal']","[""Netegem un manat d'espàrrecs, en traiem la part fibrosa i els tallem a trossos de mida mossegada.\xa0"", ""Agafem un full de paper sulfurat i el cargolem pels extrems fent una barca. Repetim l'operació fins a tenir quatre barques i les posem en una safata de forn.\xa0"", ""Posem un medalló de salmó dins cada barca i l'acompanyem dels espàrrecs i uns cirerols. Salpebrem.\xa0"", 'Tallem a daus un tros de mantega i el posem damunt del medalló.\xa0', 'Tallem a rodelles una llimona i posem una rodella al centre de cada medalló de salmó.\xa0', 'Coem al forn 8 minuts a 200 graus.\xa0', ""Fem la salsa que acompanyarà el salmó. Piquem a microbrunesa dos grans d'all i els enrossim en un pot amb una mica d'oli OVE.\xa0"", 'Quan estan enrossits, afegim 100 ml de nata al 35% i 100 g de formatge parmesà ratllat. Remenem fins que el parmesà quedi fos.\xa0\xa0', ""Tallem ben petit unes branques d'anet fresc, que afegim a la salsa un cop el formatge s'ha fos. Apaguem el foc i reservem.\xa0\xa0"", 'Traiem el salmó del forn i servim la barca en un plat acompanyant-lo de la salsa de parmesà.\xa0']","['Salmó', 'Nata', 'Formatge']"
Arròs de galta de porc,https://www.3cat.cat/tv3/cuines/recepta/arros-de-galta-de-porc/39956/,35,https://img.3cat.cat/multimedia/jpg/5/5/1677155038555_326.jpg,Baixa,Més d'una hora,,"['300 g arròs', '200 g ceba rossa', '60 g brou de porc concentrat', '750 ml brou de porc', '2 galtes de porc', '2 ous', '1 tòfona melanosporum', 'Cardamom', 'Vinagre', 'Safrà', 'Sal', 'Pebre negre', 'Vi ranci', 'Oli suau', 'Oli OVE', '', '', '']","['Tindrem ja cuites dues galtes de porc que esfilagarsem. Després les enrossim amb 200 g de ceba rossa a juliana i oli. \xa0\xa0', ""Quan s'aferren, hi afegim un raig de vi ranci. \xa0"", ""Hi afegim 200 g d'arròs, sal, pebre, 2 cardamoms esclovellats, brins de safrà i una mica més d'oli si cal. \xa0"", ""Quan l'arròs estigui perlat, hi afegim 750 ml de brou de porc escalfat i ho courem 13 minuts a foc mitjà-alt. \xa0"", 'Mentrestant preparem la maionesa de tòfona. Posarem en un got batedor 1 ou, 1 ou dur ja pelat que maltallem, sal, pebre, vinagre, 60 g de brou de porc concentrat i oli suau. Emulsionem. Per últim hi ratllem 1 tòfona melanosporum. \xa0', 'Traiem la cassola del foc, la cobrim amb un drap sec i la deixem reposar dos minuts. \xa0', ""Afegim la maionesa a l'arròs, ja sigui amb biberó o cullera, i ja el podem emplatar. \xa0""]","['Ous', 'Arròs i cereals', 'Bolets', 'Porc', 'Oli', 'Cardamom']"
Col amb ceba al cop de puny,https://www.3cat.cat/tv3/cuines/recepta/col-amb-ceba-al-cop-de-puny/39796/,35,https://img.3cat.cat/multimedia/jpg/7/7/1676362298577_326.jpg,Baixa,Menys de 30 minuts,Vegetariana,"[""1 col llisa grossa2 gots d'oli OVE1 got de vinagre2 cebes de Figueres4 grans d'all1 fulla de llorer1 branca de farigolaUn grapat d'olives variadesUn grapat de pebre en graPebre negreSal"", '1 col llisa grossa', ""2 gots d'oli OVE"", '1 got de vinagre', '2 cebes de Figueres', ""4 grans d'all"", '1 fulla de llorer', '1 branca de farigola', ""Un grapat d'olives variades"", 'Un grapat de pebre en gra', 'Pebre negre', 'Sal']","['Tallem una col a quarts o a vuitens, segons la mida. Traiem la part central i separem i tallem les fulles més grosses per la meitat.\xa0', ""En una cassola escalfem dos gots d'oli OVE, un got de vinagre i un d'aigua. Hi afegim unes boles de pebre negre, llorer, 4 grans d'all aixafats, farigola fresca i sal.\xa0"", 'Incorporem i distribuïm per la cassola la col tallada i la coem a foc baix 15 minuts. Un cop cuita, la traiem de la cassola, reservant-la en un bol, i colant el líquid en una gerra.\xa0', 'Agafem un drap i hi emboliquem 2 cebes de Figueres pelades. Colpegem les cebes amb el puny o amb una mà de morter.\xa0', 'Destapem les cebes i acabem de separar els trossos amb les mans.\xa0', ""Emplatem posant a la base del plat part de la ceba, sal i una mica del suc de l'escabetx. A continuació, trossos de col, una mica de pebre i\xa0 unes olives negres. I amanida llesta.\xa0""]","['Ceba', 'Col', ""Oli de d'oliva""]"
Arròs de costelles i safrà,https://www.3cat.cat/tv3/cuines/recepta/arros-de-costelles-i-safra/39616/,35,https://img.3cat.cat/multimedia/jpg/1/7/1675328041071_326.jpg,Baixa,Més d'una hora,,"[""350 g d'arròs bomba"", '350 g de ceba fosca', '350 g de tires de costella', '60 g de llard', '60 g de cansalada ibèrica', '60 g de camagrocs secs', '800 ml de brou de gallina', '2 tomàquets de penjar', '1 ou', '1 llima', 'Safrà', 'Branques de romaní', 'Vi ranci', 'Nou moscada', 'Oli OVE', 'Pebre blanc', 'Pebre negre', 'Sal']","['Tenim 60 g de camagrocs ja hidratats i els colem. \xa0', ""Posarem en una cassola oli d'oliva i 60 g de llard. Mentre s'escalfa, salpebrarem 350 g de tires de costella de porc tallades. Les enrossirem al foc.\xa0"", 'Afegirem a la cassola 350 g de ceba fosca que ja tindrem fregida. \xa0', ""Quan vegem que la ceba ja s'enganxa, hi ratllarem dos tomàquets de penjar. Ho integrarem bé.\xa0"", 'Quan el tomàquet canviï de color, hi posarem un raig de vi ranci.\xa0', ""Perlarem 350 g d'arròs bomba i també hi posarem uns quants brins de safrà.\xa0"", ""Un cop l'arròs estigui perlat, hi posarem els camagrocs i també hi abocarem 800 ml de brou de gallina que ja tindrem calent. Ho remenarem per distribuir bé el brou a la cassola. Ho courem tretze minuts sense tocar l'arròs.\xa0"", ""Farem una maionesa de safrà. Posarem a la paella petita uns quants brins de safrà que expandirem procurant que no se'ns cremin.\xa0"", ""En un bot batedor, hi posarem un ou, unes quantes gotes de suc de llimona, brins de safrà expandits, pebre blanc, sal, nou moscada ratllada i oli d'oliva. Ho emulsionem fins que n'obtinguem textura de maionesa. Si es vol, es pot passar a un biberó.\xa0"", ""Quan l'arròs ja estigui fet, hi distribuirem 60 g de cansalada ibèrica tallada molt fina. \xa0"", ""Cremarem dues branques de romaní i les posarem a sobre de l'arròs per aromatitzar-lo. Taparem la cassola amb una tapa durant tres minuts.\xa0"", ""En traurem les branques de romaní i afegirem la maionesa per sobre de l'arròs. \xa0""]","['Arròs i cereals', 'Bolets', 'Llima', 'Porc', 'Safrà', 'Ceba', 'Romaní']"
Bunyols de nous i pernil,https://www.3cat.cat/tv3/cuines/recepta/bunyols-de-nous-i-pernil/39696/,35,https://img.3cat.cat/multimedia/jpg/7/7/1675876682077_326.jpg,Baixa,Més d'una hora,,"[""110 ml de llet100 g de farina2 ousSal40 ml de nata del 35%100 g d'encenalls de pernil de gla65 g de nous1 gra d'all7 g d'impulsor1 ceba tendraJulivertOli OVEMostassa de Dijon1 llimonaPebreCibulet"", '110 ml de llet', '100 g de farina', '2 ous', 'Sal', '40 ml de nata del 35%', ""100 g d'encenalls de pernil de gla"", '65 g de nous', ""1 gra d'all"", ""7 g d'impulsor"", '1 ceba tendra', 'Julivert', 'Oli OVE', 'Mostassa de Dijon', '1 llimona', 'Pebre', 'Cibulet']","[""Posem a bullir la llet amb la nata, els encenalls, les nous esbocinades i l'all, que haurem tallat a la brunesa. Un cop\xa0arrenqui\xa0el bull, ho tapem i ho deixem infusionar 30 minuts\xa0a fora del foc."", ""Tamisem la farina en un bol, hi afegim un ou batut, un polsim de sal, la barreja infusionada i l'impulsor. Ho integrem bé. Hi afegim julivert i la part verda d'una ceba tendra, tot tallat\xa0ben menut. Ho integrem i ho deixem reposar 30 minuts més. Ho fregim a cullerades en oli calent."", 'Fem una maionesa emulsionant un ou amb una mica de suc de llimona, una mica de mostassa, pebre, oli OVE i sal.', 'Emplatem els bunyols amb una mica de maionesa i cibulet tallat ben menut.']","['Porc', 'Ous de gallina', 'Farina de blat', 'Nata', 'Llet', ""Oli d'oliva verge extra""]"
Crema de xocolata amb taronja,https://www.3cat.cat/tv3/cuines/recepta/crema-de-xocolata-amb-taronja/39716/,35,https://img.3cat.cat/multimedia/jpg/2/6/1675877245562_326.jpg,Baixa,Més d'una hora,Vegetariana,"['6 ous240 ml de nata del 35%240 ml de llet140 g de xocolata negra per fondre50 g de cacau en pols2 taronges100 g de sucreOli OVESal', '6 ous', '240 ml de nata del 35%', '240 ml de llet', '140 g de xocolata negra per fondre', '50 g de cacau en pols', '2 taronges', '100 g de sucre', 'Oli OVE', 'Sal']","['Separem els rovells i les clares de sis ous. Les clares no les farem servir en aquesta recepta, però es poden guardar per a una altra elaboració. Posem els rovells en un bol.', ""Pelem una taronja, procurant que no ens quedi part blanca a la pela. Posem les peles en un pot, juntament amb 50 g de sucre, 240 ml de nata del 35% i 240 ml de llet. Ho duem al foc i fem que arribi al punt d'ebullició."", ""Posem el suc d'aquesta taronja, colat, al bol dels rovells i també la barreja de nata i llet (la colem per descartar-ne les peles) un cop ha arribat al bull. Ho barregem, ho tornem a posar al foc i ho coem a foc mitjà-baix, tot remenant, sense deixar que passi dels 80 ºC. Són uns 10 minuts."", ""Posem, en un bol, 140 g de xocolata i 50 g de cacau en pols. Hi aboquem, colant-la, la crema que acabem de fer. Ho integrem fins que la xocolata es fongui i la barreja quedi homogènia. Hi afegim un polsim de sal i un raig d'oli d'oliva verge extra."", ""Omplim de crema els gots individuals de l'emplatat i els refredem durant una hora, a la nevera, perquè prenguin."", 'Pelem la taronja (procurant que no ens hi quedi part blanca) i en fem un suc. El colem en un pot. Hi afegim 50 g de sucre i ho duem al foc fins que tinguem textura de caramel.', ""Amb les peles en fem bastonets i els blanquegem tres cops. Per blanquejar-los posem els bastonets en un pot, els cobrim d'aigua temperada i ho fem bullir. Un cop bulli, descartem l'aigua i repetim l'operació dues vegades més."", ""Afegim els bastonets blanquejats a dins de l'almívar de taronja que hem fet, i ho integrem."", 'Per acabar, posem els bastonets al damunt de la crema, i llestos.']","['Taronja', 'Ous de gallina', 'Nata', 'Llet', 'Xocolata', 'Sucre']"
Aletes de pollastre amb romesco,https://www.3cat.cat/tv3/cuines/recepta/aletes-de-pollastre-amb-romesco/39876/,35,https://img.3cat.cat/multimedia/jpg/7/6/1676461756167_326.jpg,Baixa,Més d'una hora,,"['250 g llard', '20 aletes de pollastre', 'Blat de moro torrat', 'Bitxo fresc', 'Oli OVE', 'Farigola de llimona', 'Sal', '', 'Per a la marinada:', '75 g panela', '40 g mostassa de Dijon', '20 g gingebre', '15 g Tabasco (1 cullerada)', '5 g pebre vermell picant', '5 g pebre vermell dolç', '120 ml oli OVE', '50 ml whisky', 'All', '', 'Per al romesco:', '25 g ametlles torrades amb pela', '25 g avellanes torrades amb pela', '1 tomàquet confitat', '2 alls escalivats', ""1 gra d'all"", 'Carn de nyora', 'Pa fregit', 'Fulles de menta', 'Vinagre vell', 'Oli OVE', '']","[""Socarrem 20 aletes de pollastre per treure'n les plomes. Tot seguit els fem un bany de sal d'un 20% de sal per litre d'aigua durant 15 minuts. Després les eixuguem i les posem en un recipient."", ""En aquest recipient hi anirem afegint: 20 g de gingebre ratllat, 5 g de pebre vermell dolç, 40 g de mostassa de Dijon, 15 ml de Tabasco, 75 g de panela, 1 gra d'all picat, 50 ml de whisky, 120 ml d'oli OVE i 5 g de pebre vermell picant.\xa0"", 'Ho barregem tot perquè quedi ben impregnat, ho tapem i ho deixem a la nevera durant 10 hores.', ""Per fer el romesco, agafem un braç elèctric i hi posem: 1 tomàquet confitat, 2 grans d'all escalivats, 1 gra d'all, 1 culleradeta de carn de nyora, 25 g d'ametlles torrades amb pela, 25 g d'avellanes torrades amb pela, 5 fulles de menta, pa fregit i un raig de vinagre vell. \xa0Ho triturem i hi afegim oli OVE."", 'Posem en una cassola oli OVE i 250 g de llard. Traiem les aletes del recipient i les eixuguem. Quan la barreja és calenta, hi anem fregint les aletes i les reservem en un plat amb paper absorbent.', 'Posem les aletes en un bol i hi afegim el romesco. Ho barregem.', 'Les emplatem en un plat amb una mica de blat de moro torrat ja picat al morter, bitxo fresc i farigola de llimona.']","['Pollastre', 'Pebre vermell picant', 'Pebre vermell dolç', 'Gingebre', 'Ametlles', 'Avellanes', 'Nyores']"
Flam de ceba,https://www.3cat.cat/tv3/cuines/recepta/flam-de-ceba/39676/,35,https://img.3cat.cat/multimedia/jpg/9/5/1675875654859_326.jpg,Baixa,Més d'una hora,,"['12 cebes tendres4 cebes de Figueres3 ous450 ml de nata del 35%Crostonets de paOli OVEPebreSal', '12 cebes tendres', '4 cebes de Figueres', '3 ous', '450 ml de nata del 35%', 'Crostonets de pa', 'Oli OVE', 'Pebre', 'Sal']","[""Partim les cebes de Figueres pel mig i les enrossim en una cassola amb una mica d'oli. Han de quedar ben fosques."", ""En una olla, hi posem un litre d'aigua. Hi afegim les cebes enrossides i el suc que hauran fet. Ho mig tapem i ho fem bullir durant una hora. Després, ho colem i ho reduïm fins que quedi ben dens."", ""Tallem a juliana la part blanca de la ceba tendra. L'enrossim en una cassola, amb una mica d'oli, fins que quedi transparent. Hi afegim la nata, abaixem el foc al mínim i ho coem durant trenta minuts. Un cop passat aquest temps, ho triturem i ho colem perquè ens quedi una crema."", 'Batem tres ous amb una punta de sal i ho barregem amb la nostra crema.', ""Farem servir flameres individuals, que haurem congelat abans de cuinar el plat. Les traiem del congelador i posem al fons una base del brou que haurem reduït fins a convertir en caramel. Ho tornem a congelar uns minuts. Quan s'hagi pres, hi posem la crema barrejada amb els ous."", ""Posem les flameres en una cassola que pugui anar al forn. Omplim la cassola d'aigua, evitant que el flam se'ns mulli, i ho enfornem 45 minuts a 180 graus. Ho emplatem acompanyant-ho d'uns crostonets de pa.""]","['Ceba', 'Ous de gallina', 'Nata']"
Croqueta de pernil,https://www.3cat.cat/tv3/cuines/recepta/croqueta-de-pernil/39776/,35,https://img.3cat.cat/multimedia/jpg/6/4/1676293434246_326.jpg,Baixa,Menys d'una hora,,"['300 ml de nata per cuinar200 ml de llet1 os de pernil50 g de mantega100 g de farina100 g de pernil1 ceba de Figueres2 ousPa ratllatFarinaOli OVE', '300 ml de nata per cuinar', '200 ml de llet', '1 os de pernil', '50 g de mantega', '100 g de farina', '100 g de pernil', '1 ceba de Figueres', '2 ous', 'Pa ratllat', 'Farina', 'Oli OVE']","['Escalfem en un pot 300 ml de nata per cuinar i 200 ml de llet. Hi afegim un os de pernil, ho bullim cinc minuts i ho deixem reposar.\xa0\xa0', 'Posem 50 g de mantega en una cassola i la desfem. Mentrestant, tallem a la brunesa una ceba de figueres.\xa0', 'Quan la mantega està fosa, afegim la ceba a la cassola i deixem que suï, vigilant que no agafi massa color.\xa0', 'Afegim a la cassola 100 g de farina de blat i la torrem. Un cop torrada, colem a la cassola la barreja de làctics infusionats. Ho anem remenant i coent fins que ens queda una pasta que es desenganxa de les parets.\xa0', 'Afegim a la cassola 100 g de pernil tallat a daus petits i ho integrem. Apaguem el foc.\xa0', 'Agafem una safata, si pot ser de metall, i hi estenem la massa de les croquetes fent una capa ben fina. Ho cobrim amb un full de paper sulfurat i ho portem al congelador entre 5 i 10 minuts.\xa0', 'Posem una paella amb oli a escalfar. Mentrestant, posem en un plat una mica de farina; en un altre, uns ous batuts i en un tercer, pa ratllat.\xa0', 'Traiem la safata amb la massa de les croquetes i anem formant boletes. Enfarinem les boles, les aboquem al bol amb els ous batuts i, seguidament, les colem en un altre bol. Finalment, les passem per pa ratllat abans de fregir-les.\xa0', ""Quan l'oli és calent, fregim les croquetes i les anem reservant en un plat amb paper absorbent per treure'n l'excés d'oli. I ja les tenim.\xa0""]","['Porc', 'Nata', 'Llet']"
Carxofes en escabetx,https://www.3cat.cat/tv3/cuines/recepta/carxofes-en-escabetx/39736/,35,https://img.3cat.cat/multimedia/jpg/5/8/1676292408185_326.jpg,Baixa,Més d'una hora,,"[""16 carxofes600 ml de brou de gallina8 ous60 ml de vinagre chardonnay60 ml de Fino50 g de mantega1 porro1 gra d'allOli OVEAmetlles crues sense pelaCibuletFlor de salPebre negreSal"", '16 carxofes', '600 ml de brou de gallina', '8 ous', '60 ml de vinagre chardonnay', '60 ml de Fino', '50 g de mantega', '1 porro', ""1 gra d'all"", 'Oli OVE', 'Ametlles crues sense pela', 'Cibulet', 'Flor de sal', 'Pebre negre', 'Sal']","['Pelem setze carxofes, descartant-ne les fulles fins que arribem a la part més tendra. Descartem la part més fibrosa de la base i la tija de les carxofes. Les tallem per la meitat i en traiem les barbes.\xa0', 'A mesura que anem pelant i tallant les carxofes, les posem en una cassola, que hem omplert amb força oli. Un cop les tenim totes a la cassola, hi encenem el foc a potència baixa.\xa0', ""Tallem un porro a rodelles gruixudes i l'afegim a la cassola amb les carxofes, juntament amb un gra d'all, que pelem. Ho confitem a foc molt baix durant 40 minuts.\xa0"", ""Fem una llet d'ametlles bullint 600 ml de brou de gallina amb dos grapats d'ametlla crua sense pela. Ho bullim fins que el brou es redueixi a un terç (200 ml). Un cop reduït, ho triturem i ho colem amb un colador de malla ben fina.\xa0\xa0"", ""Traiem el porro i les carxofes de la cassola i ho reservem en plats diferents. L'oli de confitar, el reservem en una ampolla.\xa0"", ""Posem una mica d'oli de confitar en una paella, l'escalfem i hi saltem el porro confitat.\xa0"", ""Afegim a la paella amb el porro 60 ml de vinagre chardonnay i 60 ml de Fino. Ho coem fins que se n'evapori l'alcohol.\xa0"", ""Aboquem al porro la llet d'ametlles i ho coem fins que es redueixi a la meitat. Un cop reduït, ho triturem.\xa0"", ""Posem a escalfar una cassola amb quatre dits d'aigua.\xa0\xa0"", 'Separem les clares i els rovells de vuit ous. Les clares, les reservem, i els rovells, els posem en un bol. Aboquem els rovells en un bol que encaixi a la cassola amb aigua.\xa0', ""Afegim als rovells 50 g de mantega a daus, una mica de pebre negre i ho posem a la cassola amb l'aigua. Ho batem amb una vareta manual per desfer la mantega i tenir una crema, anant posant i traient el bol de la cassola per evitar que agafi massa temperatura. Un cop la mantega s'ha desfet, ho coem durant tres minuts sense deixar de batre-ho. Un cop tenim una textura similar a la de la crema catalana, ho traiem del foc i ho reservem.\xa0"", 'Triturem els porros amb el suc i ho reservem.\xa0', ""Muntem el plat posant a la base una mica de la salsa, una mica del triturat de porros i quatre carxofes confitades. L'acabem amb una mica de\xa0 cibulet tallat menut i una mica de flor de sal.\xa0\xa0""]","['Porro', 'Carxofes', 'Ous de gallina']"
Truita d'espigalls,https://www.3cat.cat/tv3/cuines/recepta/truita-despigalls/39596/,35,https://img.3cat.cat/multimedia/jpg/0/9/1675243724490_326.jpg,Baixa,Menys d'una hora,,"[""Un manat d'espigalls70 ml de nata6 ous3 tomàquets de penjarPa de pagèsSalPebre blancOli OVE"", ""Un manat d'espigalls"", '70 ml de nata', '6 ous', '3 tomàquets de penjar', 'Pa de pagès', 'Sal', 'Pebre blanc', 'Oli OVE']","[""Escaldem uns segons un manat d'espigalls ja polits de troncs i fibres en un pot d'aigua bullent amb sal. De seguida els traiem i els fiquem a dins d'un bol d'aigua amb gel per tallar la cocció. \xa0"", 'Batem 6 ous en un bol. \xa0', 'Un cop batuts, hi afegim 70 ml de nata, sal i pebre blanc. Batem.\xa0', 'Tallem els espigalls ja eixuts i els afegim a la barreja.\xa0', 'Posem una paella al foc i quan ja sigui calenta, hi afegim el contingut del bol. Fem la truita de banda i banda.\xa0', ""Emplatem acompanyant la truita d'una torrada de pagès amb tomàquet i oli.\xa0""]","['Ous', 'Col', 'Nata', 'Pebre blanc']"
Pakores amb salsa de iogurt,https://www.3cat.cat/tv3/cuines/recepta/pakores-amb-salsa-de-iogurt/39818/,35,https://img.3cat.cat/multimedia/jpg/2/4/1676362592942_326.jpg,Baixa,Menys de 30 minuts,,"[""375 g iogurt grec150 g de farina de cigró150 ml d'aigua75 ml Oli OVE1 pastanaga1 ceba de Figueres1 llimonaMig pebrot vermellMig carbassó1 cullerada de garam masala1 cc de cúrcuma en pols1 cc de comí en polsCibuletOli OVESal"", '375 g iogurt grec', '150 g de farina de cigró', ""150 ml d'aigua"", '75 ml Oli OVE', '1 pastanaga', '1 ceba de Figueres', '1 llimona', 'Mig pebrot vermell', 'Mig carbassó', '1 cullerada de garam masala', '1 cc de cúrcuma en pols', '1 cc de comí en pols', 'Cibulet', 'Oli OVE', 'Sal']","['Tallem a juliana molt fina 1 pastanaga, 1 ceba de Figueres, mig carbassó i mig pebrot vermell.\xa0', 'Aboquem els vegetals en un bol i els perfumem amb 2 cullerades de garam masala, 1 culleradeta de comí en pols, 1 culleradeta de cúrcuma en pols i ho barregem bé.\xa0', ""Salem els vegetals i afegim al bol 150 g de farina de cigró. Aboquem 150 ml d'aigua i ho barregem bé.\xa0"", ""Escalfem una paella al foc amb un raig d'oli OVE. Quan l'oli és calent, fregim les pakores posant una cullerada de la barreja i fregint-la per les dues cares. Anem repetint l'operació fins a acabar la barreja dels vegetals.\xa0\xa0"", ""Mentre es van fregint, fem una salsa amb 375 g de iogurt grec, el suc de mitja llimona, sal, 75 ml d'oli OVE i una mica de cibulet tallat. Ho barregem bé i reservem.\xa0"", 'Quan tenim totes les pakores fregides, les servim acompanyant-les de la salsa de iogurt.\xa0']",
Pastís de poma a l'estil americà,https://www.3cat.cat/tv3/cuines/recepta/pastis-de-poma-a-lestil-america/39836/,35,https://img.3cat.cat/multimedia/jpg/4/4/1676376415644_326.jpg,Baixa,Més d'una hora,Vegetariana,"[""1 kg de pomes Granny Smith2 paquets de pasta brisa200 g de sucre120 g de mantega sense sal60 ml d'aigua30 g de farina1 ouMitja cullerada de canyella molta"", '1 kg de pomes Granny Smith', '2 paquets de pasta brisa', '200 g de sucre', '120 g de mantega sense sal', ""60 ml d'aigua"", '30 g de farina', '1 ou', 'Mitja cullerada de canyella molta']","['Comencem fent el caramel. Posem en un pot al foc 120 g de mantega sense sal i la fonem procurant que no es cremi.', 'Un cop fosa, hi afegim 30 g de farina. Ho removem durant 1 minut.', ""Afegim al pot 60 ml d'aigua i 200 g de sucre. Ho portem a ebullició fins que el sucre es desfà. Després ho coem durant tres minuts sense deixar-ho de remenar."", 'Pelem, tallem i ratllem 1 kg de pomes Granny Smith. Les anem reservant en un bol gran.', 'Al bol, hi afegim mitja cullerada de canyella molta. Després també hi afegim el caramel i ho integrem tot.', ""Pintem un motlle d'uns 25 cm amb mantega i després hi posem la pasta brisa."", 'Aboquem el farcit a dins del motlle.', ""Agafem un altre paquet de pasta brisa i el tallem a tires d'uns 3 cm d'ample."", 'Cobrim el pastís amb tires de pasta, entrecreuant-les. Fem quadradets de 2 cm x 2 cm.', 'Tanquem les vores del pastís i el pintem amb un ou, que haurem batut.', ""El fiquem al forn 15 minuts a 200º. Passat aquest temps, hi abaixem la temperatura, a 180º, i l'hi deixem 45 minuts més. Després el deixem reposar 1 hora."", 'Ja es pot emplatar.\xa0']","['Pomes', 'Mantega', 'Canyella', 'Sucre']"
Vedella estofada amb carxofes,https://www.3cat.cat/tv3/cuines/recepta/vedella-estofada-amb-carxofes/39756/,35,https://img.3cat.cat/multimedia/jpg/0/4/1676292911440_326.jpg,Baixa,Més d'una hora,,"[""900 g de llata de vedella1,5 l brou de carn16 carxofes250 g ceba rossa3 tomàquets de penjar5 branques de julivert1 cabeça d'alls1 llimonaAvellanes torradesAll confitat3 torradetes de paSafràFarigola llimoneraNou moscadaVi ranciOli OVEPebre negreSal"", '900 g de llata de vedella', '1,5 l brou de carn', '16 carxofes', '250 g ceba rossa', '3 tomàquets de penjar', '5 branques de julivert', ""1 cabeça d'alls"", '1 llimona', 'Avellanes torrades', 'All confitat', '3 torradetes de pa', 'Safrà', 'Farigola llimonera', 'Nou moscada', 'Vi ranci', 'Oli OVE', 'Pebre negre', 'Sal', '']","[""Tallem a mida mossegada 900 g de llata de vedella. A continuació fem un bany de sal amb 20 g de sal per litre d'aigua durant 30 minuts. Passat aquest temps, traiem la vedella del bany de sal, l'eixuguem bé, pebrem i reservem.\xa0"", ""Posem una cassola al foc i refreguem per la base una cabeça d'alls partida per la meitat. Hi afegim un raig d'oli i hi enrossim la vedella.\xa0\xa0"", 'Escalfem 1,5 litres de brou de carn.\xa0', 'Ratllem 3 tomacons de penjar en un bol i els reservem.\xa0', ""Un cop la vedella està enrossida, afegim els tomacons ratllats a la cassola i també x g de ceba ja rossa. Ho repartim bé per la cassola i fem que evapori l'aigua de vegetació dels tomàquets.\xa0"", ""Aixequem sucres amb un raig de vi ranci i deixem que s'evapori l'alcohol.\xa0"", 'Ratllem a la cassola una mica de nou moscada. A continuació aboquem el brou a la cassola i hi afegim unes branques de julivert. Abaixem el foc, mig tapem i coem 2 hores.\xa0', ""Pelem 16 carxofes, les tallem a grills, en traiem les barbes i les anem reservant en un bol amb aigua i llimona perquè no s'oxidin.\xa0"", ""Traiem el julivert de la cassola, colem les carxofes i les aboquem a l'estofat. Fem un buquet amb farigola llimonera i l'incorporem a la cassola. Tapem i coem a foc baix 30 minuts.\xa0"", ""Fem una picada amb un parell d'alls confitats, uns brins de safrà, tres torradetes de pa, un grapat d'avellanes, sal i pebre.\xa0"", 'Quan han passat els 30 minuts, afegim la picada a la cassola i coem un parell de minuts.\xa0', ""Si es pot, deixem reposar l'estofat unes sis hores. Si no, el servim i bon profit.\xa0""]","['Ceba', 'Carxofes', 'Vedella']"
Hummus d'ametlla salada,https://www.3cat.cat/tv3/cuines/recepta/hummus-dametlla-salada/39096/,37,https://img.3cat.cat/multimedia/jpg/0/4/1670846881740_326.jpg,Baixa,Menys d'una hora,Vegetariana,"[""200 g cigrons (en sec)200 g ametlla fregida salada60 g olives mortes3 g comí molt2 grans d'all confitats1 llimaPebre vermell fumat dolçJulivertPans cruixentsOli OVEPebre negreSal"", '200 g cigrons (en sec)', '200 g ametlla fregida salada', '60 g olives mortes', '3 g comí molt', ""2 grans d'all confitats"", '1 llima', 'Pebre vermell fumat dolç', 'Julivert', 'Pans cruixents', 'Oli OVE', 'Pebre negre', 'Sal']","['Després de tenir en remull durant tot un dia 200 g de cigrons, els escorrem.\xa0\xa0', ""Posem aigua en una olla a pressió i quan bulli hi posem els cigrons escorreguts. Tapem l'olla i deixem que bullin 25 minuts. Després reposaran 2 hores.\xa0\xa0"", 'Traiem els cigrons amb una aranya i els reservem.\xa0\xa0', ""Triturem 200 g d'ametlles fregides salades en un got americà.\xa0\xa0"", ""Afegim al got batedor 3 g de comí molt, pebre negre, sal, el suc d'una llima, 1 raig d'oli OVE, 2 grans d'all confitats en oli i 60 g d'olives mortes sense pinyol (en reservem algunes per a l'emplatat). Turbinem la barreja fins a obtenir una textura densa. Hi anirem afegint aigua de la cocció dels cigrons fins a obtenir la textura de crema que volem.\xa0\xa0"", ""Emplatem en un bol l'hummus i per sobre hi posem oli d'oliva, pebre vermell fumat dolç, olives mortes, julivert picat i torradetes cruixents.\xa0\xa0""]","['Cigró', 'Llima', ""Oli de d'oliva"", 'Ametlles']"
Crestes de botifarra i nous,https://www.3cat.cat/tv3/cuines/recepta/crestes-de-botifarra-i-nous/39256/,37,https://img.3cat.cat/multimedia/jpg/7/0/1671542357107_326.jpg,Baixa,Més d'una hora,,"['8 unitats de pasta de crestes80 g cansalada ibèrica150 g botifarra crua200 g ceba fosca100 g nous pelades1 ouFarigolaLlorerRomaníVi ranci', '8 unitats de pasta de crestes', '80 g cansalada ibèrica', '150 g botifarra crua', '200 g ceba fosca', '100 g nous pelades', '1 ou', 'Farigola', 'Llorer', 'Romaní', 'Vi ranci']","['Traiem la pell i tallem ben petit 80 g de cansalada ibèrica.\xa0', 'Traiem la pell i tallem també a trossos petits 150 g de\xa0 botifarra crua.\xa0', 'Escalfem una cassola al foc i un cop calenta, hi afegim la cansalada i la botifarra i les saltem.\xa0\xa0\xa0', 'Un cop saltades, hi afegim una fulla de llorer i una mica de farigola i romaní frescos. Ho coem uns minuts més.\xa0', 'Traiem la carn i cansalada ja cuites de la cassola i les reservem en un bol retirant les herbes.\xa0', 'Afegim a la mateixa cassola 200 g de ceba a juliana que hem cuinat fins que queda ben fosca. Repartim per la cassola perquè reculli el que hi hagi enganxat.\xa0', ""Colem la barreja de cansalada i botifarra per treure'n l'excés d'oli i reservem.\xa0"", 'Un cop la ceba espetega, hi aboquem un raig de vi ranci i aixequem sucres.\xa0\xa0', 'Incorporem de nou la cansalada i botifarra a la cassola i ho integrem.\xa0', 'Tallem amb el ganivet 100 g de nous pelades, i les afegim a la cassola. Ho barregem bé, apaguem el foc i deixem refredar.\xa0', 'Batem un ou en un bol, i preparem una tassa amb aigua.\xa0', 'Farcim 8 crestes amb la barreja de carns i nous i tanquem mullant les vores amb aigua i pressionant amb una forquilla. Les anem passant en una safata de forn amb paper sulfurat a la base.\xa0', ""Un cop farcides i tancades, les pintem amb l'ou batut. Les fornegem 15' a 180º.\xa0"", 'Un cop fora del forn, les temperem sobre una reixeta abans de menjar-les.\xa0']","['Farina de blat', 'Nous', 'Ceba', 'Porc']"
Iogurt grec amb nabius,https://www.3cat.cat/tv3/cuines/recepta/iogurt-grec-amb-nabius/39376/,37,https://img.3cat.cat/multimedia/jpg/9/3/1673865416439_326.jpg,Baixa,Més d'una hora,,"['375 g iogurt grec300 g nabius frescos150 g mel de romaní85 g formatge blau de vacaBeina vainilla', '375 g iogurt grec', '300 g nabius frescos', '150 g mel de romaní', '85 g formatge blau de vaca', 'Beina vainilla']","['Escalfem 150 g de mel de romaní en un pot.\xa0\xa0', ""Tallarem a l'engròs 300 g de nabius frescos que afegirem a la mel calenta. També hi afegim mitja beina de vainilla. Tapem i coem a foc mitjà-alt durant 6 minuts fins que quedi ben confitat.\xa0"", 'En un bol hi posem 85 g de formatge blau que aixafem. Hi afegim 3 iogurts grecs (uns 375 g) i ho barregem tot fins a obtenir una crema homogènia.\xa0', 'Agafarem gots freds del congelador perquè el iogurt qualli. A dins hi posarem una capa de salsa de nabius, una altra de iogurt i per últim una altra de salsa de nabius. Per sobre hi podem posar alguns nabius que haurem reservat al principi.\xa0']","['Iogurt', 'Formatge', 'Fruita del bosc']"
Arròs cremós de pollastre i safrà,https://www.3cat.cat/tv3/cuines/recepta/arros-cremos-de-pollastre-i-safra/39016/,37,https://img.3cat.cat/multimedia/jpg/4/8/1670583836184_326.jpg,Baixa,Menys d'una hora,,"['350 g arròs bomba350 g contracuixa de pollastre50 g formatge cru de vaca curat50 g mantega1,5 l brou de gallinaAllOli OVEPebre blancSafràVi ranciFarigolaCibuletSal', '350 g arròs bomba', '350 g contracuixa de pollastre', '50 g formatge cru de vaca curat', '50 g mantega', '1,5 l brou de gallina', 'All', 'Oli OVE', 'Pebre blanc', 'Safrà', 'Vi ranci', 'Farigola', 'Cibulet', 'Sal']","[""Pelem i laminem un gra d'all, que posem en una cassola al foc amb un raig d'oli. El fem ballar i quan agafi color el traiem. \xa0"", ""Salpebrem amb pebre blanc 350 g de contracuixa de pollastre ja pelada i esbocinada sense os. L'afegim a la cassola i l'enrossim. \xa0"", ""Afegim a la cassola 350 g d'arròs bomba, brins de safrà i un branquilló de farigola. Ho enrossim tot 1 minut. \xa0"", 'A continuació hi aboquem un raig de vi ranci. \xa0', ""Quan l'alcohol s'ha evaporat, hi posem la meitat del brou de gallina que tenim escalfant-se (750 ml). Ho coem a foc fort 13 minuts. A mesura que l'arròs vagi absorbint líquid, n'hi anirem afegint i remourem delicadament perquè deixi anar el midó. \xa0"", ""Apaguem el foc i deixem reposar 1 minut l'arròs. \xa0"", 'Ratllem 50 g de formatge curat de llet crua de vaca i tallem a daus 50 g de mantega. Ho afegim a la cassola i remenem fins que es lligui. \xa0', 'Emplatem amb una mica de cibulet tallat menut per sobre. \xa0']","['Arròs bomba', 'Pollastre', 'Safrà', 'Mantega', 'Farigola', 'Formatge']"
Creps d'espinacs,https://www.3cat.cat/tv3/cuines/recepta/creps-despinacs/39316/,37,https://img.3cat.cat/multimedia/jpg/5/9/1673541773195_326.jpg,Baixa,Menys de 30 minuts,,"['300 g espinacs200 g ricotta100 g farina125 ml llet2 ousMantegaGrana padanoPinyonsPansesPebreSalOli', '300 g espinacs', '200 g ricotta', '100 g farina', '125 ml llet', '2 ous', 'Mantega', 'Grana padano', 'Pinyons', 'Panses', 'Pebre', 'Sal']","['Triturem la farina, els ous, la llet i un polsim de sal, fins que quedi un líquid sense grumolls.', ""Mentre la barreja reposa, saltem els espinacs amb un raig d'oli."", ""Per coure les creps, posem un rajolí d'oli en una paella petita, i hi aboquem un cullerot petit de la nostra barreja reposada. Quan veiem que comença a fer bombolles, la girem i la coem per l'altra banda. Un cop fetes, les reservarem embolicades amb un drap perquè no quedin seques."", 'Per fer el farcit, barrejarem els espinacs saltats amb la ricotta, un grapat de panses i pinyons, sal i pebre.', ""Farcim cada crep i l'emboliquem sobre si mateixa, deixant que el plec quedi de cara amunt."", 'Les enfornem cinc minuts a 180º, amb formatge grana padano que ratllem per sobre i un bocinet de mantega a sobre de cada crep.']","['Mantega', 'Farina', 'Ous', 'Llet', 'Espinacs', 'Panses']"
Crema de vegetals,https://www.3cat.cat/tv3/cuines/recepta/crema-de-vegetals/39536/,37,https://img.3cat.cat/multimedia/jpg/6/7/1675090083176_326.jpg,Baixa,Més d'una hora,Vegana,"[""12 xiitakes2 carbassons2 porros2 tortilles de blat1 patata monalisa1 tija d'api1 manat d'espàrrecs verds40 g de sucreCacauet en polsMatafalugaGingebreJulivertSal grossa humidaPebreOli d'oliva verge extraSal"", '12 xiitakes', '2 carbassons', '2 porros', '2 tortilles de blat', '1 patata monalisa', ""1 tija d'api"", ""1 manat d'espàrrecs verds"", '40 g de sucre', 'Cacauet en pols', 'Matafaluga', 'Gingebre', 'Julivert', 'Sal grossa humida', 'Pebre', ""Oli d'oliva verge extra"", 'Sal']","[""Fem un brou posant, en una olla, la part verda de dos porros tallats a bresa, dotze xiitakes, un manat de julivert i 3,5 litres d'aigua. Coem 25 minuts, un cop hagi arrencat el bull, i ho deixem reposar dues hores."", ""Fem un almívar posant al foc 40 g de sucre i 125 ml d'aigua. Quan s'ha dissolt el sucre, hi he infusionat un bosseta de matafaluga. Tallem l'api a dauets i el submergim\xa0a l'almívar de matafaluga, ja fred. Ho deixem dues hores a la nevera."", ""Posem una base de sal grossa humida a una safata i hi posem una patata al damunt. L'enfornem 45' a 180º."", 'Reduïm el brou vegetal que hem fet, ja colat, fins que ens en quedi un terç.\xa0', ""Traiem les llavors dels carbassons i els tallem a brunesa. Tallem també a una mida molt menuda,els espàrrecs i la part blanca de dos porros. Ho saltem un moment, a foc fort, en una cassola amb una mica d'oli. De seguida, abaixem el foc i ho deixem suant fins que quedin un punt transparents. Tornem a apujar el foc i ho enrossim fins que ens agafi color. Hi aboquem el brou reduït i ho coem a foc mitjà."", ""Tallem\xa0les tortillas de blat en forma de triangle. Ho\xa0fregim en oli d'oliva verge extra calent i abundant, ho reservem en paper absorbent i ho salem."", ""Posem els següents ingredients en un got triturador:\xa0la patata que hem cuit (en traiem la pell), els vegetals que hem cuit a la cassola, una mica de pebre, sal, gingebre que ratllem\xa0i un raig d'oli d'oliva verge extra. Ho triturem fins que tinguem la textura desitjada."", ""Ho emplatem posant la crema al fons d'un plat, hi afegim l'api que hem anisat al principi, uns triangles dels que hem fregit, un raig d'oli, una mica de cacauet en pols\xa0i una mica de julivert que tallarem a una mida ben menuda.""]","['Verdures i hortalisses', 'Patates', 'Carbassó', 'Api', 'Xiitake']"
Trufes especiades,https://www.3cat.cat/tv3/cuines/recepta/trufes-especiades/39416/,37,https://img.3cat.cat/multimedia/jpg/8/6/1673875033968_326.jpg,Baixa,Menys d'una hora,Vegetariana,"['95 g de xocolata negra per fondre80 ml de nata 35% de matèria grassaCacau en polsXili frescGingebre frescSal en escamesRas-alhanut', '95 g de xocolata negra per fondre', '80 ml de nata 35% de matèria grassa', 'Cacau en pols', 'Xili fresc', 'Gingebre fresc', 'Sal en escames', 'Ras-alhanut']","['Comencem les trufes fent una ganache de nata i xocolata. Escalfem en un pot 80 ml de nata del 35% de matèria grassa sense que arribi a bullir.\xa0', ""Mentrestant, tallem a daus 95 g de xocolata negra per a fondre i l'afegim al pot quan la nata estigui calenta.\xa0"", 'Baixem el foc al mínim i barregem la xocolata i la nata amb una llengua pastissera fins que estigui ben integrat.\xa0', 'Traiem una safata del congelador, hi estenem la ganache i la fiquem de nou al congelador durant sis minuts. Si us heu oblidat de posar la safata a refredar, deixeu-hi la safata amb la ganache 12 minuts i ja estarà freda.\xa0', 'Posem en un plat fondo unes quantes cullerades de cacau en pols.\xa0\xa0', ""Traiem la safata amb la ganache del congelador i, amb l'ajuda d'una cullera o ganivet, hi marquem 8 porcions.\xa0\xa0"", 'Ens posem guants i agafem una de les porcions, en fem una bola i la deixem al plat amb el cacau. Fem el mateix amb la resta de les porcions.\xa0', 'Enfarinem les trufes amb el cacau en pols i les passem a una safata.\xa0', ""Acabem les trufes perfumant-les al gust. En unes hi podeu posar sal en escates; en d'altres, un polsim de ras-alhanut; en d'altres, gingebre congelat que ratllem i, a la resta, una mica de bitxo fresc que tallem a rodelles. I ja tenim les trufes especiades.\xa0""]","['Nata', 'Gingebre', 'Xocolata']"
Coca de forner,https://www.3cat.cat/tv3/cuines/recepta/coca-de-forner/39236/,37,https://img.3cat.cat/multimedia/jpg/6/1/1671541409216_326.jpg,Baixa,Més d'una hora,,"[""500 g de farina de força300 ml d'aigua12 g de llevat fresc10 g d'anís en gra10 g de salOli d'oliva suauPinyonsSucreAnís sec"", '500 g de farina de força', ""300 ml d'aigua"", '12 g de llevat fresc', ""10 g d'anís en gra"", '10 g de sal', ""Oli d'oliva suau"", 'Pinyons', 'Sucre', 'Anís sec']","['Posem en un recipient que puguem tapar un grapat de pinyons, aigua i ho hidratem tota la nit a la nevera.\xa0\xa0', ""Tamisem en un bol 500 grams de farina de força, hi afegim 150 ml d'aigua i ho integrem a mà.\xa0"", ""Hi incorporem 150 ml més d'aigua i ho seguim barrejant a mà. Un cop la farina ha absorbit tota l'aigua, fem una bola, ho tapem amb un plat o un drap humit i ho deixem reposar 30 minuts.\xa0"", 'Destapem el bol i pastem el pastó durant un minut, a mà. Ho tapem de nou i que reposi dotze minuts. Repetirem aquestes accions dues vegades més.\xa0', ""Destapem el bol de nou i hi afegim dotze grams de llevat fresc que esmicolem, deu grams d'anís en gra i deu grams de sal. Ho pastem per integrar-ho tot ben integrat.\xa0\xa0"", ""Traiem el pastó un moment del bol, pintem el bol amb oli d'oliva suau i tornem a posar-hi el pastó. Ho tapem i ho deixem fermentar durant una hora a temperatura ambient.\xa0"", ""Untem la superfície de treball amb oli i hi aboquem el pastó. El dividim en dos trossos i l'estirem amb els dits fins que tinguem una forma de coca allargada.\xa0"", ""Un cop formades, passem les dues coques a un paper sulfurat que tenim en una safata de forn, posada a l'inrevés perquè quedin ben estirades.\xa0"", 'Fiquem la safata al forn, que està apagat, i deixem que hi fermenti durant una hora.\xa0', ""Traiem les coques del forn ja fermentades i escalfem el forn a 230 graus amb una safata a la base. Mentre s'escalfa, untem les coques amb oli amb els dits i fent-hi forats.\xa0"", ""Empolsinem les coques de sucre. Colem els pinyons i els distribuïm per damunt les coques. Ho acabem amb un raig d'anís sec i més sucre.\xa0"", 'Enfornem les coques deixant-les lliscar sobre la safata que hi ha a la base del forn. Les coem dotze minuts a 230 graus. Si es volen més torrades, es fornegen un parell o tres de minuts més.\xa0', ""Traiem les coques del forn i les deixem refredar a sobre d'una reixeta. I ja les tenim a punt per menjar.\xa0""]","['Fruits secs', 'Farina de blat', ""Oli de d'oliva""]"
Patates amb botifarra i bolets,https://www.3cat.cat/tv3/cuines/recepta/patates-amb-botifarra-i-bolets/39356/,37,https://img.3cat.cat/multimedia/jpg/4/8/1673864902884_326.jpg,Baixa,Menys d'una hora,,"[""4 patates grosses Monalisa4 ous4 botifarres3 grans d'all1 pot rovellonsJulivertVinagre de pomaOli OVESal"", '4 patates grosses Monalisa', '4 ous', '4 botifarres', ""3 grans d'all"", '1 pot rovellons', 'Julivert', 'Vinagre de poma', 'Oli OVE', 'Sal', '']","['Pelem i esqueixem les patates. Les bullim dins una olla gran amb sal uns 15 minuts. Un cop bullides les deixem escórrer i les reservem.\xa0', 'En un pot amb aigua i vinagre de poma hi bullim 4 ous 10 minuts. Un cop bullits els pelem i ratllem. Els reservem en un plat.\xa0', 'En una paella amb oli hi posarem les botifarres tallades pel mig. Les courem fins que quedin daurades. Un cop cuites les reservem.\xa0', 'A la mateixa paella on hi hem cuit les botifarres, hi posem tot un pot sencer de rovellons i els saltem.\xa0\xa0', ""Mentrestant tallem a microbrunesa 3 grans d'all i piquem fulles de julivert. Ho afegim a la paella. Integrem els rovellons amb l'all i el julivert i ho reservem.\xa0"", ""En un plat fons hi posarem les patates de base, a sobre la botifarra, els saltat de rovellons i per últim l'ou ratllat per sobre.\xa0"", '\xa0', '\xa0']","['Ous', 'Patates', 'Bolets', 'Carn']"
Galetes amb te matxa i nabius,https://www.3cat.cat/tv3/cuines/recepta/galetes-amb-te-matxa-i-nabius/38936/,37,https://img.3cat.cat/multimedia/jpg/9/1/1669912600219_326.jpg,,Menys d'una hora,Sense gluten,"[""200 g de xocolata blanca80 g de farina de civada60 g de farina de cacauet40 g de mantega pomada sense sal45 g de xarop d'atzavara30 g de nabius secs3 g de te matxa1 plàtan madur1 ou"", '200 g de xocolata blanca', '80 g de farina de civada', '60 g de farina de cacauet', '40 g de mantega pomada sense sal', ""45 g de xarop d'atzavara"", '30 g de nabius secs', '3 g de te matxa', '1 plàtan madur', '1 ou']","['Comencem a fer la massa per a les galetes. Posem 80 g de civada mòlta en un bol gros. Hi afegim 60 g de farina de cacauet. Ho barregem. \xa0', 'Tallem 80 g de plàtan madur. \xa0', 'Afegim al bol el plàtan tallat i també 40 g de mantega pomada. Ho barregem de nou. \xa0', ""Batem un ou i també l'afegim al bol. També hi posem 45 g de xarop d'atzavara. Ho pastem tot durant uns 3 minuts. \xa0"", ""Fem porcions de galetes, més o menys uns 30 g cada una. Les aixafem amb el cul d'un got. Les posem totes damunt duna safata amb paper sulfurat. Enfornem 20 minuts a 180 º. \xa0"", 'Preparem la cobertura de la galeta. Posem en un bol al bany maria 200 g de xocolata blanca, que desfem.\xa0 \xa0', 'Quan la xocolata és fosa, la traiem del bany maria i hi afegim 3 g de te matxa en pols. Ho barregem bé i reservem. \xa0', 'Piquem 30 g de nabius secs i reservem. \xa0', 'Banyem mitja galeta amb la cobertura de xocolata i te matxa fins a la meitat. Ho fem amb totes les galetes. \xa0', 'Cobrim la part de xocolata de les galetes amb els nabius reservats. \xa0', 'Les deixem refredar i ja les podem menjar. \xa0']","['Xocolata blanca', 'Farina de civada', 'Mantega', 'Plàtans', 'Ous']"
Amanida de poma i sardina fumada,https://www.3cat.cat/tv3/cuines/recepta/amanida-de-poma-i-sardina-fumada/38996/,37,https://img.3cat.cat/multimedia/jpg/4/0/1670409431604_326.jpg,Baixa,Més d'una hora,,"['100 g api100 g sucre50 g de sal500 ml aigua mineral200 ml suc de llimona90 ml oli suau25 ml vinagre balsàmic de Mòdena4 sardines fumades2 pomes granny smith1 cabdell frescMostassa de DijonAlfàbregaOuLlimona', '100 g api', '100 g sucre', '50 g de sal', '500 ml aigua mineral', '200 ml suc de llimona', '90 ml oli suau', '25 ml vinagre balsàmic de Mòdena', '4 sardines fumades', '2 pomes granny smith', '1 cabdell fresc', 'Mostassa de Dijon', 'Alfàbrega', 'Ou', 'Llimona']","[""Fem un envinagrat ràpid. En un got batedor hi posarem ¿ l d'aigua mineral, 50 g de sal, 100 g de sucre, 200 ml de suc de llimona espremut i ho turbinem. \xa0"", 'Tallem dues pomes granny smith a grills sense cors ni llavors. \xa0', 'Posem els grills a dins del contingut del got batedor i ho deixarem 12 hores a la nevera. \xa0', ""Pelem els fils de 100 g d'api. Els tallem a macedònia i els posem dins d'un bol amb aigua i gel perquè s'enrampi i quedi cruixent. \xa0"", ""Escaldem un manat de fulles d'alfàbrega i de seguida les posem a dins d'un bol amb aigua i gel per tallar la cocció. Després les eixuguem i les posem a dins d'un got batedor. \xa0"", ""Afegim en el got batedor 1 ou, 15 g de mostassa de Dijon, 25 ml de vinagre balsàmic de Mòdena, unes gotes de llimona, sal, 90 ml d'oli suau i l'oli de les sardines fumades que farem servir després. Emulsionem. \xa0"", 'Ratllem a rombes 4 sardines fumades. \xa0', 'Tallem a quarts un cabdell. \xa0', ""Posem en un bol gros l'api, la poma, el cabdell i l'amanit del got batedor i ho integrem. Al final hi afegim les sardines fumades. \xa0""]","['Enciams', 'Pomes', 'Sardina', 'Alfàbrega', 'Api']"
Rosa de poma,https://www.3cat.cat/tv3/cuines/recepta/rosa-de-poma/39076/,37,https://img.3cat.cat/multimedia/jpg/1/0/1670842455901_326.jpg,Baixa,Menys d'una hora,,"[""200 g sucre600 ml d'aigua3 pomes vermellesPasta de full amb mantegaCanyella en polsSucre morè"", '200 g sucre', ""600 ml d'aigua"", '3 pomes vermelles', 'Pasta de full amb mantega', 'Canyella en pols', 'Sucre morè']","[""Comencem per fer un almívar amb 600 ml d'aigua i 200 g de sucre. Ho posarem al foc mínim i just quan arrenqui el bull ho aturarem.\xa0\xa0"", 'Pelem i tallem a quarts 3 pomes vermelles. Després les laminem amb la mandolina o un ganivet.\xa0\xa0', ""Un cop laminades, posem els trossos de poma a dins de l'almívar durant 2 minuts. Després reservem les pomes en un colador. Deixarem que l'almívar vagi reduint.\xa0\xa0"", ""Tallem una làmina de pasta de full en 6 trossos d'uns 5 cm.\xa0\xa0"", 'Empolsinem les tires amb canyella en pols i sucre morè.\xa0\xa0', ""Col·loquem a cada tira de pasta de full les làmines de poma sobreposant-les les unes per les altres. Tanquem cada tira com si fos un llibre, i després les cargolem sobre elles mateixes fent forma de rosa. Les posarem en motlles d'uns 6 cm de diàmetre.\xa0\xa0"", 'Enfornem les roses uns 25 minuts a 180º.\xa0\xa0', ""Un cop desenfornades, pintem les roses amb l'almívar reduït i ja estan llestes per servir.\xa0\xa0""]","['Pomes', 'Canyella', 'Sucre']"
Pasta amb mantega noisette,https://www.3cat.cat/tv3/cuines/recepta/pasta-amb-mantega-noisette/39396/,37,https://img.3cat.cat/multimedia/jpg/6/3/1673874749636_326.jpg,Baixa,Menys de 30 minuts,,"['500 g de tallarines fresques100 g de mantega sense sal110 g de formatge grana padanoCibuletSal', '500 g de tallarines fresques', '100 g de mantega sense sal', '110 g de formatge grana padano', 'Cibulet', 'Sal']","['Posem a bullir una olla amb aigua. Mentre arrenca a bullir, fem la mantega noisette posant la paella al foc amb 100 g de mantega sense sal. Desfem i torrem la mantega a foc mitjà durant uns sis minuts. Un cop torrada, apaguem el foc i ho reservem dins la paella mateix.\xa0', ""Quan l'aigua de l'olla bull, hi afegim un polsim de sal i 500 g de tallarines fresques. La bullim tres minuts o el temps que indiqui el fabricant al paquet.\xa0"", 'Mentre la pasta bull, ratllem 110 g de formatge grana padano i el reservem.\xa0', ""Escalfem de nou la paella on tenim la mantega i hi anem abocant la pasta ja cuita amb l'ajuda d'una cullera per a pasta.\xa0\xa0"", ""Hi afegim la majoria del formatge ratllat i ho integrem. Si veiem que costa, hi afegim algunes cullerades de l'aigua de cocció fins que ens quedi cremós.\xa0"", 'Apaguem el foc i ho servim, acabant-ho amb una mica més de formatge ratllat, una mica de pebre negre i cibulet picat. I ja tenim fet el plat.\xa0']","['Espaguetis', 'Mantega', 'Formatge']"
Espaguetis amb formatge i nous,https://www.3cat.cat/tv3/cuines/recepta/espaguetis-amb-formatge-i-nous/39156/,37,https://img.3cat.cat/multimedia/jpg/5/1/1671108727515_326.jpg,Baixa,Més d'una hora,,"['350 g espaguetis200 g crème frâiche125 g formatge blau gorgonzola100 g nous pelades70 g grana padano25 ml conyac2 ous1 tomàquetLlorerFarigolaCua de ceba tendraOli OVEPebre negreSal', '350 g espaguetis', '200 g crème frâiche', '125 g formatge blau gorgonzola', '100 g nous pelades', '70 g grana padano', '25 ml conyac', '2 ous', '1 tomàquet', 'Llorer', 'Farigola', 'Cua de ceba tendra', 'Oli OVE', 'Pebre negre', 'Sal']","[""Posem a escalfar tres litres i mig d'aigua. Mentrestant posem en una cassola ampla 200 g de crème fraîche amb una fulla de llorer i l'escalfem a foc fluix.\xa0"", ""Quan la crème fraîche té la textura d'un iogurt bastant líquid, hi afegim 125 g de formatge blau gorgonzola i el desfem.\xa0"", ""Un cop el formatge està desfet traiem la fulla de llorer de la cassola. Hi aboquem 25 ml de conyac i deixem que evapori l'alcohol. Retirem un moment del foc.\xa0"", ""Fem un tomàquet concassé pelant-lo, traient-li les llavors i tallant-lo a daus petits. El reservem amb un raig d'oli OVE, sal i pebre negre.\xa0"", ""Quan l'aigua està a punt de bullir hi afegim un grapat de sal.\xa0"", ""Separem clares i rovells de dos ous. Posem els rovells en un recipient amb una salmorra feta amb 200 ml d'aigua i 20 g de sal. Curem els rovells amb la salmorra durant 5 minuts. Les clares les guardem en un altre recipient a la nevera.\xa0"", ""Bullim 350 g d'espaguetis un minut menys del que indica el fabricant al paquet.\xa0\xa0"", 'Acabem la salsa traient els rovells de la salmorra i afegint-los a la cassola. Remenem per integrar bé els rovells a la salsa a foc molt baix.\xa0', ""Un cop la pasta està cuita la traiem de l'olla amb una cullera i la passem directament a la cassola amb la salsa. Remenem per integrar-ho bé afegint-hi, si cal, una o dues cullerades de l'aigua de cocció de la pasta.\xa0"", 'Traiem la cassola del foc i hi afegim el tomàquet. Ho integrem i hi afegim 100 g de nous pelades, que trenquem una mica amb les mans. Un cop integrat acabem el plat amb unes rodelles de ceba tendra.\xa0', ""Servim el plat de pasta acompanyant-lo d'una mica de formatge grana padano ratllat i unes fulles de farigola fresca.\xa0""]","['Formatge', 'Espaguetis', 'Nous']"
Rösti,https://www.3cat.cat/tv3/cuines/recepta/rosti/39317/,37,https://img.3cat.cat/multimedia/jpg/7/1/1673542149317_326.jpg,Baixa,Menys de 30 minuts,,"['3 patates monalisa8 cirerolsFormatge brieSalmó fumatNou moscadaMantegaFarigolaPebreSal', '3 patates monalisa', '8 cirerols', 'Formatge brie', 'Salmó fumat', 'Nou moscada', 'Mantega', 'Farigola', 'Pebre']","['Pelem i ratllem 3 patates monalisa. Les amanim amb pebre, sal i nou moscada, i ho barregem bé.', ""Posem la barreja a dins d'un drap i el premem bé perquè deixin anar tota l'aigua. Com més el premem, més cruixent ens quedarà el rösti."", ""Com que fem röstis individuals, posem una mica de mantega en una paella i hi posem una part de la nostra barreja. Fem una capa ben fina i l'aplanem bé a mesura que la coem, per aconseguir que quedi ben cruixent. La courem uns sis minuts per banda. Repetirem l'operació amb la resta de röstis que fem."", 'Els emplatem amb una mica de salmó fumat, cirerols i formatge brie tallats al nostre gust. Ho acabem amb una mica de farigola.']","['Salmó', 'Patates', 'Tomàquets']"
Coleslaw,https://www.3cat.cat/tv3/cuines/recepta/coleslaw/38956/,39,https://img.3cat.cat/multimedia/jpg/6/6/1670260178766_326.jpg,Baixa,Menys de 30 minuts,Vegetariana,"[""1/2 col d'hivern2 pastanagues1 ceba de Figueres1 llimona16 nous1 ouMostassa de DijonSalsa PerrinsCoriandreOli d'oliva verge extraSal"", ""1/2 col d'hivern"", '2 pastanagues', '1 ceba de Figueres', '1 llimona', '16 nous', '1 ou', 'Mostassa de Dijon', 'Salsa Perrins', 'Coriandre', ""Oli d'oliva verge extra"", 'Sal']","['Tallem la col i la ceba, a una juliana molt fina.\xa0', 'Ratllem les\xa0pastanagues. \xa0', ""Fem una maionesa posant, en un got batedor, un ou, un polsim de sal i unes gotes de llimona. Hi aboquem\xa0oli d'oliva verge extra, fins que cobreixi l'ou\xa0dos dits per sobre. L'emulsionem i l'afegim al bol, on haurem posat tots els vegetals tallats. Ho integrem bé.\xa0"", 'Hi afegim salsa Perrins, suc de llimona i\xa0mostassa\xa0al vostre gust.', ""L'emplatem amb unes nous i una mica de coriandre per damunt.\xa0"", '\xa0']","['Col', 'Ous', 'Pastanagues', 'Llimona', 'Nous', 'Ceba']"
Biquini amb tomàquets,https://www.3cat.cat/tv3/cuines/recepta/biquini-amb-tomaquets/38156/,39,https://img.3cat.cat/multimedia/jpg/6/3/1666954084736_326.jpg,Baixa,Més d'una hora,,"['250 g mantega150 g ametlles torrades salades i pelades100 g formatge curat40 g mantega ghee (feta amb els 250 g de mantega)10 g xocolata amb llet6 tomàquets confitats en oli4 pans ""mollete""1 bola mozzarella1 cabeça d\'allsMel de romaníRomaní frescRucaFlor de salPebre negreSal gruixudaOli OVE', '250 g mantega', '150 g ametlles torrades salades i pelades', '100 g formatge curat', '40 g mantega ghee (feta amb els 250 g de mantega)', '10 g xocolata amb llet', '6 tomàquets confitats en oli', '4 pans ""mollete""', '1 bola mozzarella', ""1 cabeça d'alls"", 'Mel de romaní', 'Romaní fresc', 'Ruca', 'Flor de sal', 'Pebre negre', 'Sal gruixuda', 'Oli OVE']","[""Farem un praliné per untar el pa. Començarem per escalivar una cabeça d'alls (en reservem un gra). El courem al forn 30 minuts, a 180 graus, sobre una base de sal gruixuda.\xa0\xa0"", ""En un pot mitjà hi posem 250 g de mantega que escalfem i desfem a foc fluix fins que se'n separi la proteïna. Un cop desfeta, en decantem 40 ml, que és el que necessitarem.\xa0\xa0"", ""Amb l'ajuda d'un braç elèctric triturem dins d'un pot 150 g d'ametlles torrades salades i pelades i el ghee. Ho triturem tot fins a obtenir una textura de pasta. Després hi afegim 1 cullerada de mel de romaní, 10 g de xocolata amb llet i els alls que teníem escalivats sense pell. Turbinem i ho reservem en un biberó.\xa0\xa0"", 'Escorrem 1 bola de mozzarella i la tallem a llesques. Tallem també 100 g de formatge curat.\xa0\xa0', 'Escalfem una sandvitxera i, mentrestant, tallem pel mig 1 pa tipus ""mollete"". \xa0\xa0', 'Escorrem 6 tomàquets confitats en oli. \xa0\xa0', ""Farcim el mollete amb els tomàquets confitats, les llesques de formatge curat, les llesques de mozzarella, fulles de ruca, pebre negre i flor de sal. Per sobre hi afegim el praliné d'ametlles que teníem al biberó.\xa0\xa0"", 'Posem el biquini a la sandvitxera i el planxem.\xa0\xa0']","['Mantega', 'Tomàquets', 'All', 'Xocolata', 'Formatge']"
Pinya rostida amb beixamel de coco,https://www.3cat.cat/tv3/cuines/recepta/pinya-rostida-amb-beixamel-de-coco/38316/,39,https://img.3cat.cat/multimedia/jpg/6/4/1669453225146_326.jpg,Baixa,Més d'una hora,,"['Per a la pinya:1\xa0pinya madura petita150 g sucre morè1 l aigua40 ml rom anyencAnís en graMantegaPer a la beixamel:50 g sucre morè35 g farina fluixa30 g mantega amb sal250 ml llet de cocoMitja\xa0branca de canyellaEmplatat:Alfàbrega frescaAmetlla laminada ja torradaSucre blanc', 'Per a la pinya:', '1\xa0pinya madura petita', '150 g sucre morè', '1 l aigua', '40 ml rom anyenc', 'Anís en gra', 'Mantega', '', 'Per a la beixamel:', '50 g sucre morè', '35 g farina fluixa', '30 g mantega amb sal', '250 ml llet de coco', 'Mitja\xa0branca de canyella', '', 'Emplatat:', 'Alfàbrega fresca', 'Ametlla laminada ja torrada', 'Sucre blanc']","[""Posarem un pot al foc amb un raig d'aigua (del litre que tenim mesurat i que necessitarem més tard), 150 g de sucre morè i anís en gra. Ho escalfem fins que el sucre es dissolgui."", ""Quan ja estigui fos, posarem el líquid en una carmanyola de vidre juntament amb la resta del litre d'aigua i 40 ml de rom."", 'Pelarem la pinya, li traurem la part estellosa i la tallarem en quatre rodelles amb un forat al mig que submergirem a dins la carmanyola durant 1 hora.', 'Per fer la beixamel, posarem al foc 250 ml de llet de coco, mitja\xa0branca de canyella i 50 g de sucre morè que escalfarem.', ""Per fer el roux, posarem en un altre pot 30 g de mantega que desfem. Després hi afegim 35 g de farina i la barregem fins que s'enrosseixi."", 'Un cop està enrossida, colarem damunt del pot amb el roux la barreja de la llet de coco escalfada i ho integrem fins que agafi la textura de beixamel. \xa0Després la posem en una mànega pastissera.', ""Per rostir la pinya, posarem mantega a una paella i la desfem. Traurem de la carmanyola la pinya i l'eixuguem amb paper absorbent. La marquem a la paella a banda i banda, uns 10 minuts per cada una."", 'Emplatarem posant la rodella de pinya, la beixamel per sobre i sucre blanc. Amb un bufador ho cremem.', ""Per últim, hi posem ametlla laminada torrada i fulles d'alfàbrega fresca per sobre.""]","['Pinya', 'Farina de blat', 'Mantega', 'Sucre', 'Canyella']"
Arròs amb rogers i salsa remolada,https://www.3cat.cat/tv3/cuines/recepta/arros-amb-rogers-i-salsa-remolada/38536/,39,https://img.3cat.cat/multimedia/jpg/0/4/1667551770040_326.jpg,Baixa,Més d'una hora,,"[""400 g d'arròs marisma1 litre d'aigua4 llagostins2 rogers d'uns 250 g2 alls2 tomàquets de penjar2 filets d'anxova en conserva d'oli3 ous1 porro1 pastanaga1 tija de julivert1 tija de farigola1 cullerada de colatura d'anxova1 escalunya1 cullerada tàperes en conservaMig cogombret agredolç gros, en conservaVi ranciPebreSalEstragóCerfullOli oveVinagre chardonnaySafrà"", ""400 g d'arròs marisma"", ""1 litre d'aigua"", '4 llagostins', ""2 rogers d'uns 250 g"", '2 alls', '2 tomàquets de penjar', ""2 filets d'anxova en conserva d'oli"", '3 ous', '1 porro', '1 pastanaga', '1 tija de julivert', '1 tija de farigola', ""1 cullerada de colatura d'anxova"", '1 escalunya', '1 cullerada tàperes en conserva', 'Mig cogombret agredolç gros, en conserva', 'Vi ranci', 'Pebre', 'Sal', 'Estragó', 'Cerfull', 'Oli ove', 'Vinagre chardonnay', 'Safrà']","[""Farem un bany de sal a 2 rogers, posant 35 g de sal per litre d'aigua durant 15 minuts. Després en traurem les espines i les posarem en una safata al forn junt amb els caps de 4 llagostins. Ho torrarem 10 minuts a 200º. Els filets de roger els reservem.\xa0"", 'Farem el fumet amb les espines de roger i els caps dels llagostins, 1 porro, 1 pastanaga i aigua que cobreixi. Bullirem suaument durant 25 minuts i després ho deixarem reposar 2 hores.\xa0', ""En una cassola hi posem oli d'oliva i 2 alls que enrossim. Després hi afegim 2 tomacons ratllats.\xa0"", 'Tot seguit també hi posem 1 tija de julivert i 1 tija de farigola i ho courem tot fins que es comenci a agafar.\xa0', 'Abocarem un raig de vi ranci i ofeguem.\xa0', ""Quan l'alcohol s'ha evaporat, hi afegim 400 g d'arròs marisma i uns brins de safrà. Perlem l'arròs.\xa0"", 'Quan estigui perlat hi afegim una cullerada de colatura i ho integrem.\xa0', ""A continuació, afegim 950 ml del fumet que ha de ser calent i ha d'estar colat. Coem sense remenar durant 12 minuts.\xa0"", ""Mentrestant farem la remolada. En un got batedor hi posem julivert, mig cogombret agredolç gros, 1 cullerada de tàperes en conserva, 1 escalunya, estragó, cerfull, 2 filets d'anxova en conserva d'oli, 2 rovells d'ou dur, 100 ml d'oli d'oliva, 1 ou cru, un raig de vinagre chardonnay, sal i pebre. Ho turbinem i ho passem a un biberó.\xa0"", ""Després de 12 minuts, enfornem l'arròs dos minuts a 250º.\xa0"", ""Tallarem a papallona els 4 cossos dels llagostins i també tindrem preparats els 2 filets de roger. Els posarem sobre l'arròs i hi donarem 2 minuts més de cocció. Un cop hagin passat, traurem la cassola del forn, la taparem amb un drap i deixarem que reposi 2 minuts.\xa0"", 'Hi afegim punts de salsa remolada amb el biberó, pebre, oli i unes fulles de cerfull.\xa0']","['Llagostí', 'Peix blanc', 'Arròs i cereals']"
Pastissets amb crumble i nabius,https://www.3cat.cat/tv3/cuines/recepta/pastissets-amb-crumble-i-nabius/38297/,39,https://img.3cat.cat/multimedia/png/6/6/1668800623466_326.png,Baixa,Més d'una hora,,"['Per als pastissets70 g sucre blanc60 g mantega40 g ametlla mòlta20 g farina de blat fluixa20 g farina de civada15 g mel2 ousSalPer al crumble:60 g farina de blat fluixa50 g mantega amb sal50 g ametlla mòlta50 g sucre morè40 g nabius secs15 g festucs pelats crus sense sal', 'Per als pastissets', '70 g sucre blanc', '60 g mantega', '40 g ametlla mòlta', '20 g farina de blat fluixa', '20 g farina de civada', '15 g mel', '2 ous', 'Sal', '', 'Per al crumble:', '60 g farina de blat fluixa', '50 g mantega amb sal', '50 g ametlla mòlta', '50 g sucre morè', '40 g nabius secs', '15 g festucs pelats crus sense sal', '', '', '']","[""Començarem per preparar el crumble. En un bol hi posarem 50 g de mantega pomada amb sal, 60 g de farina de blat fluixa, 50 g d'ametlla mòlta i 50 g de sucre morè. Ho barregem. Un cop ben barrejat, ho aboquem sobre un full de paper sulfurat i l'emboliquem com si fos una botifarra. La portarem 1 hora al congelador.\xa0"", 'Preparem la mantega noisette, que ens servirà per fer la massa dels pastissets. Posem al foc 60 g de mantega i deixem que es cogui a poc a poc fins a caramel·litzar.\xa0', 'Semimuntem 2 clares amb un pessic de sal.\xa0', ""Tamisem en un bol 20 g de farina de blat fluix i 20 g de farina de civada. Després hi afegim 40 g d'ametlla en pols, 70 g de sucre blanc i 15 g de mel. Ho integrem i ho afegim al bol on teníem la mantega noisette. Ho integrem de nou.\xa0"", 'Hi afegim a poc a poc les clares semimuntades amb cura. Reservarem el bol 1 hora a la nevera i després ho passarem a una mànega amb un broquet.\xa0', 'Necessitem 2 planxes de silicona amb motlles en format de lingot 8x3 (podríem fer servir un motlle similar). Passarem al motlle la massa dels pastissets amb la mànega fins a la meitat de la seva capacitat.\xa0', 'Preparem la guarnició de nabius i festucs. Tallem i reservem nabius secs i festucs pelats crus sense sal.\xa0', 'Anem al congelador i agafem el paquet amb el crumble que ratllarem per sobre la massa dels pastissets. Després hi afegim els nabius i els festucs tallats.\xa0', 'Ho portem al forn 13 minuts a 190 º. Ho deixem refredar abans de menjar.\xa0']","['Mantega', 'Farina de blat', 'Farina de civada', 'Mel', 'Festucs', 'Ametlles']"
Brioix amb plàtan i cremós de torró,https://www.3cat.cat/tv3/cuines/recepta/brioix-amb-platan-i-cremos-de-torro/38676/,39,https://img.3cat.cat/multimedia/jpg/1/2/1668169196021_326.jpg,Baixa,Menys d'una hora,,"[""300 g torró tou d'ametlla100 g mel de romaní100 g pernil ibèric80 ml aigua4 brioixos2 plàtans mascles1 llimaMantegaOli OVESal"", ""300 g torró tou d'ametlla"", '100 g mel de romaní', '100 g pernil ibèric', '80 ml aigua', '4 brioixos', '2 plàtans mascles', '1 llima', 'Mantega', 'Oli OVE', 'Sal']","[""Trossegem 300 g de torró tou d'ametlla\xa0i el fiquem al got batedor juntament amb un raig de suc de llima, 100 g de mel de romaní i 80 ml d'aigua. Ho batem i ho passem a un biberó.\xa0"", ""Posem abundant oli OVE en una cassola fonda i encenem el foc. Quan l'oli és calent hi posem 2 plàtans mascles tallats en tires ben primes. Fregim i reservem els plàtans en paper absorbent. Després els traiem del paper i els salem.\xa0"", ""Posem una paella al foc i hi afegim una nou de mantega. Tallem un brioix per la meitat, i quan la mantega s'hagi fos enrossim el brioix per les quatre bandes. \xa0"", ""Muntem l'entrepà posant dins el brioix el cremós de torró, les tires de plàtan i, finalment, 100 g de pernil ibèric. \xa0""]","['Plàtans', 'Mel', 'Llima', 'Porc']"
Cremós de llimona,https://www.3cat.cat/tv3/cuines/recepta/cremos-de-llimona/38877/,39,https://img.3cat.cat/multimedia/jpg/0/3/1669033019130_326.jpg,Baixa,Menys d'una hora,,"['350 ml nata 35% MG100 g sucre de llustre1 llimona1 llimaVi blanc sec', '350 ml nata 35% MG', '100 g sucre de llustre', '1 llimona', '1 llima', 'Vi blanc sec']","['Semimuntem 350 ml de nata del 35% de matèria grassa que traiem de la nevera. A la nevera hem refredat també el bol on les muntarem.\xa0', ""Un cop la nata està semimuntada, hi afegim 100 g de sucre de llustre i l'acabem de muntar. Hem de vigilar de no passar-nos perquè es podria tallar.\xa0"", 'A la nata muntada, hi afegim el suc de mitja llimona grossa. Si la llimona és petita, hi posem el suc de la llimona sencera. Ho integrem una mica i hi afegim un raig de vi blanc sec.\xa0 Ho integrem de nou.\xa0', 'Servim posant el cremós als gots de presentació i ho acabem amb ratlladura de llima per sobre.\xa0']","['Sucre', 'Nata', 'Llimona']"
Coca de xocolata i sal,https://www.3cat.cat/tv3/cuines/recepta/coca-de-xocolata-i-sal/38656/,39,https://img.3cat.cat/multimedia/jpg/6/9/1668081133896_326.jpg,Baixa,Menys d'una hora,,"['170 g farina de força60 ml aigua13 g llevat fresc10 g sucre1 taronjaXocolata a la pedra 60%Flor de salLlardOli OVEPer fer el preferment:150 g farina de força150 ml aigua2 g llevat fresc', '170 g farina de força', '60 ml aigua', '13 g llevat fresc', '10 g sucre', '1 taronja', 'Xocolata a la pedra 60%', 'Flor de sal', 'Llard', 'Oli OVE', 'Per fer el preferment:', '150 g farina de força', '150 ml aigua', '2 g llevat fresc', '']","[""Per fer el preferment, barregem 150 ml d'aigua, 150 g de farina de força que tamisarem, i 2 g de llevat fresc. Ho deixem tota la nit, ben tapat, a la nevera.\xa0"", ""Per fer el pastó de la coca, posem en un bol el preferment, 170 g de farina de força que tamisem, 13 g de llevat fresc, 10 g de sucre i 60 ml d'aigua que haurem escalfat a 40º. Ho pastem durant uns 15', seguint una pauta de 2' de pastat i 3 de repòs. A mig pastat hi afegirem un polsim de sal.\xa0"", ""Hi afegim 1 cullerada de llard de porc, així com la ratlladura de pell d'una taronja. Ho tornem a pastar fins que quedi ben integrat.\xa0"", ""Ho posem en un bol, ho pintem amb oli d'oliva extra verge, ho tapem amb un drap humit i ho deixem reposar 1 h.\xa0"", ""Hi afegirem xocolata a la pedra ratllada 60% i ho pastem amb les mans perquè els bocins s'integrin bé al pastó.\xa0"", ""Pintem el fons d'un motlle d'acer inoxidable (les mides del motlle són 27x27x3) i hi estirem el pastó. Ho deixem reposar a dins del forn, apagat, on hi haurem deixat un pot amb aigua calenta, fins que dupliqui de mida.\xa0\xa0"", 'Ho pintem amb llard de porc que haurem desfet. Hi afegim flor de sal, i ho enfornarem 25 minuts a 200º.\xa0', ""La deixem refredar damunt d'una reixeta perquè no se'ns humitegi un cop treta del forn.\xa0""]","['Xocolata', 'Farina', 'Sucre', 'Llevat', 'Taronja']"
Truita gratinada,https://www.3cat.cat/tv3/cuines/recepta/truita-gratinada/38756/,39,https://img.3cat.cat/multimedia/jpg/7/7/1669309251977_326.jpg,Baixa,Menys de 30 minuts,,"['4 patates agra5 ous100 g de formatge semicurat70 g de formatge blauOrenga secaOli OVESal', '4 patates agra', '5 ous', '100 g de formatge semicurat', '70 g de formatge blau', 'Orenga seca', 'Oli OVE', 'Sal']","[""Pelem i esqueixem les patates finament. Les fregim en una paella amb bastant d'oli calent, fins que ens quedin cruixents. Les reservem en paper absorbent per evitar un excés d'oli."", 'Batem cinc ous i hi barregem les patates fregides amb un polsim de sal .', 'Aboquem la nostra barreja a una safata untada amb oli. Hi afegim formatge curat i ratllat, juntament amb formatge blau esbocinat, de manera que ens quedi tota la safata coberta.', ""Ho amanim amb un raig d'oli i orenga, i ho gratinem 15' a 180º.""]","['Formatge', 'Ous', 'Patates']"
Peus de porc amb nous,https://www.3cat.cat/tv3/cuines/recepta/peus-de-porc-amb-nous/38696/,39,https://img.3cat.cat/multimedia/jpg/1/7/1668103329771_326.jpg,Baixa,Més d'una hora,,"['4 peus de porc3 l brou de porc400 g sofregit de ceba6 tomacons6 nousPebre vermell fumat dolçXocolata del 70%Nou moscadaAnís estrellatBitxo frescPa torratGingebreCanyellaPinyonsJulivertRatafiaLlorerPebreSal', '4 peus de porc', '3 l brou de porc', '400 g sofregit de ceba', '6 tomacons', '6 nous', 'Pebre vermell fumat dolç', 'Xocolata del 70%', 'Nou moscada', 'Anís estrellat', 'Bitxo fresc', 'Pa torrat', 'Gingebre', 'Canyella', 'Pinyons', 'Julivert', 'Ratafia', 'Llorer', 'Pebre', 'Sal']","[""Blanquegem els peus de porc (millor si podeu triar peus de la part de davant): els socarrimem i els posem en aigua i una fulla de llorer. Quan arrenqui el bull, ja podem descartar l'aigua i repetim l'operació amb aigua nova. Quan torna a arrencar el bull, els colem i ja els tindrem blanquejats."", 'Escalfem el sofregit de ceba que ja tenim fet. Hi afegim els tomacons que ratllarem.', 'Quan els tomacons perden color, hi afegim les espècies: un anís estrellat, mig canonet de canyella, nou moscada, dos bitxos frescos, llorer, una cullerada de pebre vermell fumat dolç i ho ofeguem amb un bon raig de ratafia.', 'Hi afegim dues pastilles de xocolata del 70% i deixem que es desfaci.', 'Hi incorporem els peus, amb la part de la pell que quedi a la part de dalt, i hi aboquem el brou de porc, que ja tindrem calent. Ho mig tapem, ho deixem amb el foc al mínim i que faci xup-xup durant tres hores. Fem una picada amb nous, julivert, pinyons, pa torrat, pebre, sal, i ho piquem a mitja finor.', ""Ho incorporem a la cassola i, com tot guisat, millora d'un dia per l'altre."", 'Ho emplatem amb una mica de gingebre, que ratllem al moment.']","['Nous', 'Ceba', 'Porc']"
Crema de cafè,https://www.3cat.cat/tv3/cuines/recepta/crema-de-cafe/38636/,39,https://img.3cat.cat/multimedia/jpg/9/7/1668102358479_326.jpg,Baixa,Menys de 10 minuts,Vegetariana,"['300 ml nata del 35%70 ml cafè40 g sucre llustreBocins de xocolata', '300 ml nata del 35%', '70 ml cafè', '40 g sucre llustre', 'Bocins de xocolata']","['Posem la nata, freda, en un bol també fred. Ho mig muntem amb varetes elèctriques, començant a velocitat baixa.', ""A mig muntar, hi afegim de mica en mica el sucre llustre, fins que agafi una mica de consistència. Hi afegim llavors el cafè fred, i continuem muntant fins que tingui fermesa. Cal vigilar i aturar-nos quan ha agafat cos: si ens passem, se'ns podria tallar i convertir-se en mantega."", 'Ho emplatem amb bocins de xocolata per damunt.']","['Sucre', 'Nata']"
Pastisset japonès de pistatxo,https://www.3cat.cat/tv3/cuines/recepta/pastisset-japones-de-pistatxo/38576/,39,https://img.3cat.cat/multimedia/jpg/7/8/1668505244987_326.jpg,Baixa,Més d'una hora,,"[""Per a la massa250 g farina d'arròs100 g de sucre400 ml d'aigua3 g te matxaMidó de blat de moro"", 'Per a la massa', ""250 g farina d'arròs"", '100 g de sucre', ""400 ml d'aigua"", '3 g te matxa', 'Midó de blat de moro', '', ""Per al farcit:85 g xocolata blanca25 g pistatxos crus165 ml de nata per muntar25 ml llet1 cullerada d'oli"", '85 g xocolata blanca', '25 g pistatxos crus', '165 ml de nata per muntar', '25 ml llet', ""1 cullerada d'oli""]","[""Comencem preparant la massa del pastisset. Posem en un bol 250 g de farina d'arròs i 3 g de te matxa i ho barregem. Després hi afegim 400 ml d'aigua tèbia i ho tornem a barrejar fins a integrar-ho tot.\xa0"", 'Posem la massa en un bol al bany maria. Ho cobrim amb un drap i ho deixem reposar a foc mínim durant 20 minuts.\xa0', ""Un cop cuit, ho traiem i hi afegim 100 g de sucre que integrem amb l'ajuda d'una llengua.\xa0"", ""En una picadora hi posem 25 g de pistatxos que hem deixat hidratant tota la nit i una cullerada d'oli. Ho piquem amb el braç elèctric.\xa0"", 'A la barreja hi afegim 85 g de xocolata blanca i 25 ml de llet. Ho barregem fins a obtenir una textura de praliné.\xa0', ""Muntem 165 ml de nata 35% dins d'un bol fred perquè ens pugi. A mig fer, hi incorporem amb moviments suaus el praliné de pistatxo. Ho posem dins una mànega pastissera.\xa0"", ""Posem la crema en motlles d'uns 5 cm en forma de semiesfera i ho duem al congelador 30 minuts.\xa0"", ""Mentrestant estirem la massa del pastisset. Preparem un paper sulfurat i al damunt i tirem midó de blat de moro. Un cop l'hi tenim, hi posem la massa, que estirarem amb l'ajuda d'un corró. Un cop ben estirada, tallarem rodones d'uns 8 cm amb l'ajuda d'un tallapastes.\xa0"", 'Agafem del congelador el praliné i omplim cada rodona amb una porció. Ho tanquem fent forma de bola. \xa0', ""Emplatem un cop reposats perquè l'interior estigui fred però no congelat.\xa0""]","['Nata', 'Farina', 'Xocolata blanca', 'Festucs', 'Llet']"
Pollastre amb salsa d'escabetx,https://www.3cat.cat/tv3/cuines/recepta/pollastre-amb-salsa-descabetx/38876/,39,https://img.3cat.cat/multimedia/jpg/9/8/1669032691989_326.jpg,Baixa,Menys d'una hora,,"[""2 pits de pollastre300 ml d'oli OVE150 ml de vinagre12 prunes seques sense pinyol1 pastanaga1 ceba de Figueres3 grans d'all1 llimona1 fulla de llorerFarigola en brancaPebreSal"", '2 pits de pollastre', ""300 ml d'oli OVE"", '150 ml de vinagre', '12 prunes seques sense pinyol', '1 pastanaga', '1 ceba de Figueres', ""3 grans d'all"", '1 llimona', '1 fulla de llorer', 'Farigola en branca', 'Pebre', 'Sal']","[""Pelem i tallem a rodelles una pastanaga. Tallem a rodelles una ceba de Figueres i laminem 3 grans d'all.\xa0"", ""Posem una cassola al foc i hi aboquem les verdures tallades. Afegim 300 ml d'oli OVE, 150 ml de vinagre, una fulla de llorer, farigola fresca, pebre negre molt i 12 prunes seques sense pinyol. Encenem el foc i coem uns 20 minuts a potència mitjana vint minuts.\xa0"", ""Tallem pel mig 2 pits de pollastre i en fem tires d'un dit de gruix. Les salpebrem i reservem.\xa0"", ""Escalfem una paella amb un raig d'oli OVE i saltem el pollastre. Un cop saltat, el reservem a la paella mateix.\xa0"", ""Apaguem el foc de l'escabetx. Traiem el llorer i la farigola. Traiem també les prunes de la cassola i les reservem en un plat.\xa0"", ""Aboquem l'escabetx a un got batedor i ho turbinem fins a tenir textura de salsa.\xa0\xa0"", 'Colem la salsa en un bol i la reservem.\xa0', 'Servim posant tires de pollastre en un plat, napem amb la salsa i acabem amb les prunes reservades i unes gotes de suc de llimona.\xa0']","['Pomes', 'Pollastre', 'Pastanagues']"
Pasta amb musclos,https://www.3cat.cat/tv3/cuines/recepta/pasta-amb-musclos/38736/,39,https://img.3cat.cat/multimedia/jpg/1/7/1668422333071_326.jpg,Baixa,Menys de 10 minuts,,"[""500 g de tallarines fresques500 g de musclos2 grans d'allBitxo secJulivertLlorerCavaOli OVESal"", '500 g de tallarines fresques', '500 g de musclos', ""2 grans d'all"", 'Bitxo sec', 'Julivert', 'Llorer', 'Cava', 'Oli OVE', 'Sal']","[""Laminem dos grans d'all i els fem ballar en una cassola, juntament amb un raig d'oli i una mica de bitxo sec."", ""Quan veiem que agafen color, hi aboquem un raig de cava i deixem que l'alcohol se n'evapori."", ""Hi afegim una fulla de llorer i els musclos. Ho tapem i els hi deixem coure uns tres minuts, fins que els musclos s'obrin. Un cop s'hagin obert, els traiem.\xa0"", 'A la mateixa cassola, hi posem les tallarines. Si veiem que ens hi faltarà líquid, hi afegim aigua. Les coem amb la cassola tapada.', 'Un cop cuites, tornem a posar a la cassola els musclos que havíem reservat i que haurem tret de la closca. Ho integrem i ja ho podem emplatar amb una mica de julivert tallat menut.']","['Tallarines', 'Bitxo', 'Musclos', 'All']"
Crema de portobel·los,https://www.3cat.cat/tv3/cuines/recepta/crema-de-portobellos/38916/,39,https://img.3cat.cat/multimedia/jpg/2/2/1669048727222_326.jpg,Baixa,Menys d'una hora,,"[""200 g de patata monalisa600 g de portobel·losAmetlla crua laminadaFarigola1 cabeça d'allsPebre negre1,1 l de brou de gallinaSal grossa30 g de crostonets de paVi ranciSalOli OVE"", '200 g de patata monalisa', '600 g de portobel·los', 'Ametlla crua laminada', 'Farigola', ""1 cabeça d'alls"", 'Pebre negre', '1,1 l de brou de gallina', 'Sal grossa', '30 g de crostonets de pa', 'Vi ranci', 'Sal']","[""Posem una capa de sal grossa en una safata de forn i tres patates monalisa (uns 200 g aproximadament), netes amb la pela. Hi posem una cabeça d'alls i ho cobrim tot amb més sal grossa."", ""Ho fiquem al forn 35' a 200º."", ""Quan les patates s'hagin refredat una mica, les desenterrem de la sal i les pelem."", 'Les ratllem a mà amb un ratllador fi.', 'Tallem a mida macedònia 600 g de bolets portobel·lo.', ""Posem una paella grossa al foc, hi posem un raig d'oli OVE i els bolets. Hi afegim farigola, sal i pebre negre."", ""Quan els bolets ja siguin una mica cuits, n'aixequem els sucres amb un raig de vi ranci que tirem a la paella."", ""Deixem que se n'evapori l'alcohol."", ""Reservem una part dels bolets, que ens servirà per decorar la crema a l'hora de servir-la."", 'Escalfem 1,100 ml de brou de gallina. No cal que bulli.', ""Posem a un got americà la patata ratllada, els bolets portobel·lo de la paella, 25 g de crostonets de pa i el brou de gallina calent. Hi afegim la polpa d'all que hem fet a la sal, sal, pebre i un raig d'oli."", 'Ho triturem tot fins que tingui la textura de crema.', ""Emplatem la crema i la servim amb els portobel·los reservats per sobre, una mica d'ametlla crua laminada i un raig d'oli OVE.""]","['Bolets', 'Patates', 'Ametlles', 'Farigola', 'All']"
